ISO-10303-21;
HEADER;
/* Generated by software containing ST-Developer
 * from STEP Tools, Inc. (www.steptools.com) 
 */

FILE_DESCRIPTION(
/* description */ (''),
/* implementation_level */ '2;1');

FILE_NAME(
/* name */ 'Case.step',
/* time_stamp */ '2026-05-26T09:20:00+08:00',
/* author */ (''),
/* organization */ (''),
/* preprocessor_version */ 'ST-DEVELOPER v20.1',
/* originating_system */ 'Autodesk Translation Framework v15.8.0.0',
/* authorisation */ '');

FILE_SCHEMA (('AUTOMOTIVE_DESIGN { 1 0 10303 214 3 1 1 }'));
ENDSEC;

DATA;
#10=MECHANICAL_DESIGN_GEOMETRIC_PRESENTATION_REPRESENTATION('',(#23,#24),
#2756);
#11=ITEM_DEFINED_TRANSFORMATION($,$,#1623,#1794);
#12=ITEM_DEFINED_TRANSFORMATION($,$,#1773,#1795);
#13=(
REPRESENTATION_RELATIONSHIP($,$,#2770,#2769)
REPRESENTATION_RELATIONSHIP_WITH_TRANSFORMATION(#11)
SHAPE_REPRESENTATION_RELATIONSHIP()
);
#14=(
REPRESENTATION_RELATIONSHIP($,$,#2771,#2769)
REPRESENTATION_RELATIONSHIP_WITH_TRANSFORMATION(#12)
SHAPE_REPRESENTATION_RELATIONSHIP()
);
#15=CONTEXT_DEPENDENT_SHAPE_REPRESENTATION(#13,#2767);
#16=CONTEXT_DEPENDENT_SHAPE_REPRESENTATION(#14,#2768);
#17=NEXT_ASSEMBLY_USAGE_OCCURRENCE('Case:1','Case:1','Case:1',#2773,#2774,
'Case:1');
#18=NEXT_ASSEMBLY_USAGE_OCCURRENCE('Screen:1','Screen:1','Screen:1',#2773,
#2775,'Screen:1');
#19=SHAPE_REPRESENTATION_RELATIONSHIP('SRR','None',#2770,#21);
#20=SHAPE_REPRESENTATION_RELATIONSHIP('SRR','None',#2771,#22);
#21=ADVANCED_BREP_SHAPE_REPRESENTATION('',(#25),#2754);
#22=ADVANCED_BREP_SHAPE_REPRESENTATION('',(#26),#2755);
#23=STYLED_ITEM('',(#2788),#25);
#24=STYLED_ITEM('',(#2788),#26);
#25=MANIFOLD_SOLID_BREP('Body1',#1597);
#26=MANIFOLD_SOLID_BREP('Body1',#1598);
#27=FACE_BOUND('',#546,.T.);
#28=FACE_BOUND('',#586,.T.);
#29=FACE_BOUND('',#587,.T.);
#30=FACE_BOUND('',#588,.T.);
#31=FACE_BOUND('',#589,.T.);
#32=FACE_BOUND('',#603,.T.);
#33=FACE_BOUND('',#610,.T.);
#34=FACE_BOUND('',#611,.T.);
#35=FACE_BOUND('',#613,.T.);
#36=FACE_BOUND('',#614,.T.);
#37=FACE_BOUND('',#615,.T.);
#38=ELLIPSE('',#1699,1.41421356237309,1.);
#39=ELLIPSE('',#1702,1.41421356237309,1.);
#40=ELLIPSE('',#1719,1.41421356237309,1.);
#41=ELLIPSE('',#1753,1.41421356237309,1.);
#42=ELLIPSE('',#1757,1.41421356237309,1.);
#43=SPHERICAL_SURFACE('',#1672,4.);
#44=SPHERICAL_SURFACE('',#1677,4.);
#45=SPHERICAL_SURFACE('',#1683,4.);
#46=SPHERICAL_SURFACE('',#1688,4.);
#47=PLANE('',#1630);
#48=PLANE('',#1637);
#49=PLANE('',#1644);
#50=PLANE('',#1651);
#51=PLANE('',#1696);
#52=PLANE('',#1700);
#53=PLANE('',#1703);
#54=PLANE('',#1707);
#55=PLANE('',#1711);
#56=PLANE('',#1713);
#57=PLANE('',#1732);
#58=PLANE('',#1735);
#59=PLANE('',#1738);
#60=PLANE('',#1739);
#61=PLANE('',#1747);
#62=PLANE('',#1750);
#63=PLANE('',#1751);
#64=PLANE('',#1759);
#65=PLANE('',#1760);
#66=PLANE('',#1761);
#67=PLANE('',#1762);
#68=PLANE('',#1763);
#69=PLANE('',#1764);
#70=PLANE('',#1765);
#71=PLANE('',#1766);
#72=PLANE('',#1767);
#73=PLANE('',#1768);
#74=PLANE('',#1769);
#75=PLANE('',#1770);
#76=PLANE('',#1771);
#77=PLANE('',#1772);
#78=PLANE('',#1774);
#79=PLANE('',#1775);
#80=PLANE('',#1776);
#81=PLANE('',#1777);
#82=PLANE('',#1778);
#83=PLANE('',#1779);
#84=PLANE('',#1780);
#85=PLANE('',#1781);
#86=PLANE('',#1782);
#87=PLANE('',#1789);
#88=PLANE('',#1790);
#89=PLANE('',#1791);
#90=PLANE('',#1792);
#91=PLANE('',#1793);
#92=LINE('',#2301,#239);
#93=LINE('',#2312,#240);
#94=LINE('',#2323,#241);
#95=LINE('',#2334,#242);
#96=LINE('',#2381,#243);
#97=LINE('',#2382,#244);
#98=LINE('',#2391,#245);
#99=LINE('',#2392,#246);
#100=LINE('',#2394,#247);
#101=LINE('',#2395,#248);
#102=LINE('',#2404,#249);
#103=LINE('',#2405,#250);
#104=LINE('',#2414,#251);
#105=LINE('',#2415,#252);
#106=LINE('',#2417,#253);
#107=LINE('',#2418,#254);
#108=LINE('',#2420,#255);
#109=LINE('',#2421,#256);
#110=LINE('',#2423,#257);
#111=LINE('',#2424,#258);
#112=LINE('',#2426,#259);
#113=LINE('',#2428,#260);
#114=LINE('',#2431,#261);
#115=LINE('',#2434,#262);
#116=LINE('',#2437,#263);
#117=LINE('',#2439,#264);
#118=LINE('',#2441,#265);
#119=LINE('',#2442,#266);
#120=LINE('',#2445,#267);
#121=LINE('',#2450,#268);
#122=LINE('',#2452,#269);
#123=LINE('',#2454,#270);
#124=LINE('',#2455,#271);
#125=LINE('',#2461,#272);
#126=LINE('',#2464,#273);
#127=LINE('',#2467,#274);
#128=LINE('',#2469,#275);
#129=LINE('',#2470,#276);
#130=LINE('',#2476,#277);
#131=LINE('',#2479,#278);
#132=LINE('',#2482,#279);
#133=LINE('',#2486,#280);
#134=LINE('',#2488,#281);
#135=LINE('',#2489,#282);
#136=LINE('',#2492,#283);
#137=LINE('',#2494,#284);
#138=LINE('',#2497,#285);
#139=LINE('',#2499,#286);
#140=LINE('',#2501,#287);
#141=LINE('',#2503,#288);
#142=LINE('',#2507,#289);
#143=LINE('',#2511,#290);
#144=LINE('',#2512,#291);
#145=LINE('',#2513,#292);
#146=LINE('',#2514,#293);
#147=LINE('',#2518,#294);
#148=LINE('',#2528,#295);
#149=LINE('',#2536,#296);
#150=LINE('',#2540,#297);
#151=LINE('',#2543,#298);
#152=LINE('',#2545,#299);
#153=LINE('',#2546,#300);
#154=LINE('',#2549,#301);
#155=LINE('',#2553,#302);
#156=LINE('',#2554,#303);
#157=LINE('',#2557,#304);
#158=LINE('',#2561,#305);
#159=LINE('',#2562,#306);
#160=LINE('',#2564,#307);
#161=LINE('',#2566,#308);
#162=LINE('',#2568,#309);
#163=LINE('',#2569,#310);
#164=LINE('',#2571,#311);
#165=LINE('',#2573,#312);
#166=LINE('',#2575,#313);
#167=LINE('',#2576,#314);
#168=LINE('',#2581,#315);
#169=LINE('',#2588,#316);
#170=LINE('',#2591,#317);
#171=LINE('',#2593,#318);
#172=LINE('',#2595,#319);
#173=LINE('',#2596,#320);
#174=LINE('',#2599,#321);
#175=LINE('',#2603,#322);
#176=LINE('',#2604,#323);
#177=LINE('',#2607,#324);
#178=LINE('',#2608,#325);
#179=LINE('',#2612,#326);
#180=LINE('',#2614,#327);
#181=LINE('',#2617,#328);
#182=LINE('',#2620,#329);
#183=LINE('',#2622,#330);
#184=LINE('',#2624,#331);
#185=LINE('',#2627,#332);
#186=LINE('',#2628,#333);
#187=LINE('',#2630,#334);
#188=LINE('',#2632,#335);
#189=LINE('',#2633,#336);
#190=LINE('',#2635,#337);
#191=LINE('',#2637,#338);
#192=LINE('',#2638,#339);
#193=LINE('',#2640,#340);
#194=LINE('',#2641,#341);
#195=LINE('',#2646,#342);
#196=LINE('',#2647,#343);
#197=LINE('',#2650,#344);
#198=LINE('',#2651,#345);
#199=LINE('',#2653,#346);
#200=LINE('',#2656,#347);
#201=LINE('',#2664,#348);
#202=LINE('',#2666,#349);
#203=LINE('',#2668,#350);
#204=LINE('',#2669,#351);
#205=LINE('',#2673,#352);
#206=LINE('',#2675,#353);
#207=LINE('',#2677,#354);
#208=LINE('',#2678,#355);
#209=LINE('',#2680,#356);
#210=LINE('',#2681,#357);
#211=LINE('',#2685,#358);
#212=LINE('',#2687,#359);
#213=LINE('',#2689,#360);
#214=LINE('',#2690,#361);
#215=LINE('',#2693,#362);
#216=LINE('',#2695,#363);
#217=LINE('',#2696,#364);
#218=LINE('',#2699,#365);
#219=LINE('',#2701,#366);
#220=LINE('',#2702,#367);
#221=LINE('',#2704,#368);
#222=LINE('',#2705,#369);
#223=LINE('',#2709,#370);
#224=LINE('',#2711,#371);
#225=LINE('',#2713,#372);
#226=LINE('',#2714,#373);
#227=LINE('',#2716,#374);
#228=LINE('',#2717,#375);
#229=LINE('',#2722,#376);
#230=LINE('',#2728,#377);
#231=LINE('',#2733,#378);
#232=LINE('',#2735,#379);
#233=LINE('',#2737,#380);
#234=LINE('',#2738,#381);
#235=LINE('',#2740,#382);
#236=LINE('',#2741,#383);
#237=LINE('',#2743,#384);
#238=LINE('',#2744,#385);
#239=VECTOR('',#1810,1.2);
#240=VECTOR('',#1825,1.2);
#241=VECTOR('',#1840,1.2);
#242=VECTOR('',#1855,1.2);
#243=VECTOR('',#1910,10.);
#244=VECTOR('',#1911,10.);
#245=VECTOR('',#1922,10.);
#246=VECTOR('',#1923,10.);
#247=VECTOR('',#1926,10.);
#248=VECTOR('',#1927,10.);
#249=VECTOR('',#1938,10.);
#250=VECTOR('',#1939,10.);
#251=VECTOR('',#1950,10.);
#252=VECTOR('',#1951,10.);
#253=VECTOR('',#1954,10.);
#254=VECTOR('',#1955,10.);
#255=VECTOR('',#1958,10.);
#256=VECTOR('',#1959,10.);
#257=VECTOR('',#1962,10.);
#258=VECTOR('',#1963,10.);
#259=VECTOR('',#1966,10.);
#260=VECTOR('',#1969,10.);
#261=VECTOR('',#1972,10.);
#262=VECTOR('',#1975,10.);
#263=VECTOR('',#1978,10.);
#264=VECTOR('',#1979,10.);
#265=VECTOR('',#1980,10.);
#266=VECTOR('',#1981,10.);
#267=VECTOR('',#1984,10.);
#268=VECTOR('',#1989,10.);
#269=VECTOR('',#1990,10.);
#270=VECTOR('',#1991,10.);
#271=VECTOR('',#1992,10.);
#272=VECTOR('',#1997,10.);
#273=VECTOR('',#2000,10.);
#274=VECTOR('',#2003,10.);
#275=VECTOR('',#2004,10.);
#276=VECTOR('',#2005,10.);
#277=VECTOR('',#2010,10.);
#278=VECTOR('',#2013,10.);
#279=VECTOR('',#2016,10.);
#280=VECTOR('',#2019,10.);
#281=VECTOR('',#2020,10.);
#282=VECTOR('',#2021,10.);
#283=VECTOR('',#2024,10.);
#284=VECTOR('',#2025,10.);
#285=VECTOR('',#2028,10.);
#286=VECTOR('',#2029,10.);
#287=VECTOR('',#2030,10.);
#288=VECTOR('',#2031,10.);
#289=VECTOR('',#2034,10.);
#290=VECTOR('',#2037,10.);
#291=VECTOR('',#2038,10.);
#292=VECTOR('',#2039,10.);
#293=VECTOR('',#2040,10.);
#294=VECTOR('',#2043,10.);
#295=VECTOR('',#2058,10.);
#296=VECTOR('',#2069,10.);
#297=VECTOR('',#2074,10.);
#298=VECTOR('',#2077,10.);
#299=VECTOR('',#2078,10.);
#300=VECTOR('',#2079,10.);
#301=VECTOR('',#2082,10.);
#302=VECTOR('',#2087,10.);
#303=VECTOR('',#2088,10.);
#304=VECTOR('',#2091,10.);
#305=VECTOR('',#2096,10.);
#306=VECTOR('',#2097,10.);
#307=VECTOR('',#2100,10.);
#308=VECTOR('',#2101,10.);
#309=VECTOR('',#2102,10.);
#310=VECTOR('',#2103,10.);
#311=VECTOR('',#2104,10.);
#312=VECTOR('',#2105,10.);
#313=VECTOR('',#2106,10.);
#314=VECTOR('',#2107,10.);
#315=VECTOR('',#2112,10.);
#316=VECTOR('',#2123,10.);
#317=VECTOR('',#2126,10.);
#318=VECTOR('',#2127,10.);
#319=VECTOR('',#2128,10.);
#320=VECTOR('',#2129,10.);
#321=VECTOR('',#2132,10.);
#322=VECTOR('',#2137,10.);
#323=VECTOR('',#2138,10.);
#324=VECTOR('',#2141,10.);
#325=VECTOR('',#2142,10.);
#326=VECTOR('',#2149,10.);
#327=VECTOR('',#2152,10.);
#328=VECTOR('',#2155,10.);
#329=VECTOR('',#2160,10.);
#330=VECTOR('',#2163,10.);
#331=VECTOR('',#2166,10.);
#332=VECTOR('',#2169,10.);
#333=VECTOR('',#2170,10.);
#334=VECTOR('',#2171,10.);
#335=VECTOR('',#2172,10.);
#336=VECTOR('',#2173,10.);
#337=VECTOR('',#2174,10.);
#338=VECTOR('',#2175,10.);
#339=VECTOR('',#2176,10.);
#340=VECTOR('',#2179,10.);
#341=VECTOR('',#2180,10.);
#342=VECTOR('',#2187,10.);
#343=VECTOR('',#2188,10.);
#344=VECTOR('',#2191,10.);
#345=VECTOR('',#2192,10.);
#346=VECTOR('',#2195,10.);
#347=VECTOR('',#2200,10.);
#348=VECTOR('',#2211,10.);
#349=VECTOR('',#2212,10.);
#350=VECTOR('',#2213,10.);
#351=VECTOR('',#2214,10.);
#352=VECTOR('',#2217,10.);
#353=VECTOR('',#2218,10.);
#354=VECTOR('',#2219,10.);
#355=VECTOR('',#2220,10.);
#356=VECTOR('',#2223,10.);
#357=VECTOR('',#2224,10.);
#358=VECTOR('',#2227,10.);
#359=VECTOR('',#2228,10.);
#360=VECTOR('',#2229,10.);
#361=VECTOR('',#2230,10.);
#362=VECTOR('',#2233,10.);
#363=VECTOR('',#2234,10.);
#364=VECTOR('',#2235,10.);
#365=VECTOR('',#2238,10.);
#366=VECTOR('',#2239,10.);
#367=VECTOR('',#2240,10.);
#368=VECTOR('',#2243,10.);
#369=VECTOR('',#2244,10.);
#370=VECTOR('',#2247,10.);
#371=VECTOR('',#2248,10.);
#372=VECTOR('',#2249,10.);
#373=VECTOR('',#2250,10.);
#374=VECTOR('',#2253,10.);
#375=VECTOR('',#2254,10.);
#376=VECTOR('',#2259,0.999999999999996);
#377=VECTOR('',#2266,1.);
#378=VECTOR('',#2271,10.);
#379=VECTOR('',#2272,10.);
#380=VECTOR('',#2273,10.);
#381=VECTOR('',#2274,10.);
#382=VECTOR('',#2277,10.);
#383=VECTOR('',#2278,10.);
#384=VECTOR('',#2281,10.);
#385=VECTOR('',#2282,10.);
#386=CYLINDRICAL_SURFACE('',#1628,1.2);
#387=CYLINDRICAL_SURFACE('',#1635,1.2);
#388=CYLINDRICAL_SURFACE('',#1642,1.2);
#389=CYLINDRICAL_SURFACE('',#1649,1.2);
#390=CYLINDRICAL_SURFACE('',#1676,4.);
#391=CYLINDRICAL_SURFACE('',#1681,4.);
#392=CYLINDRICAL_SURFACE('',#1682,4.);
#393=CYLINDRICAL_SURFACE('',#1687,4.);
#394=CYLINDRICAL_SURFACE('',#1692,4.);
#395=CYLINDRICAL_SURFACE('',#1693,4.);
#396=CYLINDRICAL_SURFACE('',#1694,4.);
#397=CYLINDRICAL_SURFACE('',#1695,4.);
#398=CYLINDRICAL_SURFACE('',#1697,1.);
#399=CYLINDRICAL_SURFACE('',#1698,1.);
#400=CYLINDRICAL_SURFACE('',#1701,1.);
#401=CYLINDRICAL_SURFACE('',#1704,1.);
#402=CYLINDRICAL_SURFACE('',#1708,1.);
#403=CYLINDRICAL_SURFACE('',#1717,1.);
#404=CYLINDRICAL_SURFACE('',#1723,1.);
#405=CYLINDRICAL_SURFACE('',#1728,1.);
#406=CYLINDRICAL_SURFACE('',#1730,1.);
#407=CYLINDRICAL_SURFACE('',#1733,1.84999999999999);
#408=CYLINDRICAL_SURFACE('',#1736,1.84999999999999);
#409=CYLINDRICAL_SURFACE('',#1740,1.);
#410=CYLINDRICAL_SURFACE('',#1746,1.);
#411=CYLINDRICAL_SURFACE('',#1748,1.84999999999999);
#412=CYLINDRICAL_SURFACE('',#1752,1.);
#413=CYLINDRICAL_SURFACE('',#1754,1.);
#414=CYLINDRICAL_SURFACE('',#1755,1.);
#415=CYLINDRICAL_SURFACE('',#1756,1.);
#416=CYLINDRICAL_SURFACE('',#1758,1.);
#417=CYLINDRICAL_SURFACE('',#1783,0.999999999999996);
#418=CYLINDRICAL_SURFACE('',#1786,1.);
#419=FACE_OUTER_BOUND('',#512,.T.);
#420=FACE_OUTER_BOUND('',#513,.T.);
#421=FACE_OUTER_BOUND('',#514,.T.);
#422=FACE_OUTER_BOUND('',#515,.T.);
#423=FACE_OUTER_BOUND('',#516,.T.);
#424=FACE_OUTER_BOUND('',#517,.T.);
#425=FACE_OUTER_BOUND('',#518,.T.);
#426=FACE_OUTER_BOUND('',#519,.T.);
#427=FACE_OUTER_BOUND('',#520,.T.);
#428=FACE_OUTER_BOUND('',#521,.T.);
#429=FACE_OUTER_BOUND('',#522,.T.);
#430=FACE_OUTER_BOUND('',#523,.T.);
#431=FACE_OUTER_BOUND('',#524,.T.);
#432=FACE_OUTER_BOUND('',#525,.T.);
#433=FACE_OUTER_BOUND('',#526,.T.);
#434=FACE_OUTER_BOUND('',#527,.T.);
#435=FACE_OUTER_BOUND('',#528,.T.);
#436=FACE_OUTER_BOUND('',#529,.T.);
#437=FACE_OUTER_BOUND('',#530,.T.);
#438=FACE_OUTER_BOUND('',#531,.T.);
#439=FACE_OUTER_BOUND('',#532,.T.);
#440=FACE_OUTER_BOUND('',#533,.T.);
#441=FACE_OUTER_BOUND('',#534,.T.);
#442=FACE_OUTER_BOUND('',#535,.T.);
#443=FACE_OUTER_BOUND('',#536,.T.);
#444=FACE_OUTER_BOUND('',#537,.T.);
#445=FACE_OUTER_BOUND('',#538,.T.);
#446=FACE_OUTER_BOUND('',#539,.T.);
#447=FACE_OUTER_BOUND('',#540,.T.);
#448=FACE_OUTER_BOUND('',#541,.T.);
#449=FACE_OUTER_BOUND('',#542,.T.);
#450=FACE_OUTER_BOUND('',#543,.T.);
#451=FACE_OUTER_BOUND('',#544,.T.);
#452=FACE_OUTER_BOUND('',#545,.T.);
#453=FACE_OUTER_BOUND('',#547,.T.);
#454=FACE_OUTER_BOUND('',#548,.T.);
#455=FACE_OUTER_BOUND('',#549,.T.);
#456=FACE_OUTER_BOUND('',#550,.T.);
#457=FACE_OUTER_BOUND('',#551,.T.);
#458=FACE_OUTER_BOUND('',#552,.T.);
#459=FACE_OUTER_BOUND('',#553,.T.);
#460=FACE_OUTER_BOUND('',#554,.T.);
#461=FACE_OUTER_BOUND('',#555,.T.);
#462=FACE_OUTER_BOUND('',#556,.T.);
#463=FACE_OUTER_BOUND('',#557,.T.);
#464=FACE_OUTER_BOUND('',#558,.T.);
#465=FACE_OUTER_BOUND('',#559,.T.);
#466=FACE_OUTER_BOUND('',#560,.T.);
#467=FACE_OUTER_BOUND('',#561,.T.);
#468=FACE_OUTER_BOUND('',#562,.T.);
#469=FACE_OUTER_BOUND('',#563,.T.);
#470=FACE_OUTER_BOUND('',#564,.T.);
#471=FACE_OUTER_BOUND('',#565,.T.);
#472=FACE_OUTER_BOUND('',#566,.T.);
#473=FACE_OUTER_BOUND('',#567,.T.);
#474=FACE_OUTER_BOUND('',#568,.T.);
#475=FACE_OUTER_BOUND('',#569,.T.);
#476=FACE_OUTER_BOUND('',#570,.T.);
#477=FACE_OUTER_BOUND('',#571,.T.);
#478=FACE_OUTER_BOUND('',#572,.T.);
#479=FACE_OUTER_BOUND('',#573,.T.);
#480=FACE_OUTER_BOUND('',#574,.T.);
#481=FACE_OUTER_BOUND('',#575,.T.);
#482=FACE_OUTER_BOUND('',#576,.T.);
#483=FACE_OUTER_BOUND('',#577,.T.);
#484=FACE_OUTER_BOUND('',#578,.T.);
#485=FACE_OUTER_BOUND('',#579,.T.);
#486=FACE_OUTER_BOUND('',#580,.T.);
#487=FACE_OUTER_BOUND('',#581,.T.);
#488=FACE_OUTER_BOUND('',#582,.T.);
#489=FACE_OUTER_BOUND('',#583,.T.);
#490=FACE_OUTER_BOUND('',#584,.T.);
#491=FACE_OUTER_BOUND('',#585,.T.);
#492=FACE_OUTER_BOUND('',#590,.T.);
#493=FACE_OUTER_BOUND('',#591,.T.);
#494=FACE_OUTER_BOUND('',#592,.T.);
#495=FACE_OUTER_BOUND('',#593,.T.);
#496=FACE_OUTER_BOUND('',#594,.T.);
#497=FACE_OUTER_BOUND('',#595,.T.);
#498=FACE_OUTER_BOUND('',#596,.T.);
#499=FACE_OUTER_BOUND('',#597,.T.);
#500=FACE_OUTER_BOUND('',#598,.T.);
#501=FACE_OUTER_BOUND('',#599,.T.);
#502=FACE_OUTER_BOUND('',#600,.T.);
#503=FACE_OUTER_BOUND('',#601,.T.);
#504=FACE_OUTER_BOUND('',#602,.T.);
#505=FACE_OUTER_BOUND('',#604,.T.);
#506=FACE_OUTER_BOUND('',#605,.T.);
#507=FACE_OUTER_BOUND('',#606,.T.);
#508=FACE_OUTER_BOUND('',#607,.T.);
#509=FACE_OUTER_BOUND('',#608,.T.);
#510=FACE_OUTER_BOUND('',#609,.T.);
#511=FACE_OUTER_BOUND('',#612,.T.);
#512=EDGE_LOOP('',(#1047,#1048,#1049,#1050));
#513=EDGE_LOOP('',(#1051,#1052,#1053,#1054));
#514=EDGE_LOOP('',(#1055));
#515=EDGE_LOOP('',(#1056,#1057,#1058,#1059));
#516=EDGE_LOOP('',(#1060,#1061,#1062,#1063));
#517=EDGE_LOOP('',(#1064));
#518=EDGE_LOOP('',(#1065,#1066,#1067,#1068));
#519=EDGE_LOOP('',(#1069,#1070,#1071,#1072));
#520=EDGE_LOOP('',(#1073));
#521=EDGE_LOOP('',(#1074,#1075,#1076,#1077));
#522=EDGE_LOOP('',(#1078,#1079,#1080,#1081));
#523=EDGE_LOOP('',(#1082));
#524=EDGE_LOOP('',(#1083,#1084,#1085,#1086));
#525=EDGE_LOOP('',(#1087,#1088,#1089,#1090));
#526=EDGE_LOOP('',(#1091,#1092,#1093,#1094));
#527=EDGE_LOOP('',(#1095,#1096,#1097,#1098));
#528=EDGE_LOOP('',(#1099,#1100,#1101));
#529=EDGE_LOOP('',(#1102,#1103,#1104,#1105));
#530=EDGE_LOOP('',(#1106,#1107,#1108));
#531=EDGE_LOOP('',(#1109,#1110,#1111,#1112));
#532=EDGE_LOOP('',(#1113,#1114,#1115,#1116));
#533=EDGE_LOOP('',(#1117,#1118,#1119));
#534=EDGE_LOOP('',(#1120,#1121,#1122,#1123));
#535=EDGE_LOOP('',(#1124,#1125,#1126));
#536=EDGE_LOOP('',(#1127,#1128,#1129,#1130));
#537=EDGE_LOOP('',(#1131,#1132,#1133,#1134));
#538=EDGE_LOOP('',(#1135,#1136,#1137,#1138));
#539=EDGE_LOOP('',(#1139,#1140,#1141,#1142));
#540=EDGE_LOOP('',(#1143,#1144,#1145,#1146));
#541=EDGE_LOOP('',(#1147,#1148,#1149,#1150));
#542=EDGE_LOOP('',(#1151,#1152,#1153,#1154));
#543=EDGE_LOOP('',(#1155,#1156,#1157,#1158,#1159,#1160,#1161,#1162));
#544=EDGE_LOOP('',(#1163,#1164,#1165,#1166));
#545=EDGE_LOOP('',(#1167,#1168,#1169,#1170));
#546=EDGE_LOOP('',(#1171,#1172,#1173,#1174));
#547=EDGE_LOOP('',(#1175,#1176,#1177,#1178));
#548=EDGE_LOOP('',(#1179,#1180,#1181,#1182));
#549=EDGE_LOOP('',(#1183,#1184,#1185,#1186));
#550=EDGE_LOOP('',(#1187,#1188,#1189,#1190,#1191,#1192));
#551=EDGE_LOOP('',(#1193,#1194,#1195,#1196,#1197,#1198,#1199,#1200,#1201,
#1202,#1203,#1204,#1205,#1206,#1207,#1208,#1209,#1210,#1211,#1212,#1213,
#1214,#1215));
#552=EDGE_LOOP('',(#1216,#1217,#1218,#1219));
#553=EDGE_LOOP('',(#1220,#1221,#1222,#1223));
#554=EDGE_LOOP('',(#1224,#1225,#1226,#1227));
#555=EDGE_LOOP('',(#1228,#1229,#1230,#1231));
#556=EDGE_LOOP('',(#1232,#1233,#1234,#1235));
#557=EDGE_LOOP('',(#1236,#1237,#1238,#1239));
#558=EDGE_LOOP('',(#1240,#1241,#1242,#1243));
#559=EDGE_LOOP('',(#1244,#1245,#1246,#1247));
#560=EDGE_LOOP('',(#1248,#1249,#1250,#1251));
#561=EDGE_LOOP('',(#1252,#1253,#1254,#1255));
#562=EDGE_LOOP('',(#1256,#1257,#1258,#1259));
#563=EDGE_LOOP('',(#1260,#1261,#1262,#1263,#1264,#1265,#1266,#1267,#1268,
#1269,#1270,#1271,#1272));
#564=EDGE_LOOP('',(#1273,#1274,#1275,#1276));
#565=EDGE_LOOP('',(#1277,#1278,#1279,#1280));
#566=EDGE_LOOP('',(#1281,#1282,#1283,#1284));
#567=EDGE_LOOP('',(#1285,#1286,#1287,#1288,#1289,#1290));
#568=EDGE_LOOP('',(#1291,#1292,#1293,#1294));
#569=EDGE_LOOP('',(#1295,#1296,#1297,#1298));
#570=EDGE_LOOP('',(#1299,#1300,#1301,#1302,#1303));
#571=EDGE_LOOP('',(#1304,#1305,#1306,#1307));
#572=EDGE_LOOP('',(#1308,#1309,#1310,#1311));
#573=EDGE_LOOP('',(#1312,#1313,#1314,#1315));
#574=EDGE_LOOP('',(#1316,#1317,#1318,#1319));
#575=EDGE_LOOP('',(#1320,#1321,#1322,#1323));
#576=EDGE_LOOP('',(#1324,#1325,#1326,#1327,#1328,#1329));
#577=EDGE_LOOP('',(#1330,#1331,#1332,#1333,#1334));
#578=EDGE_LOOP('',(#1335,#1336,#1337,#1338,#1339,#1340,#1341,#1342,#1343,
#1344,#1345,#1346));
#579=EDGE_LOOP('',(#1347,#1348,#1349,#1350));
#580=EDGE_LOOP('',(#1351,#1352,#1353,#1354));
#581=EDGE_LOOP('',(#1355,#1356,#1357,#1358));
#582=EDGE_LOOP('',(#1359,#1360,#1361,#1362));
#583=EDGE_LOOP('',(#1363,#1364,#1365,#1366));
#584=EDGE_LOOP('',(#1367,#1368,#1369,#1370));
#585=EDGE_LOOP('',(#1371,#1372,#1373,#1374,#1375,#1376,#1377,#1378,#1379,
#1380,#1381,#1382,#1383,#1384,#1385));
#586=EDGE_LOOP('',(#1386));
#587=EDGE_LOOP('',(#1387));
#588=EDGE_LOOP('',(#1388));
#589=EDGE_LOOP('',(#1389));
#590=EDGE_LOOP('',(#1390,#1391,#1392,#1393));
#591=EDGE_LOOP('',(#1394,#1395,#1396,#1397,#1398,#1399,#1400));
#592=EDGE_LOOP('',(#1401,#1402,#1403,#1404));
#593=EDGE_LOOP('',(#1405,#1406,#1407,#1408));
#594=EDGE_LOOP('',(#1409,#1410,#1411,#1412));
#595=EDGE_LOOP('',(#1413,#1414,#1415,#1416));
#596=EDGE_LOOP('',(#1417,#1418,#1419,#1420));
#597=EDGE_LOOP('',(#1421,#1422,#1423,#1424));
#598=EDGE_LOOP('',(#1425,#1426,#1427,#1428));
#599=EDGE_LOOP('',(#1429,#1430,#1431,#1432));
#600=EDGE_LOOP('',(#1433,#1434,#1435,#1436));
#601=EDGE_LOOP('',(#1437,#1438,#1439,#1440));
#602=EDGE_LOOP('',(#1441,#1442,#1443,#1444));
#603=EDGE_LOOP('',(#1445,#1446,#1447,#1448));
#604=EDGE_LOOP('',(#1449,#1450,#1451,#1452));
#605=EDGE_LOOP('',(#1453,#1454,#1455,#1456));
#606=EDGE_LOOP('',(#1457,#1458,#1459,#1460));
#607=EDGE_LOOP('',(#1461,#1462,#1463,#1464,#1465,#1466,#1467,#1468));
#608=EDGE_LOOP('',(#1469,#1470,#1471,#1472,#1473,#1474,#1475,#1476));
#609=EDGE_LOOP('',(#1477,#1478,#1479,#1480));
#610=EDGE_LOOP('',(#1481));
#611=EDGE_LOOP('',(#1482));
#612=EDGE_LOOP('',(#1483,#1484,#1485,#1486));
#613=EDGE_LOOP('',(#1487,#1488,#1489,#1490));
#614=EDGE_LOOP('',(#1491));
#615=EDGE_LOOP('',(#1492));
#616=CIRCLE('',#1625,0.700000000000003);
#617=CIRCLE('',#1626,0.5);
#618=CIRCLE('',#1627,1.2);
#619=CIRCLE('',#1629,1.2);
#620=CIRCLE('',#1632,0.700000000000003);
#621=CIRCLE('',#1633,0.5);
#622=CIRCLE('',#1634,1.2);
#623=CIRCLE('',#1636,1.2);
#624=CIRCLE('',#1639,0.700000000000001);
#625=CIRCLE('',#1640,0.5);
#626=CIRCLE('',#1641,1.2);
#627=CIRCLE('',#1643,1.2);
#628=CIRCLE('',#1646,0.699999999999999);
#629=CIRCLE('',#1647,0.5);
#630=CIRCLE('',#1648,1.2);
#631=CIRCLE('',#1650,1.2);
#632=CIRCLE('',#1653,1.);
#633=CIRCLE('',#1654,4.);
#634=CIRCLE('',#1655,1.);
#635=CIRCLE('',#1656,3.);
#636=CIRCLE('',#1658,1.);
#637=CIRCLE('',#1659,3.);
#638=CIRCLE('',#1660,1.);
#639=CIRCLE('',#1661,4.);
#640=CIRCLE('',#1663,1.00000000000001);
#641=CIRCLE('',#1664,3.);
#642=CIRCLE('',#1665,1.);
#643=CIRCLE('',#1666,4.);
#644=CIRCLE('',#1668,1.00000000000001);
#645=CIRCLE('',#1669,3.);
#646=CIRCLE('',#1670,1.);
#647=CIRCLE('',#1671,4.);
#648=CIRCLE('',#1673,4.);
#649=CIRCLE('',#1674,4.);
#650=CIRCLE('',#1675,4.);
#651=CIRCLE('',#1678,4.);
#652=CIRCLE('',#1679,4.);
#653=CIRCLE('',#1680,4.);
#654=CIRCLE('',#1684,4.);
#655=CIRCLE('',#1685,4.);
#656=CIRCLE('',#1686,4.);
#657=CIRCLE('',#1689,4.);
#658=CIRCLE('',#1690,4.);
#659=CIRCLE('',#1691,4.);
#660=CIRCLE('',#1705,1.);
#661=CIRCLE('',#1706,1.);
#662=CIRCLE('',#1709,1.);
#663=CIRCLE('',#1710,1.);
#664=CIRCLE('',#1712,1.);
#665=CIRCLE('',#1714,2.84999999999999);
#666=CIRCLE('',#1715,2.84999999999999);
#667=CIRCLE('',#1716,2.84999999999999);
#668=CIRCLE('',#1718,1.);
#669=CIRCLE('',#1721,0.999999999999996);
#670=CIRCLE('',#1722,1.84999999999999);
#671=CIRCLE('',#1724,1.);
#672=CIRCLE('',#1726,1.);
#673=CIRCLE('',#1727,1.84999999999999);
#674=CIRCLE('',#1729,1.);
#675=CIRCLE('',#1731,1.);
#676=CIRCLE('',#1734,1.84999999999999);
#677=CIRCLE('',#1737,1.84999999999999);
#678=CIRCLE('',#1741,1.);
#679=CIRCLE('',#1742,1.);
#680=CIRCLE('',#1744,1.);
#681=CIRCLE('',#1745,1.84999999999999);
#682=CIRCLE('',#1749,1.84999999999999);
#683=CIRCLE('',#1784,0.999999999999996);
#684=CIRCLE('',#1785,0.999999999999996);
#685=CIRCLE('',#1787,1.);
#686=CIRCLE('',#1788,1.);
#687=VERTEX_POINT('',#2294);
#688=VERTEX_POINT('',#2296);
#689=VERTEX_POINT('',#2300);
#690=VERTEX_POINT('',#2305);
#691=VERTEX_POINT('',#2307);
#692=VERTEX_POINT('',#2311);
#693=VERTEX_POINT('',#2316);
#694=VERTEX_POINT('',#2318);
#695=VERTEX_POINT('',#2322);
#696=VERTEX_POINT('',#2327);
#697=VERTEX_POINT('',#2329);
#698=VERTEX_POINT('',#2333);
#699=VERTEX_POINT('',#2338);
#700=VERTEX_POINT('',#2339);
#701=VERTEX_POINT('',#2341);
#702=VERTEX_POINT('',#2343);
#703=VERTEX_POINT('',#2347);
#704=VERTEX_POINT('',#2348);
#705=VERTEX_POINT('',#2350);
#706=VERTEX_POINT('',#2352);
#707=VERTEX_POINT('',#2356);
#708=VERTEX_POINT('',#2357);
#709=VERTEX_POINT('',#2359);
#710=VERTEX_POINT('',#2361);
#711=VERTEX_POINT('',#2365);
#712=VERTEX_POINT('',#2366);
#713=VERTEX_POINT('',#2368);
#714=VERTEX_POINT('',#2370);
#715=VERTEX_POINT('',#2374);
#716=VERTEX_POINT('',#2375);
#717=VERTEX_POINT('',#2377);
#718=VERTEX_POINT('',#2384);
#719=VERTEX_POINT('',#2385);
#720=VERTEX_POINT('',#2387);
#721=VERTEX_POINT('',#2397);
#722=VERTEX_POINT('',#2398);
#723=VERTEX_POINT('',#2400);
#724=VERTEX_POINT('',#2407);
#725=VERTEX_POINT('',#2408);
#726=VERTEX_POINT('',#2410);
#727=VERTEX_POINT('',#2430);
#728=VERTEX_POINT('',#2432);
#729=VERTEX_POINT('',#2436);
#730=VERTEX_POINT('',#2438);
#731=VERTEX_POINT('',#2440);
#732=VERTEX_POINT('',#2444);
#733=VERTEX_POINT('',#2448);
#734=VERTEX_POINT('',#2449);
#735=VERTEX_POINT('',#2451);
#736=VERTEX_POINT('',#2453);
#737=VERTEX_POINT('',#2457);
#738=VERTEX_POINT('',#2458);
#739=VERTEX_POINT('',#2460);
#740=VERTEX_POINT('',#2462);
#741=VERTEX_POINT('',#2466);
#742=VERTEX_POINT('',#2468);
#743=VERTEX_POINT('',#2472);
#744=VERTEX_POINT('',#2473);
#745=VERTEX_POINT('',#2475);
#746=VERTEX_POINT('',#2477);
#747=VERTEX_POINT('',#2481);
#748=VERTEX_POINT('',#2483);
#749=VERTEX_POINT('',#2485);
#750=VERTEX_POINT('',#2487);
#751=VERTEX_POINT('',#2491);
#752=VERTEX_POINT('',#2493);
#753=VERTEX_POINT('',#2495);
#754=VERTEX_POINT('',#2498);
#755=VERTEX_POINT('',#2500);
#756=VERTEX_POINT('',#2502);
#757=VERTEX_POINT('',#2504);
#758=VERTEX_POINT('',#2506);
#759=VERTEX_POINT('',#2508);
#760=VERTEX_POINT('',#2510);
#761=VERTEX_POINT('',#2516);
#762=VERTEX_POINT('',#2517);
#763=VERTEX_POINT('',#2522);
#764=VERTEX_POINT('',#2526);
#765=VERTEX_POINT('',#2530);
#766=VERTEX_POINT('',#2534);
#767=VERTEX_POINT('',#2538);
#768=VERTEX_POINT('',#2542);
#769=VERTEX_POINT('',#2544);
#770=VERTEX_POINT('',#2548);
#771=VERTEX_POINT('',#2552);
#772=VERTEX_POINT('',#2556);
#773=VERTEX_POINT('',#2560);
#774=VERTEX_POINT('',#2565);
#775=VERTEX_POINT('',#2567);
#776=VERTEX_POINT('',#2570);
#777=VERTEX_POINT('',#2572);
#778=VERTEX_POINT('',#2574);
#779=VERTEX_POINT('',#2578);
#780=VERTEX_POINT('',#2580);
#781=VERTEX_POINT('',#2584);
#782=VERTEX_POINT('',#2590);
#783=VERTEX_POINT('',#2592);
#784=VERTEX_POINT('',#2594);
#785=VERTEX_POINT('',#2598);
#786=VERTEX_POINT('',#2602);
#787=VERTEX_POINT('',#2606);
#788=VERTEX_POINT('',#2616);
#789=VERTEX_POINT('',#2626);
#790=VERTEX_POINT('',#2629);
#791=VERTEX_POINT('',#2631);
#792=VERTEX_POINT('',#2634);
#793=VERTEX_POINT('',#2636);
#794=VERTEX_POINT('',#2645);
#795=VERTEX_POINT('',#2649);
#796=VERTEX_POINT('',#2662);
#797=VERTEX_POINT('',#2663);
#798=VERTEX_POINT('',#2665);
#799=VERTEX_POINT('',#2667);
#800=VERTEX_POINT('',#2671);
#801=VERTEX_POINT('',#2672);
#802=VERTEX_POINT('',#2674);
#803=VERTEX_POINT('',#2676);
#804=VERTEX_POINT('',#2683);
#805=VERTEX_POINT('',#2684);
#806=VERTEX_POINT('',#2686);
#807=VERTEX_POINT('',#2688);
#808=VERTEX_POINT('',#2692);
#809=VERTEX_POINT('',#2694);
#810=VERTEX_POINT('',#2698);
#811=VERTEX_POINT('',#2700);
#812=VERTEX_POINT('',#2707);
#813=VERTEX_POINT('',#2708);
#814=VERTEX_POINT('',#2710);
#815=VERTEX_POINT('',#2712);
#816=VERTEX_POINT('',#2719);
#817=VERTEX_POINT('',#2721);
#818=VERTEX_POINT('',#2725);
#819=VERTEX_POINT('',#2727);
#820=VERTEX_POINT('',#2731);
#821=VERTEX_POINT('',#2732);
#822=VERTEX_POINT('',#2734);
#823=VERTEX_POINT('',#2736);
#824=EDGE_CURVE('',#687,#687,#616,.T.);
#825=EDGE_CURVE('',#687,#688,#617,.T.);
#826=EDGE_CURVE('',#688,#688,#618,.T.);
#827=EDGE_CURVE('',#688,#689,#92,.T.);
#828=EDGE_CURVE('',#689,#689,#619,.T.);
#829=EDGE_CURVE('',#690,#690,#620,.T.);
#830=EDGE_CURVE('',#690,#691,#621,.T.);
#831=EDGE_CURVE('',#691,#691,#622,.T.);
#832=EDGE_CURVE('',#691,#692,#93,.T.);
#833=EDGE_CURVE('',#692,#692,#623,.T.);
#834=EDGE_CURVE('',#693,#693,#624,.T.);
#835=EDGE_CURVE('',#693,#694,#625,.T.);
#836=EDGE_CURVE('',#694,#694,#626,.T.);
#837=EDGE_CURVE('',#694,#695,#94,.T.);
#838=EDGE_CURVE('',#695,#695,#627,.T.);
#839=EDGE_CURVE('',#696,#696,#628,.T.);
#840=EDGE_CURVE('',#696,#697,#629,.T.);
#841=EDGE_CURVE('',#697,#697,#630,.T.);
#842=EDGE_CURVE('',#697,#698,#95,.T.);
#843=EDGE_CURVE('',#698,#698,#631,.T.);
#844=EDGE_CURVE('',#699,#700,#632,.T.);
#845=EDGE_CURVE('',#700,#701,#633,.T.);
#846=EDGE_CURVE('',#701,#702,#634,.T.);
#847=EDGE_CURVE('',#702,#699,#635,.T.);
#848=EDGE_CURVE('',#703,#704,#636,.T.);
#849=EDGE_CURVE('',#704,#705,#637,.T.);
#850=EDGE_CURVE('',#705,#706,#638,.T.);
#851=EDGE_CURVE('',#706,#703,#639,.T.);
#852=EDGE_CURVE('',#707,#708,#640,.T.);
#853=EDGE_CURVE('',#708,#709,#641,.T.);
#854=EDGE_CURVE('',#709,#710,#642,.T.);
#855=EDGE_CURVE('',#710,#707,#643,.T.);
#856=EDGE_CURVE('',#711,#712,#644,.T.);
#857=EDGE_CURVE('',#712,#713,#645,.T.);
#858=EDGE_CURVE('',#713,#714,#646,.T.);
#859=EDGE_CURVE('',#714,#711,#647,.T.);
#860=EDGE_CURVE('',#715,#716,#648,.F.);
#861=EDGE_CURVE('',#717,#715,#649,.F.);
#862=EDGE_CURVE('',#716,#717,#650,.F.);
#863=EDGE_CURVE('',#700,#717,#96,.T.);
#864=EDGE_CURVE('',#715,#701,#97,.T.);
#865=EDGE_CURVE('',#718,#719,#651,.F.);
#866=EDGE_CURVE('',#720,#718,#652,.F.);
#867=EDGE_CURVE('',#719,#720,#653,.F.);
#868=EDGE_CURVE('',#706,#720,#98,.T.);
#869=EDGE_CURVE('',#718,#703,#99,.T.);
#870=EDGE_CURVE('',#716,#719,#100,.T.);
#871=EDGE_CURVE('',#720,#715,#101,.T.);
#872=EDGE_CURVE('',#721,#722,#654,.F.);
#873=EDGE_CURVE('',#723,#721,#655,.F.);
#874=EDGE_CURVE('',#722,#723,#656,.F.);
#875=EDGE_CURVE('',#710,#723,#102,.T.);
#876=EDGE_CURVE('',#721,#707,#103,.T.);
#877=EDGE_CURVE('',#724,#725,#657,.F.);
#878=EDGE_CURVE('',#726,#724,#658,.F.);
#879=EDGE_CURVE('',#725,#726,#659,.F.);
#880=EDGE_CURVE('',#714,#726,#104,.T.);
#881=EDGE_CURVE('',#724,#711,#105,.T.);
#882=EDGE_CURVE('',#719,#725,#106,.T.);
#883=EDGE_CURVE('',#726,#718,#107,.T.);
#884=EDGE_CURVE('',#725,#722,#108,.T.);
#885=EDGE_CURVE('',#723,#724,#109,.T.);
#886=EDGE_CURVE('',#722,#716,#110,.T.);
#887=EDGE_CURVE('',#717,#721,#111,.T.);
#888=EDGE_CURVE('',#701,#706,#112,.T.);
#889=EDGE_CURVE('',#705,#702,#113,.T.);
#890=EDGE_CURVE('',#703,#727,#114,.T.);
#891=EDGE_CURVE('',#727,#728,#38,.T.);
#892=EDGE_CURVE('',#728,#704,#115,.T.);
#893=EDGE_CURVE('',#729,#714,#116,.T.);
#894=EDGE_CURVE('',#730,#729,#117,.T.);
#895=EDGE_CURVE('',#731,#730,#118,.T.);
#896=EDGE_CURVE('',#727,#731,#119,.T.);
#897=EDGE_CURVE('',#713,#732,#120,.T.);
#898=EDGE_CURVE('',#732,#729,#39,.T.);
#899=EDGE_CURVE('',#733,#734,#121,.T.);
#900=EDGE_CURVE('',#734,#735,#122,.T.);
#901=EDGE_CURVE('',#735,#736,#123,.T.);
#902=EDGE_CURVE('',#736,#733,#124,.T.);
#903=EDGE_CURVE('',#737,#738,#660,.F.);
#904=EDGE_CURVE('',#738,#739,#125,.T.);
#905=EDGE_CURVE('',#739,#740,#661,.F.);
#906=EDGE_CURVE('',#740,#737,#126,.T.);
#907=EDGE_CURVE('',#741,#738,#127,.T.);
#908=EDGE_CURVE('',#742,#741,#128,.T.);
#909=EDGE_CURVE('',#739,#742,#129,.T.);
#910=EDGE_CURVE('',#743,#744,#662,.T.);
#911=EDGE_CURVE('',#744,#745,#130,.T.);
#912=EDGE_CURVE('',#745,#746,#663,.F.);
#913=EDGE_CURVE('',#746,#743,#131,.T.);
#914=EDGE_CURVE('',#747,#743,#132,.T.);
#915=EDGE_CURVE('',#748,#747,#664,.F.);
#916=EDGE_CURVE('',#749,#748,#133,.T.);
#917=EDGE_CURVE('',#749,#750,#134,.T.);
#918=EDGE_CURVE('',#750,#744,#135,.T.);
#919=EDGE_CURVE('',#728,#751,#136,.T.);
#920=EDGE_CURVE('',#752,#751,#137,.T.);
#921=EDGE_CURVE('',#753,#752,#665,.T.);
#922=EDGE_CURVE('',#747,#753,#138,.T.);
#923=EDGE_CURVE('',#754,#746,#139,.T.);
#924=EDGE_CURVE('',#755,#754,#140,.T.);
#925=EDGE_CURVE('',#756,#755,#141,.T.);
#926=EDGE_CURVE('',#757,#756,#666,.T.);
#927=EDGE_CURVE('',#758,#757,#142,.T.);
#928=EDGE_CURVE('',#759,#758,#667,.T.);
#929=EDGE_CURVE('',#760,#759,#143,.T.);
#930=EDGE_CURVE('',#760,#732,#144,.T.);
#931=EDGE_CURVE('',#709,#712,#145,.T.);
#932=EDGE_CURVE('',#699,#708,#146,.T.);
#933=EDGE_CURVE('',#761,#762,#147,.T.);
#934=EDGE_CURVE('',#762,#756,#668,.T.);
#935=EDGE_CURVE('',#755,#761,#40,.T.);
#936=EDGE_CURVE('',#763,#757,#669,.T.);
#937=EDGE_CURVE('',#762,#763,#670,.T.);
#938=EDGE_CURVE('',#764,#758,#671,.T.);
#939=EDGE_CURVE('',#763,#764,#148,.T.);
#940=EDGE_CURVE('',#765,#759,#672,.T.);
#941=EDGE_CURVE('',#764,#765,#673,.T.);
#942=EDGE_CURVE('',#766,#760,#674,.T.);
#943=EDGE_CURVE('',#765,#766,#149,.T.);
#944=EDGE_CURVE('',#754,#767,#675,.F.);
#945=EDGE_CURVE('',#767,#761,#150,.T.);
#946=EDGE_CURVE('',#768,#765,#151,.T.);
#947=EDGE_CURVE('',#768,#769,#152,.T.);
#948=EDGE_CURVE('',#769,#766,#153,.T.);
#949=EDGE_CURVE('',#770,#764,#154,.T.);
#950=EDGE_CURVE('',#770,#768,#676,.T.);
#951=EDGE_CURVE('',#771,#763,#155,.T.);
#952=EDGE_CURVE('',#771,#770,#156,.T.);
#953=EDGE_CURVE('',#772,#762,#157,.T.);
#954=EDGE_CURVE('',#772,#771,#677,.T.);
#955=EDGE_CURVE('',#773,#761,#158,.T.);
#956=EDGE_CURVE('',#773,#772,#159,.T.);
#957=EDGE_CURVE('',#767,#740,#160,.T.);
#958=EDGE_CURVE('',#774,#742,#161,.T.);
#959=EDGE_CURVE('',#774,#775,#162,.T.);
#960=EDGE_CURVE('',#775,#735,#163,.T.);
#961=EDGE_CURVE('',#776,#734,#164,.T.);
#962=EDGE_CURVE('',#776,#777,#165,.T.);
#963=EDGE_CURVE('',#777,#778,#166,.T.);
#964=EDGE_CURVE('',#773,#778,#167,.T.);
#965=EDGE_CURVE('',#751,#779,#678,.T.);
#966=EDGE_CURVE('',#779,#780,#168,.T.);
#967=EDGE_CURVE('',#780,#752,#679,.T.);
#968=EDGE_CURVE('',#781,#753,#680,.T.);
#969=EDGE_CURVE('',#780,#781,#681,.T.);
#970=EDGE_CURVE('',#781,#748,#169,.T.);
#971=EDGE_CURVE('',#782,#781,#170,.T.);
#972=EDGE_CURVE('',#782,#783,#171,.T.);
#973=EDGE_CURVE('',#783,#784,#172,.T.);
#974=EDGE_CURVE('',#784,#749,#173,.T.);
#975=EDGE_CURVE('',#785,#780,#174,.T.);
#976=EDGE_CURVE('',#785,#782,#682,.T.);
#977=EDGE_CURVE('',#779,#786,#175,.T.);
#978=EDGE_CURVE('',#786,#785,#176,.T.);
#979=EDGE_CURVE('',#787,#728,#177,.T.);
#980=EDGE_CURVE('',#787,#786,#178,.T.);
#981=EDGE_CURVE('',#731,#787,#41,.T.);
#982=EDGE_CURVE('',#707,#700,#179,.T.);
#983=EDGE_CURVE('',#711,#710,#180,.T.);
#984=EDGE_CURVE('',#732,#788,#181,.T.);
#985=EDGE_CURVE('',#788,#730,#42,.T.);
#986=EDGE_CURVE('',#788,#787,#182,.T.);
#987=EDGE_CURVE('',#737,#745,#183,.T.);
#988=EDGE_CURVE('',#769,#788,#184,.T.);
#989=EDGE_CURVE('',#789,#774,#185,.T.);
#990=EDGE_CURVE('',#750,#789,#186,.T.);
#991=EDGE_CURVE('',#784,#790,#187,.T.);
#992=EDGE_CURVE('',#791,#790,#188,.T.);
#993=EDGE_CURVE('',#791,#777,#189,.T.);
#994=EDGE_CURVE('',#776,#792,#190,.T.);
#995=EDGE_CURVE('',#792,#793,#191,.T.);
#996=EDGE_CURVE('',#793,#775,#192,.T.);
#997=EDGE_CURVE('',#792,#733,#193,.T.);
#998=EDGE_CURVE('',#793,#736,#194,.T.);
#999=EDGE_CURVE('',#791,#794,#195,.T.);
#1000=EDGE_CURVE('',#778,#794,#196,.T.);
#1001=EDGE_CURVE('',#795,#783,#197,.T.);
#1002=EDGE_CURVE('',#790,#795,#198,.T.);
#1003=EDGE_CURVE('',#794,#795,#199,.T.);
#1004=EDGE_CURVE('',#789,#741,#200,.T.);
#1005=EDGE_CURVE('',#796,#797,#201,.T.);
#1006=EDGE_CURVE('',#796,#798,#202,.T.);
#1007=EDGE_CURVE('',#799,#798,#203,.T.);
#1008=EDGE_CURVE('',#797,#799,#204,.T.);
#1009=EDGE_CURVE('',#800,#801,#205,.T.);
#1010=EDGE_CURVE('',#800,#802,#206,.T.);
#1011=EDGE_CURVE('',#803,#802,#207,.T.);
#1012=EDGE_CURVE('',#801,#803,#208,.T.);
#1013=EDGE_CURVE('',#798,#803,#209,.T.);
#1014=EDGE_CURVE('',#802,#799,#210,.T.);
#1015=EDGE_CURVE('',#804,#805,#211,.T.);
#1016=EDGE_CURVE('',#805,#806,#212,.T.);
#1017=EDGE_CURVE('',#807,#806,#213,.T.);
#1018=EDGE_CURVE('',#804,#807,#214,.T.);
#1019=EDGE_CURVE('',#808,#804,#215,.T.);
#1020=EDGE_CURVE('',#809,#807,#216,.T.);
#1021=EDGE_CURVE('',#808,#809,#217,.T.);
#1022=EDGE_CURVE('',#810,#808,#218,.T.);
#1023=EDGE_CURVE('',#811,#809,#219,.T.);
#1024=EDGE_CURVE('',#810,#811,#220,.T.);
#1025=EDGE_CURVE('',#805,#810,#221,.T.);
#1026=EDGE_CURVE('',#806,#811,#222,.T.);
#1027=EDGE_CURVE('',#812,#813,#223,.T.);
#1028=EDGE_CURVE('',#813,#814,#224,.T.);
#1029=EDGE_CURVE('',#815,#814,#225,.T.);
#1030=EDGE_CURVE('',#812,#815,#226,.T.);
#1031=EDGE_CURVE('',#814,#796,#227,.T.);
#1032=EDGE_CURVE('',#797,#815,#228,.T.);
#1033=EDGE_CURVE('',#816,#816,#683,.T.);
#1034=EDGE_CURVE('',#816,#817,#229,.T.);
#1035=EDGE_CURVE('',#817,#817,#684,.T.);
#1036=EDGE_CURVE('',#818,#818,#685,.T.);
#1037=EDGE_CURVE('',#818,#819,#230,.T.);
#1038=EDGE_CURVE('',#819,#819,#686,.T.);
#1039=EDGE_CURVE('',#820,#821,#231,.T.);
#1040=EDGE_CURVE('',#820,#822,#232,.T.);
#1041=EDGE_CURVE('',#823,#822,#233,.T.);
#1042=EDGE_CURVE('',#821,#823,#234,.T.);
#1043=EDGE_CURVE('',#821,#813,#235,.T.);
#1044=EDGE_CURVE('',#801,#823,#236,.T.);
#1045=EDGE_CURVE('',#812,#820,#237,.T.);
#1046=EDGE_CURVE('',#822,#800,#238,.T.);
#1047=ORIENTED_EDGE('',*,*,#824,.T.);
#1048=ORIENTED_EDGE('',*,*,#825,.T.);
#1049=ORIENTED_EDGE('',*,*,#826,.T.);
#1050=ORIENTED_EDGE('',*,*,#825,.F.);
#1051=ORIENTED_EDGE('',*,*,#826,.F.);
#1052=ORIENTED_EDGE('',*,*,#827,.T.);
#1053=ORIENTED_EDGE('',*,*,#828,.F.);
#1054=ORIENTED_EDGE('',*,*,#827,.F.);
#1055=ORIENTED_EDGE('',*,*,#824,.F.);
#1056=ORIENTED_EDGE('',*,*,#829,.T.);
#1057=ORIENTED_EDGE('',*,*,#830,.T.);
#1058=ORIENTED_EDGE('',*,*,#831,.T.);
#1059=ORIENTED_EDGE('',*,*,#830,.F.);
#1060=ORIENTED_EDGE('',*,*,#831,.F.);
#1061=ORIENTED_EDGE('',*,*,#832,.T.);
#1062=ORIENTED_EDGE('',*,*,#833,.F.);
#1063=ORIENTED_EDGE('',*,*,#832,.F.);
#1064=ORIENTED_EDGE('',*,*,#829,.F.);
#1065=ORIENTED_EDGE('',*,*,#834,.T.);
#1066=ORIENTED_EDGE('',*,*,#835,.T.);
#1067=ORIENTED_EDGE('',*,*,#836,.T.);
#1068=ORIENTED_EDGE('',*,*,#835,.F.);
#1069=ORIENTED_EDGE('',*,*,#836,.F.);
#1070=ORIENTED_EDGE('',*,*,#837,.T.);
#1071=ORIENTED_EDGE('',*,*,#838,.F.);
#1072=ORIENTED_EDGE('',*,*,#837,.F.);
#1073=ORIENTED_EDGE('',*,*,#834,.F.);
#1074=ORIENTED_EDGE('',*,*,#839,.T.);
#1075=ORIENTED_EDGE('',*,*,#840,.T.);
#1076=ORIENTED_EDGE('',*,*,#841,.T.);
#1077=ORIENTED_EDGE('',*,*,#840,.F.);
#1078=ORIENTED_EDGE('',*,*,#841,.F.);
#1079=ORIENTED_EDGE('',*,*,#842,.T.);
#1080=ORIENTED_EDGE('',*,*,#843,.F.);
#1081=ORIENTED_EDGE('',*,*,#842,.F.);
#1082=ORIENTED_EDGE('',*,*,#839,.F.);
#1083=ORIENTED_EDGE('',*,*,#844,.T.);
#1084=ORIENTED_EDGE('',*,*,#845,.T.);
#1085=ORIENTED_EDGE('',*,*,#846,.T.);
#1086=ORIENTED_EDGE('',*,*,#847,.T.);
#1087=ORIENTED_EDGE('',*,*,#848,.T.);
#1088=ORIENTED_EDGE('',*,*,#849,.T.);
#1089=ORIENTED_EDGE('',*,*,#850,.T.);
#1090=ORIENTED_EDGE('',*,*,#851,.T.);
#1091=ORIENTED_EDGE('',*,*,#852,.T.);
#1092=ORIENTED_EDGE('',*,*,#853,.T.);
#1093=ORIENTED_EDGE('',*,*,#854,.T.);
#1094=ORIENTED_EDGE('',*,*,#855,.T.);
#1095=ORIENTED_EDGE('',*,*,#856,.T.);
#1096=ORIENTED_EDGE('',*,*,#857,.T.);
#1097=ORIENTED_EDGE('',*,*,#858,.T.);
#1098=ORIENTED_EDGE('',*,*,#859,.T.);
#1099=ORIENTED_EDGE('',*,*,#860,.F.);
#1100=ORIENTED_EDGE('',*,*,#861,.F.);
#1101=ORIENTED_EDGE('',*,*,#862,.F.);
#1102=ORIENTED_EDGE('',*,*,#845,.F.);
#1103=ORIENTED_EDGE('',*,*,#863,.T.);
#1104=ORIENTED_EDGE('',*,*,#861,.T.);
#1105=ORIENTED_EDGE('',*,*,#864,.T.);
#1106=ORIENTED_EDGE('',*,*,#865,.F.);
#1107=ORIENTED_EDGE('',*,*,#866,.F.);
#1108=ORIENTED_EDGE('',*,*,#867,.F.);
#1109=ORIENTED_EDGE('',*,*,#851,.F.);
#1110=ORIENTED_EDGE('',*,*,#868,.T.);
#1111=ORIENTED_EDGE('',*,*,#866,.T.);
#1112=ORIENTED_EDGE('',*,*,#869,.T.);
#1113=ORIENTED_EDGE('',*,*,#860,.T.);
#1114=ORIENTED_EDGE('',*,*,#870,.T.);
#1115=ORIENTED_EDGE('',*,*,#867,.T.);
#1116=ORIENTED_EDGE('',*,*,#871,.T.);
#1117=ORIENTED_EDGE('',*,*,#872,.F.);
#1118=ORIENTED_EDGE('',*,*,#873,.F.);
#1119=ORIENTED_EDGE('',*,*,#874,.F.);
#1120=ORIENTED_EDGE('',*,*,#855,.F.);
#1121=ORIENTED_EDGE('',*,*,#875,.T.);
#1122=ORIENTED_EDGE('',*,*,#873,.T.);
#1123=ORIENTED_EDGE('',*,*,#876,.T.);
#1124=ORIENTED_EDGE('',*,*,#877,.F.);
#1125=ORIENTED_EDGE('',*,*,#878,.F.);
#1126=ORIENTED_EDGE('',*,*,#879,.F.);
#1127=ORIENTED_EDGE('',*,*,#859,.F.);
#1128=ORIENTED_EDGE('',*,*,#880,.T.);
#1129=ORIENTED_EDGE('',*,*,#878,.T.);
#1130=ORIENTED_EDGE('',*,*,#881,.T.);
#1131=ORIENTED_EDGE('',*,*,#865,.T.);
#1132=ORIENTED_EDGE('',*,*,#882,.T.);
#1133=ORIENTED_EDGE('',*,*,#879,.T.);
#1134=ORIENTED_EDGE('',*,*,#883,.T.);
#1135=ORIENTED_EDGE('',*,*,#877,.T.);
#1136=ORIENTED_EDGE('',*,*,#884,.T.);
#1137=ORIENTED_EDGE('',*,*,#874,.T.);
#1138=ORIENTED_EDGE('',*,*,#885,.T.);
#1139=ORIENTED_EDGE('',*,*,#872,.T.);
#1140=ORIENTED_EDGE('',*,*,#886,.T.);
#1141=ORIENTED_EDGE('',*,*,#862,.T.);
#1142=ORIENTED_EDGE('',*,*,#887,.T.);
#1143=ORIENTED_EDGE('',*,*,#864,.F.);
#1144=ORIENTED_EDGE('',*,*,#871,.F.);
#1145=ORIENTED_EDGE('',*,*,#868,.F.);
#1146=ORIENTED_EDGE('',*,*,#888,.F.);
#1147=ORIENTED_EDGE('',*,*,#846,.F.);
#1148=ORIENTED_EDGE('',*,*,#888,.T.);
#1149=ORIENTED_EDGE('',*,*,#850,.F.);
#1150=ORIENTED_EDGE('',*,*,#889,.T.);
#1151=ORIENTED_EDGE('',*,*,#848,.F.);
#1152=ORIENTED_EDGE('',*,*,#890,.T.);
#1153=ORIENTED_EDGE('',*,*,#891,.T.);
#1154=ORIENTED_EDGE('',*,*,#892,.T.);
#1155=ORIENTED_EDGE('',*,*,#869,.F.);
#1156=ORIENTED_EDGE('',*,*,#883,.F.);
#1157=ORIENTED_EDGE('',*,*,#880,.F.);
#1158=ORIENTED_EDGE('',*,*,#893,.F.);
#1159=ORIENTED_EDGE('',*,*,#894,.F.);
#1160=ORIENTED_EDGE('',*,*,#895,.F.);
#1161=ORIENTED_EDGE('',*,*,#896,.F.);
#1162=ORIENTED_EDGE('',*,*,#890,.F.);
#1163=ORIENTED_EDGE('',*,*,#858,.F.);
#1164=ORIENTED_EDGE('',*,*,#897,.T.);
#1165=ORIENTED_EDGE('',*,*,#898,.T.);
#1166=ORIENTED_EDGE('',*,*,#893,.T.);
#1167=ORIENTED_EDGE('',*,*,#870,.F.);
#1168=ORIENTED_EDGE('',*,*,#886,.F.);
#1169=ORIENTED_EDGE('',*,*,#884,.F.);
#1170=ORIENTED_EDGE('',*,*,#882,.F.);
#1171=ORIENTED_EDGE('',*,*,#899,.T.);
#1172=ORIENTED_EDGE('',*,*,#900,.T.);
#1173=ORIENTED_EDGE('',*,*,#901,.T.);
#1174=ORIENTED_EDGE('',*,*,#902,.T.);
#1175=ORIENTED_EDGE('',*,*,#903,.T.);
#1176=ORIENTED_EDGE('',*,*,#904,.T.);
#1177=ORIENTED_EDGE('',*,*,#905,.T.);
#1178=ORIENTED_EDGE('',*,*,#906,.T.);
#1179=ORIENTED_EDGE('',*,*,#904,.F.);
#1180=ORIENTED_EDGE('',*,*,#907,.F.);
#1181=ORIENTED_EDGE('',*,*,#908,.F.);
#1182=ORIENTED_EDGE('',*,*,#909,.F.);
#1183=ORIENTED_EDGE('',*,*,#910,.T.);
#1184=ORIENTED_EDGE('',*,*,#911,.T.);
#1185=ORIENTED_EDGE('',*,*,#912,.T.);
#1186=ORIENTED_EDGE('',*,*,#913,.T.);
#1187=ORIENTED_EDGE('',*,*,#910,.F.);
#1188=ORIENTED_EDGE('',*,*,#914,.F.);
#1189=ORIENTED_EDGE('',*,*,#915,.F.);
#1190=ORIENTED_EDGE('',*,*,#916,.F.);
#1191=ORIENTED_EDGE('',*,*,#917,.T.);
#1192=ORIENTED_EDGE('',*,*,#918,.T.);
#1193=ORIENTED_EDGE('',*,*,#847,.F.);
#1194=ORIENTED_EDGE('',*,*,#889,.F.);
#1195=ORIENTED_EDGE('',*,*,#849,.F.);
#1196=ORIENTED_EDGE('',*,*,#892,.F.);
#1197=ORIENTED_EDGE('',*,*,#919,.T.);
#1198=ORIENTED_EDGE('',*,*,#920,.F.);
#1199=ORIENTED_EDGE('',*,*,#921,.F.);
#1200=ORIENTED_EDGE('',*,*,#922,.F.);
#1201=ORIENTED_EDGE('',*,*,#914,.T.);
#1202=ORIENTED_EDGE('',*,*,#913,.F.);
#1203=ORIENTED_EDGE('',*,*,#923,.F.);
#1204=ORIENTED_EDGE('',*,*,#924,.F.);
#1205=ORIENTED_EDGE('',*,*,#925,.F.);
#1206=ORIENTED_EDGE('',*,*,#926,.F.);
#1207=ORIENTED_EDGE('',*,*,#927,.F.);
#1208=ORIENTED_EDGE('',*,*,#928,.F.);
#1209=ORIENTED_EDGE('',*,*,#929,.F.);
#1210=ORIENTED_EDGE('',*,*,#930,.T.);
#1211=ORIENTED_EDGE('',*,*,#897,.F.);
#1212=ORIENTED_EDGE('',*,*,#857,.F.);
#1213=ORIENTED_EDGE('',*,*,#931,.F.);
#1214=ORIENTED_EDGE('',*,*,#853,.F.);
#1215=ORIENTED_EDGE('',*,*,#932,.F.);
#1216=ORIENTED_EDGE('',*,*,#933,.T.);
#1217=ORIENTED_EDGE('',*,*,#934,.T.);
#1218=ORIENTED_EDGE('',*,*,#925,.T.);
#1219=ORIENTED_EDGE('',*,*,#935,.T.);
#1220=ORIENTED_EDGE('',*,*,#936,.T.);
#1221=ORIENTED_EDGE('',*,*,#926,.T.);
#1222=ORIENTED_EDGE('',*,*,#934,.F.);
#1223=ORIENTED_EDGE('',*,*,#937,.T.);
#1224=ORIENTED_EDGE('',*,*,#938,.T.);
#1225=ORIENTED_EDGE('',*,*,#927,.T.);
#1226=ORIENTED_EDGE('',*,*,#936,.F.);
#1227=ORIENTED_EDGE('',*,*,#939,.T.);
#1228=ORIENTED_EDGE('',*,*,#940,.T.);
#1229=ORIENTED_EDGE('',*,*,#928,.T.);
#1230=ORIENTED_EDGE('',*,*,#938,.F.);
#1231=ORIENTED_EDGE('',*,*,#941,.T.);
#1232=ORIENTED_EDGE('',*,*,#942,.T.);
#1233=ORIENTED_EDGE('',*,*,#929,.T.);
#1234=ORIENTED_EDGE('',*,*,#940,.F.);
#1235=ORIENTED_EDGE('',*,*,#943,.T.);
#1236=ORIENTED_EDGE('',*,*,#924,.T.);
#1237=ORIENTED_EDGE('',*,*,#944,.T.);
#1238=ORIENTED_EDGE('',*,*,#945,.T.);
#1239=ORIENTED_EDGE('',*,*,#935,.F.);
#1240=ORIENTED_EDGE('',*,*,#943,.F.);
#1241=ORIENTED_EDGE('',*,*,#946,.F.);
#1242=ORIENTED_EDGE('',*,*,#947,.T.);
#1243=ORIENTED_EDGE('',*,*,#948,.T.);
#1244=ORIENTED_EDGE('',*,*,#941,.F.);
#1245=ORIENTED_EDGE('',*,*,#949,.F.);
#1246=ORIENTED_EDGE('',*,*,#950,.T.);
#1247=ORIENTED_EDGE('',*,*,#946,.T.);
#1248=ORIENTED_EDGE('',*,*,#939,.F.);
#1249=ORIENTED_EDGE('',*,*,#951,.F.);
#1250=ORIENTED_EDGE('',*,*,#952,.T.);
#1251=ORIENTED_EDGE('',*,*,#949,.T.);
#1252=ORIENTED_EDGE('',*,*,#937,.F.);
#1253=ORIENTED_EDGE('',*,*,#953,.F.);
#1254=ORIENTED_EDGE('',*,*,#954,.T.);
#1255=ORIENTED_EDGE('',*,*,#951,.T.);
#1256=ORIENTED_EDGE('',*,*,#933,.F.);
#1257=ORIENTED_EDGE('',*,*,#955,.F.);
#1258=ORIENTED_EDGE('',*,*,#956,.T.);
#1259=ORIENTED_EDGE('',*,*,#953,.T.);
#1260=ORIENTED_EDGE('',*,*,#945,.F.);
#1261=ORIENTED_EDGE('',*,*,#957,.T.);
#1262=ORIENTED_EDGE('',*,*,#905,.F.);
#1263=ORIENTED_EDGE('',*,*,#909,.T.);
#1264=ORIENTED_EDGE('',*,*,#958,.F.);
#1265=ORIENTED_EDGE('',*,*,#959,.T.);
#1266=ORIENTED_EDGE('',*,*,#960,.T.);
#1267=ORIENTED_EDGE('',*,*,#900,.F.);
#1268=ORIENTED_EDGE('',*,*,#961,.F.);
#1269=ORIENTED_EDGE('',*,*,#962,.T.);
#1270=ORIENTED_EDGE('',*,*,#963,.T.);
#1271=ORIENTED_EDGE('',*,*,#964,.F.);
#1272=ORIENTED_EDGE('',*,*,#955,.T.);
#1273=ORIENTED_EDGE('',*,*,#965,.T.);
#1274=ORIENTED_EDGE('',*,*,#966,.T.);
#1275=ORIENTED_EDGE('',*,*,#967,.T.);
#1276=ORIENTED_EDGE('',*,*,#920,.T.);
#1277=ORIENTED_EDGE('',*,*,#968,.T.);
#1278=ORIENTED_EDGE('',*,*,#921,.T.);
#1279=ORIENTED_EDGE('',*,*,#967,.F.);
#1280=ORIENTED_EDGE('',*,*,#969,.T.);
#1281=ORIENTED_EDGE('',*,*,#915,.T.);
#1282=ORIENTED_EDGE('',*,*,#922,.T.);
#1283=ORIENTED_EDGE('',*,*,#968,.F.);
#1284=ORIENTED_EDGE('',*,*,#970,.T.);
#1285=ORIENTED_EDGE('',*,*,#970,.F.);
#1286=ORIENTED_EDGE('',*,*,#971,.F.);
#1287=ORIENTED_EDGE('',*,*,#972,.T.);
#1288=ORIENTED_EDGE('',*,*,#973,.T.);
#1289=ORIENTED_EDGE('',*,*,#974,.T.);
#1290=ORIENTED_EDGE('',*,*,#916,.T.);
#1291=ORIENTED_EDGE('',*,*,#969,.F.);
#1292=ORIENTED_EDGE('',*,*,#975,.F.);
#1293=ORIENTED_EDGE('',*,*,#976,.T.);
#1294=ORIENTED_EDGE('',*,*,#971,.T.);
#1295=ORIENTED_EDGE('',*,*,#966,.F.);
#1296=ORIENTED_EDGE('',*,*,#977,.T.);
#1297=ORIENTED_EDGE('',*,*,#978,.T.);
#1298=ORIENTED_EDGE('',*,*,#975,.T.);
#1299=ORIENTED_EDGE('',*,*,#965,.F.);
#1300=ORIENTED_EDGE('',*,*,#919,.F.);
#1301=ORIENTED_EDGE('',*,*,#979,.F.);
#1302=ORIENTED_EDGE('',*,*,#980,.T.);
#1303=ORIENTED_EDGE('',*,*,#977,.F.);
#1304=ORIENTED_EDGE('',*,*,#896,.T.);
#1305=ORIENTED_EDGE('',*,*,#981,.T.);
#1306=ORIENTED_EDGE('',*,*,#979,.T.);
#1307=ORIENTED_EDGE('',*,*,#891,.F.);
#1308=ORIENTED_EDGE('',*,*,#844,.F.);
#1309=ORIENTED_EDGE('',*,*,#932,.T.);
#1310=ORIENTED_EDGE('',*,*,#852,.F.);
#1311=ORIENTED_EDGE('',*,*,#982,.T.);
#1312=ORIENTED_EDGE('',*,*,#854,.F.);
#1313=ORIENTED_EDGE('',*,*,#931,.T.);
#1314=ORIENTED_EDGE('',*,*,#856,.F.);
#1315=ORIENTED_EDGE('',*,*,#983,.T.);
#1316=ORIENTED_EDGE('',*,*,#894,.T.);
#1317=ORIENTED_EDGE('',*,*,#898,.F.);
#1318=ORIENTED_EDGE('',*,*,#984,.T.);
#1319=ORIENTED_EDGE('',*,*,#985,.T.);
#1320=ORIENTED_EDGE('',*,*,#895,.T.);
#1321=ORIENTED_EDGE('',*,*,#985,.F.);
#1322=ORIENTED_EDGE('',*,*,#986,.T.);
#1323=ORIENTED_EDGE('',*,*,#981,.F.);
#1324=ORIENTED_EDGE('',*,*,#906,.F.);
#1325=ORIENTED_EDGE('',*,*,#957,.F.);
#1326=ORIENTED_EDGE('',*,*,#944,.F.);
#1327=ORIENTED_EDGE('',*,*,#923,.T.);
#1328=ORIENTED_EDGE('',*,*,#912,.F.);
#1329=ORIENTED_EDGE('',*,*,#987,.F.);
#1330=ORIENTED_EDGE('',*,*,#942,.F.);
#1331=ORIENTED_EDGE('',*,*,#948,.F.);
#1332=ORIENTED_EDGE('',*,*,#988,.T.);
#1333=ORIENTED_EDGE('',*,*,#984,.F.);
#1334=ORIENTED_EDGE('',*,*,#930,.F.);
#1335=ORIENTED_EDGE('',*,*,#959,.F.);
#1336=ORIENTED_EDGE('',*,*,#989,.F.);
#1337=ORIENTED_EDGE('',*,*,#990,.F.);
#1338=ORIENTED_EDGE('',*,*,#917,.F.);
#1339=ORIENTED_EDGE('',*,*,#974,.F.);
#1340=ORIENTED_EDGE('',*,*,#991,.T.);
#1341=ORIENTED_EDGE('',*,*,#992,.F.);
#1342=ORIENTED_EDGE('',*,*,#993,.T.);
#1343=ORIENTED_EDGE('',*,*,#962,.F.);
#1344=ORIENTED_EDGE('',*,*,#994,.T.);
#1345=ORIENTED_EDGE('',*,*,#995,.T.);
#1346=ORIENTED_EDGE('',*,*,#996,.T.);
#1347=ORIENTED_EDGE('',*,*,#995,.F.);
#1348=ORIENTED_EDGE('',*,*,#997,.T.);
#1349=ORIENTED_EDGE('',*,*,#902,.F.);
#1350=ORIENTED_EDGE('',*,*,#998,.F.);
#1351=ORIENTED_EDGE('',*,*,#996,.F.);
#1352=ORIENTED_EDGE('',*,*,#998,.T.);
#1353=ORIENTED_EDGE('',*,*,#901,.F.);
#1354=ORIENTED_EDGE('',*,*,#960,.F.);
#1355=ORIENTED_EDGE('',*,*,#994,.F.);
#1356=ORIENTED_EDGE('',*,*,#961,.T.);
#1357=ORIENTED_EDGE('',*,*,#899,.F.);
#1358=ORIENTED_EDGE('',*,*,#997,.F.);
#1359=ORIENTED_EDGE('',*,*,#993,.F.);
#1360=ORIENTED_EDGE('',*,*,#999,.T.);
#1361=ORIENTED_EDGE('',*,*,#1000,.F.);
#1362=ORIENTED_EDGE('',*,*,#963,.F.);
#1363=ORIENTED_EDGE('',*,*,#991,.F.);
#1364=ORIENTED_EDGE('',*,*,#973,.F.);
#1365=ORIENTED_EDGE('',*,*,#1001,.F.);
#1366=ORIENTED_EDGE('',*,*,#1002,.F.);
#1367=ORIENTED_EDGE('',*,*,#992,.T.);
#1368=ORIENTED_EDGE('',*,*,#1002,.T.);
#1369=ORIENTED_EDGE('',*,*,#1003,.F.);
#1370=ORIENTED_EDGE('',*,*,#999,.F.);
#1371=ORIENTED_EDGE('',*,*,#986,.F.);
#1372=ORIENTED_EDGE('',*,*,#988,.F.);
#1373=ORIENTED_EDGE('',*,*,#947,.F.);
#1374=ORIENTED_EDGE('',*,*,#950,.F.);
#1375=ORIENTED_EDGE('',*,*,#952,.F.);
#1376=ORIENTED_EDGE('',*,*,#954,.F.);
#1377=ORIENTED_EDGE('',*,*,#956,.F.);
#1378=ORIENTED_EDGE('',*,*,#964,.T.);
#1379=ORIENTED_EDGE('',*,*,#1000,.T.);
#1380=ORIENTED_EDGE('',*,*,#1003,.T.);
#1381=ORIENTED_EDGE('',*,*,#1001,.T.);
#1382=ORIENTED_EDGE('',*,*,#972,.F.);
#1383=ORIENTED_EDGE('',*,*,#976,.F.);
#1384=ORIENTED_EDGE('',*,*,#978,.F.);
#1385=ORIENTED_EDGE('',*,*,#980,.F.);
#1386=ORIENTED_EDGE('',*,*,#843,.T.);
#1387=ORIENTED_EDGE('',*,*,#838,.T.);
#1388=ORIENTED_EDGE('',*,*,#833,.T.);
#1389=ORIENTED_EDGE('',*,*,#828,.T.);
#1390=ORIENTED_EDGE('',*,*,#908,.T.);
#1391=ORIENTED_EDGE('',*,*,#1004,.F.);
#1392=ORIENTED_EDGE('',*,*,#989,.T.);
#1393=ORIENTED_EDGE('',*,*,#958,.T.);
#1394=ORIENTED_EDGE('',*,*,#911,.F.);
#1395=ORIENTED_EDGE('',*,*,#918,.F.);
#1396=ORIENTED_EDGE('',*,*,#990,.T.);
#1397=ORIENTED_EDGE('',*,*,#1004,.T.);
#1398=ORIENTED_EDGE('',*,*,#907,.T.);
#1399=ORIENTED_EDGE('',*,*,#903,.F.);
#1400=ORIENTED_EDGE('',*,*,#987,.T.);
#1401=ORIENTED_EDGE('',*,*,#863,.F.);
#1402=ORIENTED_EDGE('',*,*,#982,.F.);
#1403=ORIENTED_EDGE('',*,*,#876,.F.);
#1404=ORIENTED_EDGE('',*,*,#887,.F.);
#1405=ORIENTED_EDGE('',*,*,#875,.F.);
#1406=ORIENTED_EDGE('',*,*,#983,.F.);
#1407=ORIENTED_EDGE('',*,*,#881,.F.);
#1408=ORIENTED_EDGE('',*,*,#885,.F.);
#1409=ORIENTED_EDGE('',*,*,#1005,.F.);
#1410=ORIENTED_EDGE('',*,*,#1006,.T.);
#1411=ORIENTED_EDGE('',*,*,#1007,.F.);
#1412=ORIENTED_EDGE('',*,*,#1008,.F.);
#1413=ORIENTED_EDGE('',*,*,#1009,.F.);
#1414=ORIENTED_EDGE('',*,*,#1010,.T.);
#1415=ORIENTED_EDGE('',*,*,#1011,.F.);
#1416=ORIENTED_EDGE('',*,*,#1012,.F.);
#1417=ORIENTED_EDGE('',*,*,#1007,.T.);
#1418=ORIENTED_EDGE('',*,*,#1013,.T.);
#1419=ORIENTED_EDGE('',*,*,#1011,.T.);
#1420=ORIENTED_EDGE('',*,*,#1014,.T.);
#1421=ORIENTED_EDGE('',*,*,#1015,.T.);
#1422=ORIENTED_EDGE('',*,*,#1016,.T.);
#1423=ORIENTED_EDGE('',*,*,#1017,.F.);
#1424=ORIENTED_EDGE('',*,*,#1018,.F.);
#1425=ORIENTED_EDGE('',*,*,#1019,.T.);
#1426=ORIENTED_EDGE('',*,*,#1018,.T.);
#1427=ORIENTED_EDGE('',*,*,#1020,.F.);
#1428=ORIENTED_EDGE('',*,*,#1021,.F.);
#1429=ORIENTED_EDGE('',*,*,#1022,.T.);
#1430=ORIENTED_EDGE('',*,*,#1021,.T.);
#1431=ORIENTED_EDGE('',*,*,#1023,.F.);
#1432=ORIENTED_EDGE('',*,*,#1024,.F.);
#1433=ORIENTED_EDGE('',*,*,#1025,.T.);
#1434=ORIENTED_EDGE('',*,*,#1024,.T.);
#1435=ORIENTED_EDGE('',*,*,#1026,.F.);
#1436=ORIENTED_EDGE('',*,*,#1016,.F.);
#1437=ORIENTED_EDGE('',*,*,#1027,.T.);
#1438=ORIENTED_EDGE('',*,*,#1028,.T.);
#1439=ORIENTED_EDGE('',*,*,#1029,.F.);
#1440=ORIENTED_EDGE('',*,*,#1030,.F.);
#1441=ORIENTED_EDGE('',*,*,#1029,.T.);
#1442=ORIENTED_EDGE('',*,*,#1031,.T.);
#1443=ORIENTED_EDGE('',*,*,#1005,.T.);
#1444=ORIENTED_EDGE('',*,*,#1032,.T.);
#1445=ORIENTED_EDGE('',*,*,#1026,.T.);
#1446=ORIENTED_EDGE('',*,*,#1023,.T.);
#1447=ORIENTED_EDGE('',*,*,#1020,.T.);
#1448=ORIENTED_EDGE('',*,*,#1017,.T.);
#1449=ORIENTED_EDGE('',*,*,#1033,.F.);
#1450=ORIENTED_EDGE('',*,*,#1034,.T.);
#1451=ORIENTED_EDGE('',*,*,#1035,.T.);
#1452=ORIENTED_EDGE('',*,*,#1034,.F.);
#1453=ORIENTED_EDGE('',*,*,#1036,.F.);
#1454=ORIENTED_EDGE('',*,*,#1037,.T.);
#1455=ORIENTED_EDGE('',*,*,#1038,.T.);
#1456=ORIENTED_EDGE('',*,*,#1037,.F.);
#1457=ORIENTED_EDGE('',*,*,#1039,.F.);
#1458=ORIENTED_EDGE('',*,*,#1040,.T.);
#1459=ORIENTED_EDGE('',*,*,#1041,.F.);
#1460=ORIENTED_EDGE('',*,*,#1042,.F.);
#1461=ORIENTED_EDGE('',*,*,#1043,.F.);
#1462=ORIENTED_EDGE('',*,*,#1042,.T.);
#1463=ORIENTED_EDGE('',*,*,#1044,.F.);
#1464=ORIENTED_EDGE('',*,*,#1012,.T.);
#1465=ORIENTED_EDGE('',*,*,#1013,.F.);
#1466=ORIENTED_EDGE('',*,*,#1006,.F.);
#1467=ORIENTED_EDGE('',*,*,#1031,.F.);
#1468=ORIENTED_EDGE('',*,*,#1028,.F.);
#1469=ORIENTED_EDGE('',*,*,#1045,.F.);
#1470=ORIENTED_EDGE('',*,*,#1030,.T.);
#1471=ORIENTED_EDGE('',*,*,#1032,.F.);
#1472=ORIENTED_EDGE('',*,*,#1008,.T.);
#1473=ORIENTED_EDGE('',*,*,#1014,.F.);
#1474=ORIENTED_EDGE('',*,*,#1010,.F.);
#1475=ORIENTED_EDGE('',*,*,#1046,.F.);
#1476=ORIENTED_EDGE('',*,*,#1040,.F.);
#1477=ORIENTED_EDGE('',*,*,#1046,.T.);
#1478=ORIENTED_EDGE('',*,*,#1009,.T.);
#1479=ORIENTED_EDGE('',*,*,#1044,.T.);
#1480=ORIENTED_EDGE('',*,*,#1041,.T.);
#1481=ORIENTED_EDGE('',*,*,#1036,.T.);
#1482=ORIENTED_EDGE('',*,*,#1033,.T.);
#1483=ORIENTED_EDGE('',*,*,#1045,.T.);
#1484=ORIENTED_EDGE('',*,*,#1039,.T.);
#1485=ORIENTED_EDGE('',*,*,#1043,.T.);
#1486=ORIENTED_EDGE('',*,*,#1027,.F.);
#1487=ORIENTED_EDGE('',*,*,#1025,.F.);
#1488=ORIENTED_EDGE('',*,*,#1015,.F.);
#1489=ORIENTED_EDGE('',*,*,#1019,.F.);
#1490=ORIENTED_EDGE('',*,*,#1022,.F.);
#1491=ORIENTED_EDGE('',*,*,#1038,.F.);
#1492=ORIENTED_EDGE('',*,*,#1035,.F.);
#1493=TOROIDAL_SURFACE('',#1624,0.700000000000003,0.5);
#1494=TOROIDAL_SURFACE('',#1631,0.700000000000003,0.5);
#1495=TOROIDAL_SURFACE('',#1638,0.700000000000001,0.5);
#1496=TOROIDAL_SURFACE('',#1645,0.699999999999999,0.5);
#1497=TOROIDAL_SURFACE('',#1652,3.,1.);
#1498=TOROIDAL_SURFACE('',#1657,3.,1.);
#1499=TOROIDAL_SURFACE('',#1662,3.,1.);
#1500=TOROIDAL_SURFACE('',#1667,3.,1.);
#1501=TOROIDAL_SURFACE('',#1720,2.84999999999999,1.);
#1502=TOROIDAL_SURFACE('',#1725,2.84999999999999,1.);
#1503=TOROIDAL_SURFACE('',#1743,2.84999999999999,1.);
#1504=ADVANCED_FACE('',(#419),#1493,.T.);
#1505=ADVANCED_FACE('',(#420),#386,.T.);
#1506=ADVANCED_FACE('',(#421),#47,.T.);
#1507=ADVANCED_FACE('',(#422),#1494,.T.);
#1508=ADVANCED_FACE('',(#423),#387,.T.);
#1509=ADVANCED_FACE('',(#424),#48,.T.);
#1510=ADVANCED_FACE('',(#425),#1495,.T.);
#1511=ADVANCED_FACE('',(#426),#388,.T.);
#1512=ADVANCED_FACE('',(#427),#49,.T.);
#1513=ADVANCED_FACE('',(#428),#1496,.T.);
#1514=ADVANCED_FACE('',(#429),#389,.T.);
#1515=ADVANCED_FACE('',(#430),#50,.T.);
#1516=ADVANCED_FACE('',(#431),#1497,.T.);
#1517=ADVANCED_FACE('',(#432),#1498,.T.);
#1518=ADVANCED_FACE('',(#433),#1499,.T.);
#1519=ADVANCED_FACE('',(#434),#1500,.T.);
#1520=ADVANCED_FACE('',(#435),#43,.T.);
#1521=ADVANCED_FACE('',(#436),#390,.T.);
#1522=ADVANCED_FACE('',(#437),#44,.T.);
#1523=ADVANCED_FACE('',(#438),#391,.T.);
#1524=ADVANCED_FACE('',(#439),#392,.T.);
#1525=ADVANCED_FACE('',(#440),#45,.T.);
#1526=ADVANCED_FACE('',(#441),#393,.T.);
#1527=ADVANCED_FACE('',(#442),#46,.T.);
#1528=ADVANCED_FACE('',(#443),#394,.T.);
#1529=ADVANCED_FACE('',(#444),#395,.T.);
#1530=ADVANCED_FACE('',(#445),#396,.T.);
#1531=ADVANCED_FACE('',(#446),#397,.T.);
#1532=ADVANCED_FACE('',(#447),#51,.T.);
#1533=ADVANCED_FACE('',(#448),#398,.T.);
#1534=ADVANCED_FACE('',(#449),#399,.T.);
#1535=ADVANCED_FACE('',(#450),#52,.T.);
#1536=ADVANCED_FACE('',(#451),#400,.T.);
#1537=ADVANCED_FACE('',(#452,#27),#53,.T.);
#1538=ADVANCED_FACE('',(#453),#401,.T.);
#1539=ADVANCED_FACE('',(#454),#54,.T.);
#1540=ADVANCED_FACE('',(#455),#402,.T.);
#1541=ADVANCED_FACE('',(#456),#55,.T.);
#1542=ADVANCED_FACE('',(#457),#56,.T.);
#1543=ADVANCED_FACE('',(#458),#403,.T.);
#1544=ADVANCED_FACE('',(#459),#1501,.T.);
#1545=ADVANCED_FACE('',(#460),#404,.T.);
#1546=ADVANCED_FACE('',(#461),#1502,.T.);
#1547=ADVANCED_FACE('',(#462),#405,.T.);
#1548=ADVANCED_FACE('',(#463),#406,.T.);
#1549=ADVANCED_FACE('',(#464),#57,.T.);
#1550=ADVANCED_FACE('',(#465),#407,.F.);
#1551=ADVANCED_FACE('',(#466),#58,.T.);
#1552=ADVANCED_FACE('',(#467),#408,.F.);
#1553=ADVANCED_FACE('',(#468),#59,.T.);
#1554=ADVANCED_FACE('',(#469),#60,.T.);
#1555=ADVANCED_FACE('',(#470),#409,.T.);
#1556=ADVANCED_FACE('',(#471),#1503,.T.);
#1557=ADVANCED_FACE('',(#472),#410,.T.);
#1558=ADVANCED_FACE('',(#473),#61,.T.);
#1559=ADVANCED_FACE('',(#474),#411,.F.);
#1560=ADVANCED_FACE('',(#475),#62,.T.);
#1561=ADVANCED_FACE('',(#476),#63,.F.);
#1562=ADVANCED_FACE('',(#477),#412,.T.);
#1563=ADVANCED_FACE('',(#478),#413,.T.);
#1564=ADVANCED_FACE('',(#479),#414,.T.);
#1565=ADVANCED_FACE('',(#480),#415,.T.);
#1566=ADVANCED_FACE('',(#481),#416,.T.);
#1567=ADVANCED_FACE('',(#482),#64,.T.);
#1568=ADVANCED_FACE('',(#483),#65,.F.);
#1569=ADVANCED_FACE('',(#484),#66,.T.);
#1570=ADVANCED_FACE('',(#485),#67,.T.);
#1571=ADVANCED_FACE('',(#486),#68,.T.);
#1572=ADVANCED_FACE('',(#487),#69,.T.);
#1573=ADVANCED_FACE('',(#488),#70,.T.);
#1574=ADVANCED_FACE('',(#489),#71,.T.);
#1575=ADVANCED_FACE('',(#490),#72,.T.);
#1576=ADVANCED_FACE('',(#491,#28,#29,#30,#31),#73,.T.);
#1577=ADVANCED_FACE('',(#492),#74,.T.);
#1578=ADVANCED_FACE('',(#493),#75,.T.);
#1579=ADVANCED_FACE('',(#494),#76,.T.);
#1580=ADVANCED_FACE('',(#495),#77,.T.);
#1581=ADVANCED_FACE('',(#496),#78,.T.);
#1582=ADVANCED_FACE('',(#497),#79,.T.);
#1583=ADVANCED_FACE('',(#498),#80,.T.);
#1584=ADVANCED_FACE('',(#499),#81,.T.);
#1585=ADVANCED_FACE('',(#500),#82,.T.);
#1586=ADVANCED_FACE('',(#501),#83,.T.);
#1587=ADVANCED_FACE('',(#502),#84,.T.);
#1588=ADVANCED_FACE('',(#503),#85,.T.);
#1589=ADVANCED_FACE('',(#504,#32),#86,.T.);
#1590=ADVANCED_FACE('',(#505),#417,.F.);
#1591=ADVANCED_FACE('',(#506),#418,.F.);
#1592=ADVANCED_FACE('',(#507),#87,.T.);
#1593=ADVANCED_FACE('',(#508),#88,.T.);
#1594=ADVANCED_FACE('',(#509),#89,.T.);
#1595=ADVANCED_FACE('',(#510,#33,#34),#90,.T.);
#1596=ADVANCED_FACE('',(#511,#35,#36,#37),#91,.F.);
#1597=CLOSED_SHELL('',(#1504,#1505,#1506,#1507,#1508,#1509,#1510,#1511,
#1512,#1513,#1514,#1515,#1516,#1517,#1518,#1519,#1520,#1521,#1522,#1523,
#1524,#1525,#1526,#1527,#1528,#1529,#1530,#1531,#1532,#1533,#1534,#1535,
#1536,#1537,#1538,#1539,#1540,#1541,#1542,#1543,#1544,#1545,#1546,#1547,
#1548,#1549,#1550,#1551,#1552,#1553,#1554,#1555,#1556,#1557,#1558,#1559,
#1560,#1561,#1562,#1563,#1564,#1565,#1566,#1567,#1568,#1569,#1570,#1571,
#1572,#1573,#1574,#1575,#1576,#1577,#1578,#1579,#1580));
#1598=CLOSED_SHELL('',(#1581,#1582,#1583,#1584,#1585,#1586,#1587,#1588,
#1589,#1590,#1591,#1592,#1593,#1594,#1595,#1596));
#1599=DERIVED_UNIT_ELEMENT(#1603,1.);
#1600=DERIVED_UNIT_ELEMENT(#2758,-3.);
#1601=DERIVED_UNIT_ELEMENT(#1603,1.);
#1602=DERIVED_UNIT_ELEMENT(#2758,-3.);
#1603=(
MASS_UNIT()
NAMED_UNIT(*)
SI_UNIT(.KILO.,.GRAM.)
);
#1604=DERIVED_UNIT((#1599,#1600));
#1605=DERIVED_UNIT((#1601,#1602));
#1606=MEASURE_REPRESENTATION_ITEM('density measure',
POSITIVE_RATIO_MEASURE(7850.),#1604);
#1607=MEASURE_REPRESENTATION_ITEM('density measure',
POSITIVE_RATIO_MEASURE(7850.),#1605);
#1608=PROPERTY_DEFINITION_REPRESENTATION(#1618,#1612);
#1609=PROPERTY_DEFINITION_REPRESENTATION(#1619,#1613);
#1610=PROPERTY_DEFINITION_REPRESENTATION(#1620,#1614);
#1611=PROPERTY_DEFINITION_REPRESENTATION(#1621,#1615);
#1612=REPRESENTATION('material name',(#1616),#2754);
#1613=REPRESENTATION('density',(#1606),#2754);
#1614=REPRESENTATION('material name',(#1617),#2755);
#1615=REPRESENTATION('density',(#1607),#2755);
#1616=DESCRIPTIVE_REPRESENTATION_ITEM('Steel','Steel');
#1617=DESCRIPTIVE_REPRESENTATION_ITEM('Steel','Steel');
#1618=PROPERTY_DEFINITION('material property','material name',#2774);
#1619=PROPERTY_DEFINITION('material property','density of part',#2774);
#1620=PROPERTY_DEFINITION('material property','material name',#2775);
#1621=PROPERTY_DEFINITION('material property','density of part',#2775);
#1622=AXIS2_PLACEMENT_3D('',#2291,#1796,#1797);
#1623=AXIS2_PLACEMENT_3D('',#2292,#1798,#1799);
#1624=AXIS2_PLACEMENT_3D('',#2293,#1800,#1801);
#1625=AXIS2_PLACEMENT_3D('',#2295,#1802,#1803);
#1626=AXIS2_PLACEMENT_3D('',#2297,#1804,#1805);
#1627=AXIS2_PLACEMENT_3D('',#2298,#1806,#1807);
#1628=AXIS2_PLACEMENT_3D('',#2299,#1808,#1809);
#1629=AXIS2_PLACEMENT_3D('',#2302,#1811,#1812);
#1630=AXIS2_PLACEMENT_3D('',#2303,#1813,#1814);
#1631=AXIS2_PLACEMENT_3D('',#2304,#1815,#1816);
#1632=AXIS2_PLACEMENT_3D('',#2306,#1817,#1818);
#1633=AXIS2_PLACEMENT_3D('',#2308,#1819,#1820);
#1634=AXIS2_PLACEMENT_3D('',#2309,#1821,#1822);
#1635=AXIS2_PLACEMENT_3D('',#2310,#1823,#1824);
#1636=AXIS2_PLACEMENT_3D('',#2313,#1826,#1827);
#1637=AXIS2_PLACEMENT_3D('',#2314,#1828,#1829);
#1638=AXIS2_PLACEMENT_3D('',#2315,#1830,#1831);
#1639=AXIS2_PLACEMENT_3D('',#2317,#1832,#1833);
#1640=AXIS2_PLACEMENT_3D('',#2319,#1834,#1835);
#1641=AXIS2_PLACEMENT_3D('',#2320,#1836,#1837);
#1642=AXIS2_PLACEMENT_3D('',#2321,#1838,#1839);
#1643=AXIS2_PLACEMENT_3D('',#2324,#1841,#1842);
#1644=AXIS2_PLACEMENT_3D('',#2325,#1843,#1844);
#1645=AXIS2_PLACEMENT_3D('',#2326,#1845,#1846);
#1646=AXIS2_PLACEMENT_3D('',#2328,#1847,#1848);
#1647=AXIS2_PLACEMENT_3D('',#2330,#1849,#1850);
#1648=AXIS2_PLACEMENT_3D('',#2331,#1851,#1852);
#1649=AXIS2_PLACEMENT_3D('',#2332,#1853,#1854);
#1650=AXIS2_PLACEMENT_3D('',#2335,#1856,#1857);
#1651=AXIS2_PLACEMENT_3D('',#2336,#1858,#1859);
#1652=AXIS2_PLACEMENT_3D('',#2337,#1860,#1861);
#1653=AXIS2_PLACEMENT_3D('',#2340,#1862,#1863);
#1654=AXIS2_PLACEMENT_3D('',#2342,#1864,#1865);
#1655=AXIS2_PLACEMENT_3D('',#2344,#1866,#1867);
#1656=AXIS2_PLACEMENT_3D('',#2345,#1868,#1869);
#1657=AXIS2_PLACEMENT_3D('',#2346,#1870,#1871);
#1658=AXIS2_PLACEMENT_3D('',#2349,#1872,#1873);
#1659=AXIS2_PLACEMENT_3D('',#2351,#1874,#1875);
#1660=AXIS2_PLACEMENT_3D('',#2353,#1876,#1877);
#1661=AXIS2_PLACEMENT_3D('',#2354,#1878,#1879);
#1662=AXIS2_PLACEMENT_3D('',#2355,#1880,#1881);
#1663=AXIS2_PLACEMENT_3D('',#2358,#1882,#1883);
#1664=AXIS2_PLACEMENT_3D('',#2360,#1884,#1885);
#1665=AXIS2_PLACEMENT_3D('',#2362,#1886,#1887);
#1666=AXIS2_PLACEMENT_3D('',#2363,#1888,#1889);
#1667=AXIS2_PLACEMENT_3D('',#2364,#1890,#1891);
#1668=AXIS2_PLACEMENT_3D('',#2367,#1892,#1893);
#1669=AXIS2_PLACEMENT_3D('',#2369,#1894,#1895);
#1670=AXIS2_PLACEMENT_3D('',#2371,#1896,#1897);
#1671=AXIS2_PLACEMENT_3D('',#2372,#1898,#1899);
#1672=AXIS2_PLACEMENT_3D('',#2373,#1900,#1901);
#1673=AXIS2_PLACEMENT_3D('',#2376,#1902,#1903);
#1674=AXIS2_PLACEMENT_3D('',#2378,#1904,#1905);
#1675=AXIS2_PLACEMENT_3D('',#2379,#1906,#1907);
#1676=AXIS2_PLACEMENT_3D('',#2380,#1908,#1909);
#1677=AXIS2_PLACEMENT_3D('',#2383,#1912,#1913);
#1678=AXIS2_PLACEMENT_3D('',#2386,#1914,#1915);
#1679=AXIS2_PLACEMENT_3D('',#2388,#1916,#1917);
#1680=AXIS2_PLACEMENT_3D('',#2389,#1918,#1919);
#1681=AXIS2_PLACEMENT_3D('',#2390,#1920,#1921);
#1682=AXIS2_PLACEMENT_3D('',#2393,#1924,#1925);
#1683=AXIS2_PLACEMENT_3D('',#2396,#1928,#1929);
#1684=AXIS2_PLACEMENT_3D('',#2399,#1930,#1931);
#1685=AXIS2_PLACEMENT_3D('',#2401,#1932,#1933);
#1686=AXIS2_PLACEMENT_3D('',#2402,#1934,#1935);
#1687=AXIS2_PLACEMENT_3D('',#2403,#1936,#1937);
#1688=AXIS2_PLACEMENT_3D('',#2406,#1940,#1941);
#1689=AXIS2_PLACEMENT_3D('',#2409,#1942,#1943);
#1690=AXIS2_PLACEMENT_3D('',#2411,#1944,#1945);
#1691=AXIS2_PLACEMENT_3D('',#2412,#1946,#1947);
#1692=AXIS2_PLACEMENT_3D('',#2413,#1948,#1949);
#1693=AXIS2_PLACEMENT_3D('',#2416,#1952,#1953);
#1694=AXIS2_PLACEMENT_3D('',#2419,#1956,#1957);
#1695=AXIS2_PLACEMENT_3D('',#2422,#1960,#1961);
#1696=AXIS2_PLACEMENT_3D('',#2425,#1964,#1965);
#1697=AXIS2_PLACEMENT_3D('',#2427,#1967,#1968);
#1698=AXIS2_PLACEMENT_3D('',#2429,#1970,#1971);
#1699=AXIS2_PLACEMENT_3D('',#2433,#1973,#1974);
#1700=AXIS2_PLACEMENT_3D('',#2435,#1976,#1977);
#1701=AXIS2_PLACEMENT_3D('',#2443,#1982,#1983);
#1702=AXIS2_PLACEMENT_3D('',#2446,#1985,#1986);
#1703=AXIS2_PLACEMENT_3D('',#2447,#1987,#1988);
#1704=AXIS2_PLACEMENT_3D('',#2456,#1993,#1994);
#1705=AXIS2_PLACEMENT_3D('',#2459,#1995,#1996);
#1706=AXIS2_PLACEMENT_3D('',#2463,#1998,#1999);
#1707=AXIS2_PLACEMENT_3D('',#2465,#2001,#2002);
#1708=AXIS2_PLACEMENT_3D('',#2471,#2006,#2007);
#1709=AXIS2_PLACEMENT_3D('',#2474,#2008,#2009);
#1710=AXIS2_PLACEMENT_3D('',#2478,#2011,#2012);
#1711=AXIS2_PLACEMENT_3D('',#2480,#2014,#2015);
#1712=AXIS2_PLACEMENT_3D('',#2484,#2017,#2018);
#1713=AXIS2_PLACEMENT_3D('',#2490,#2022,#2023);
#1714=AXIS2_PLACEMENT_3D('',#2496,#2026,#2027);
#1715=AXIS2_PLACEMENT_3D('',#2505,#2032,#2033);
#1716=AXIS2_PLACEMENT_3D('',#2509,#2035,#2036);
#1717=AXIS2_PLACEMENT_3D('',#2515,#2041,#2042);
#1718=AXIS2_PLACEMENT_3D('',#2519,#2044,#2045);
#1719=AXIS2_PLACEMENT_3D('',#2520,#2046,#2047);
#1720=AXIS2_PLACEMENT_3D('',#2521,#2048,#2049);
#1721=AXIS2_PLACEMENT_3D('',#2523,#2050,#2051);
#1722=AXIS2_PLACEMENT_3D('',#2524,#2052,#2053);
#1723=AXIS2_PLACEMENT_3D('',#2525,#2054,#2055);
#1724=AXIS2_PLACEMENT_3D('',#2527,#2056,#2057);
#1725=AXIS2_PLACEMENT_3D('',#2529,#2059,#2060);
#1726=AXIS2_PLACEMENT_3D('',#2531,#2061,#2062);
#1727=AXIS2_PLACEMENT_3D('',#2532,#2063,#2064);
#1728=AXIS2_PLACEMENT_3D('',#2533,#2065,#2066);
#1729=AXIS2_PLACEMENT_3D('',#2535,#2067,#2068);
#1730=AXIS2_PLACEMENT_3D('',#2537,#2070,#2071);
#1731=AXIS2_PLACEMENT_3D('',#2539,#2072,#2073);
#1732=AXIS2_PLACEMENT_3D('',#2541,#2075,#2076);
#1733=AXIS2_PLACEMENT_3D('',#2547,#2080,#2081);
#1734=AXIS2_PLACEMENT_3D('',#2550,#2083,#2084);
#1735=AXIS2_PLACEMENT_3D('',#2551,#2085,#2086);
#1736=AXIS2_PLACEMENT_3D('',#2555,#2089,#2090);
#1737=AXIS2_PLACEMENT_3D('',#2558,#2092,#2093);
#1738=AXIS2_PLACEMENT_3D('',#2559,#2094,#2095);
#1739=AXIS2_PLACEMENT_3D('',#2563,#2098,#2099);
#1740=AXIS2_PLACEMENT_3D('',#2577,#2108,#2109);
#1741=AXIS2_PLACEMENT_3D('',#2579,#2110,#2111);
#1742=AXIS2_PLACEMENT_3D('',#2582,#2113,#2114);
#1743=AXIS2_PLACEMENT_3D('',#2583,#2115,#2116);
#1744=AXIS2_PLACEMENT_3D('',#2585,#2117,#2118);
#1745=AXIS2_PLACEMENT_3D('',#2586,#2119,#2120);
#1746=AXIS2_PLACEMENT_3D('',#2587,#2121,#2122);
#1747=AXIS2_PLACEMENT_3D('',#2589,#2124,#2125);
#1748=AXIS2_PLACEMENT_3D('',#2597,#2130,#2131);
#1749=AXIS2_PLACEMENT_3D('',#2600,#2133,#2134);
#1750=AXIS2_PLACEMENT_3D('',#2601,#2135,#2136);
#1751=AXIS2_PLACEMENT_3D('',#2605,#2139,#2140);
#1752=AXIS2_PLACEMENT_3D('',#2609,#2143,#2144);
#1753=AXIS2_PLACEMENT_3D('',#2610,#2145,#2146);
#1754=AXIS2_PLACEMENT_3D('',#2611,#2147,#2148);
#1755=AXIS2_PLACEMENT_3D('',#2613,#2150,#2151);
#1756=AXIS2_PLACEMENT_3D('',#2615,#2153,#2154);
#1757=AXIS2_PLACEMENT_3D('',#2618,#2156,#2157);
#1758=AXIS2_PLACEMENT_3D('',#2619,#2158,#2159);
#1759=AXIS2_PLACEMENT_3D('',#2621,#2161,#2162);
#1760=AXIS2_PLACEMENT_3D('',#2623,#2164,#2165);
#1761=AXIS2_PLACEMENT_3D('',#2625,#2167,#2168);
#1762=AXIS2_PLACEMENT_3D('',#2639,#2177,#2178);
#1763=AXIS2_PLACEMENT_3D('',#2642,#2181,#2182);
#1764=AXIS2_PLACEMENT_3D('',#2643,#2183,#2184);
#1765=AXIS2_PLACEMENT_3D('',#2644,#2185,#2186);
#1766=AXIS2_PLACEMENT_3D('',#2648,#2189,#2190);
#1767=AXIS2_PLACEMENT_3D('',#2652,#2193,#2194);
#1768=AXIS2_PLACEMENT_3D('',#2654,#2196,#2197);
#1769=AXIS2_PLACEMENT_3D('',#2655,#2198,#2199);
#1770=AXIS2_PLACEMENT_3D('',#2657,#2201,#2202);
#1771=AXIS2_PLACEMENT_3D('',#2658,#2203,#2204);
#1772=AXIS2_PLACEMENT_3D('',#2659,#2205,#2206);
#1773=AXIS2_PLACEMENT_3D('',#2660,#2207,#2208);
#1774=AXIS2_PLACEMENT_3D('',#2661,#2209,#2210);
#1775=AXIS2_PLACEMENT_3D('',#2670,#2215,#2216);
#1776=AXIS2_PLACEMENT_3D('',#2679,#2221,#2222);
#1777=AXIS2_PLACEMENT_3D('',#2682,#2225,#2226);
#1778=AXIS2_PLACEMENT_3D('',#2691,#2231,#2232);
#1779=AXIS2_PLACEMENT_3D('',#2697,#2236,#2237);
#1780=AXIS2_PLACEMENT_3D('',#2703,#2241,#2242);
#1781=AXIS2_PLACEMENT_3D('',#2706,#2245,#2246);
#1782=AXIS2_PLACEMENT_3D('',#2715,#2251,#2252);
#1783=AXIS2_PLACEMENT_3D('',#2718,#2255,#2256);
#1784=AXIS2_PLACEMENT_3D('',#2720,#2257,#2258);
#1785=AXIS2_PLACEMENT_3D('',#2723,#2260,#2261);
#1786=AXIS2_PLACEMENT_3D('',#2724,#2262,#2263);
#1787=AXIS2_PLACEMENT_3D('',#2726,#2264,#2265);
#1788=AXIS2_PLACEMENT_3D('',#2729,#2267,#2268);
#1789=AXIS2_PLACEMENT_3D('',#2730,#2269,#2270);
#1790=AXIS2_PLACEMENT_3D('',#2739,#2275,#2276);
#1791=AXIS2_PLACEMENT_3D('',#2742,#2279,#2280);
#1792=AXIS2_PLACEMENT_3D('',#2745,#2283,#2284);
#1793=AXIS2_PLACEMENT_3D('',#2746,#2285,#2286);
#1794=AXIS2_PLACEMENT_3D('',#2747,#2287,#2288);
#1795=AXIS2_PLACEMENT_3D('',#2748,#2289,#2290);
#1796=DIRECTION('axis',(0.,0.,1.));
#1797=DIRECTION('refdir',(1.,0.,0.));
#1798=DIRECTION('axis',(0.,0.,1.));
#1799=DIRECTION('refdir',(1.,0.,0.));
#1800=DIRECTION('center_axis',(0.,0.,1.));
#1801=DIRECTION('ref_axis',(1.,0.,0.));
#1802=DIRECTION('center_axis',(0.,0.,-1.));
#1803=DIRECTION('ref_axis',(1.,0.,0.));
#1804=DIRECTION('center_axis',(0.,-1.,0.));
#1805=DIRECTION('ref_axis',(-1.,0.,0.));
#1806=DIRECTION('center_axis',(0.,0.,1.));
#1807=DIRECTION('ref_axis',(1.,0.,0.));
#1808=DIRECTION('center_axis',(0.,0.,1.));
#1809=DIRECTION('ref_axis',(1.,0.,0.));
#1810=DIRECTION('',(0.,0.,-1.));
#1811=DIRECTION('center_axis',(0.,0.,-1.));
#1812=DIRECTION('ref_axis',(1.,0.,0.));
#1813=DIRECTION('center_axis',(0.,0.,1.));
#1814=DIRECTION('ref_axis',(1.,0.,0.));
#1815=DIRECTION('center_axis',(0.,0.,1.));
#1816=DIRECTION('ref_axis',(1.,0.,0.));
#1817=DIRECTION('center_axis',(0.,0.,-1.));
#1818=DIRECTION('ref_axis',(1.,0.,0.));
#1819=DIRECTION('center_axis',(0.,-1.,0.));
#1820=DIRECTION('ref_axis',(-1.,0.,0.));
#1821=DIRECTION('center_axis',(0.,0.,1.));
#1822=DIRECTION('ref_axis',(1.,0.,0.));
#1823=DIRECTION('center_axis',(0.,0.,1.));
#1824=DIRECTION('ref_axis',(1.,0.,0.));
#1825=DIRECTION('',(0.,0.,-1.));
#1826=DIRECTION('center_axis',(0.,0.,-1.));
#1827=DIRECTION('ref_axis',(1.,0.,0.));
#1828=DIRECTION('center_axis',(0.,0.,1.));
#1829=DIRECTION('ref_axis',(1.,0.,0.));
#1830=DIRECTION('center_axis',(0.,0.,1.));
#1831=DIRECTION('ref_axis',(1.,0.,0.));
#1832=DIRECTION('center_axis',(0.,0.,-1.));
#1833=DIRECTION('ref_axis',(1.,0.,0.));
#1834=DIRECTION('center_axis',(0.,-1.,0.));
#1835=DIRECTION('ref_axis',(-1.,0.,0.));
#1836=DIRECTION('center_axis',(0.,0.,1.));
#1837=DIRECTION('ref_axis',(1.,0.,0.));
#1838=DIRECTION('center_axis',(0.,0.,1.));
#1839=DIRECTION('ref_axis',(1.,0.,0.));
#1840=DIRECTION('',(0.,0.,-1.));
#1841=DIRECTION('center_axis',(0.,0.,-1.));
#1842=DIRECTION('ref_axis',(1.,0.,0.));
#1843=DIRECTION('center_axis',(0.,0.,1.));
#1844=DIRECTION('ref_axis',(1.,0.,0.));
#1845=DIRECTION('center_axis',(0.,0.,1.));
#1846=DIRECTION('ref_axis',(1.,0.,0.));
#1847=DIRECTION('center_axis',(0.,0.,-1.));
#1848=DIRECTION('ref_axis',(1.,0.,0.));
#1849=DIRECTION('center_axis',(0.,-1.,0.));
#1850=DIRECTION('ref_axis',(-1.,0.,0.));
#1851=DIRECTION('center_axis',(0.,0.,1.));
#1852=DIRECTION('ref_axis',(1.,0.,0.));
#1853=DIRECTION('center_axis',(0.,0.,1.));
#1854=DIRECTION('ref_axis',(1.,0.,0.));
#1855=DIRECTION('',(0.,0.,-1.));
#1856=DIRECTION('center_axis',(0.,0.,-1.));
#1857=DIRECTION('ref_axis',(1.,0.,0.));
#1858=DIRECTION('center_axis',(0.,0.,1.));
#1859=DIRECTION('ref_axis',(1.,0.,0.));
#1860=DIRECTION('center_axis',(0.,0.,-1.));
#1861=DIRECTION('ref_axis',(-1.,0.,0.));
#1862=DIRECTION('center_axis',(-1.,0.,0.));
#1863=DIRECTION('ref_axis',(0.,8.88178419700124E-15,1.));
#1864=DIRECTION('center_axis',(0.,0.,1.));
#1865=DIRECTION('ref_axis',(-0.707106781186546,0.707106781186549,0.));
#1866=DIRECTION('center_axis',(0.,1.,0.));
#1867=DIRECTION('ref_axis',(-1.,0.,0.));
#1868=DIRECTION('center_axis',(0.,0.,-1.));
#1869=DIRECTION('ref_axis',(-0.707106781186547,0.707106781186549,0.));
#1870=DIRECTION('center_axis',(0.,0.,1.));
#1871=DIRECTION('ref_axis',(1.,0.,0.));
#1872=DIRECTION('center_axis',(-1.,0.,0.));
#1873=DIRECTION('ref_axis',(0.,-1.,0.));
#1874=DIRECTION('center_axis',(0.,0.,-1.));
#1875=DIRECTION('ref_axis',(-0.707106781186549,-0.707106781186546,0.));
#1876=DIRECTION('center_axis',(0.,-1.,0.));
#1877=DIRECTION('ref_axis',(-4.44089209850062E-15,0.,1.));
#1878=DIRECTION('center_axis',(0.,0.,1.));
#1879=DIRECTION('ref_axis',(-0.707106781186549,-0.707106781186547,0.));
#1880=DIRECTION('center_axis',(0.,0.,1.));
#1881=DIRECTION('ref_axis',(1.,0.,0.));
#1882=DIRECTION('center_axis',(1.,0.,0.));
#1883=DIRECTION('ref_axis',(0.,1.,0.));
#1884=DIRECTION('center_axis',(0.,0.,-1.));
#1885=DIRECTION('ref_axis',(0.707106781186546,0.707106781186549,0.));
#1886=DIRECTION('center_axis',(0.,1.,0.));
#1887=DIRECTION('ref_axis',(0.,0.,1.));
#1888=DIRECTION('center_axis',(0.,0.,1.));
#1889=DIRECTION('ref_axis',(0.707106781186547,0.707106781186549,0.));
#1890=DIRECTION('center_axis',(0.,0.,1.));
#1891=DIRECTION('ref_axis',(1.,0.,0.));
#1892=DIRECTION('center_axis',(0.,-1.,0.));
#1893=DIRECTION('ref_axis',(1.,0.,0.));
#1894=DIRECTION('center_axis',(0.,0.,-1.));
#1895=DIRECTION('ref_axis',(0.707106781186547,-0.707106781186547,0.));
#1896=DIRECTION('center_axis',(1.,0.,0.));
#1897=DIRECTION('ref_axis',(0.,0.,1.));
#1898=DIRECTION('center_axis',(0.,0.,1.));
#1899=DIRECTION('ref_axis',(0.707106781186548,-0.707106781186548,0.));
#1900=DIRECTION('center_axis',(0.408248290463864,-0.408248290463863,-0.816496580927725));
#1901=DIRECTION('ref_axis',(-0.577350269189626,0.577350269189625,-0.577350269189626));
#1902=DIRECTION('center_axis',(0.,1.,-2.22044604925031E-15));
#1903=DIRECTION('ref_axis',(-1.,0.,0.));
#1904=DIRECTION('center_axis',(0.,0.,-1.));
#1905=DIRECTION('ref_axis',(0.,1.,0.));
#1906=DIRECTION('center_axis',(-1.,-1.11022302462516E-15,0.));
#1907=DIRECTION('ref_axis',(0.,0.,-1.));
#1908=DIRECTION('center_axis',(0.,0.,-1.));
#1909=DIRECTION('ref_axis',(-0.707106781186547,0.707106781186548,0.));
#1910=DIRECTION('',(0.,0.,-1.));
#1911=DIRECTION('',(0.,0.,1.));
#1912=DIRECTION('center_axis',(0.408248290463863,0.408248290463862,-0.816496580927727));
#1913=DIRECTION('ref_axis',(-0.577350269189626,-0.577350269189626,-0.577350269189625));
#1914=DIRECTION('center_axis',(-1.,0.,1.11022302462516E-15));
#1915=DIRECTION('ref_axis',(0.,-1.,0.));
#1916=DIRECTION('center_axis',(0.,0.,-1.));
#1917=DIRECTION('ref_axis',(-1.,0.,0.));
#1918=DIRECTION('center_axis',(0.,-1.,0.));
#1919=DIRECTION('ref_axis',(0.,0.,-1.));
#1920=DIRECTION('center_axis',(0.,0.,1.));
#1921=DIRECTION('ref_axis',(-0.707106781186548,-0.707106781186548,0.));
#1922=DIRECTION('',(0.,0.,-1.));
#1923=DIRECTION('',(0.,0.,1.));
#1924=DIRECTION('center_axis',(0.,1.,0.));
#1925=DIRECTION('ref_axis',(-0.707106781186547,0.,-0.707106781186548));
#1926=DIRECTION('',(0.,-1.,0.));
#1927=DIRECTION('',(0.,1.,0.));
#1928=DIRECTION('center_axis',(-0.816496580927726,0.408248290463863,-0.408248290463863));
#1929=DIRECTION('ref_axis',(0.577350269189625,0.577350269189626,-0.577350269189626));
#1930=DIRECTION('center_axis',(1.,0.,0.));
#1931=DIRECTION('ref_axis',(0.,1.,0.));
#1932=DIRECTION('center_axis',(0.,0.,-1.));
#1933=DIRECTION('ref_axis',(1.,0.,0.));
#1934=DIRECTION('center_axis',(0.,1.,0.));
#1935=DIRECTION('ref_axis',(0.,0.,-1.));
#1936=DIRECTION('center_axis',(0.,0.,1.));
#1937=DIRECTION('ref_axis',(0.707106781186548,0.707106781186548,0.));
#1938=DIRECTION('',(0.,0.,-1.));
#1939=DIRECTION('',(0.,0.,1.));
#1940=DIRECTION('center_axis',(-0.408248290463863,-0.816496580927726,0.408248290463863));
#1941=DIRECTION('ref_axis',(0.577350269189626,-0.577350269189626,-0.577350269189626));
#1942=DIRECTION('center_axis',(0.,-1.,0.));
#1943=DIRECTION('ref_axis',(1.,0.,0.));
#1944=DIRECTION('center_axis',(0.,0.,-1.));
#1945=DIRECTION('ref_axis',(0.,-1.,0.));
#1946=DIRECTION('center_axis',(1.,0.,0.));
#1947=DIRECTION('ref_axis',(0.,0.,-1.));
#1948=DIRECTION('center_axis',(0.,0.,1.));
#1949=DIRECTION('ref_axis',(0.707106781186548,-0.707106781186548,0.));
#1950=DIRECTION('',(0.,0.,-1.));
#1951=DIRECTION('',(0.,0.,1.));
#1952=DIRECTION('center_axis',(-1.,0.,0.));
#1953=DIRECTION('ref_axis',(0.,-0.707106781186548,-0.707106781186547));
#1954=DIRECTION('',(1.,0.,0.));
#1955=DIRECTION('',(-1.,0.,0.));
#1956=DIRECTION('center_axis',(0.,-1.,0.));
#1957=DIRECTION('ref_axis',(0.707106781186548,0.,-0.707106781186547));
#1958=DIRECTION('',(0.,1.,0.));
#1959=DIRECTION('',(0.,-1.,0.));
#1960=DIRECTION('center_axis',(1.,-3.5036624051287E-16,0.));
#1961=DIRECTION('ref_axis',(0.,0.707106781186548,-0.707106781186547));
#1962=DIRECTION('',(-1.,3.5036624051287E-16,0.));
#1963=DIRECTION('',(1.,-3.5036624051287E-16,0.));
#1964=DIRECTION('center_axis',(-1.,0.,0.));
#1965=DIRECTION('ref_axis',(0.,-1.,0.));
#1966=DIRECTION('',(0.,-1.,0.));
#1967=DIRECTION('center_axis',(0.,-1.,0.));
#1968=DIRECTION('ref_axis',(-0.707106781186549,0.,0.707106781186546));
#1969=DIRECTION('',(0.,1.,0.));
#1970=DIRECTION('center_axis',(1.,0.,0.));
#1971=DIRECTION('ref_axis',(0.,-0.707106781186546,0.707106781186549));
#1972=DIRECTION('',(1.,0.,0.));
#1973=DIRECTION('center_axis',(-0.707106781186548,0.,0.707106781186547));
#1974=DIRECTION('ref_axis',(-0.707106781186547,0.,-0.707106781186548));
#1975=DIRECTION('',(-1.,0.,0.));
#1976=DIRECTION('center_axis',(0.,-1.,0.));
#1977=DIRECTION('ref_axis',(1.,0.,0.));
#1978=DIRECTION('',(1.,0.,0.));
#1979=DIRECTION('',(0.,0.,1.));
#1980=DIRECTION('',(1.,0.,0.));
#1981=DIRECTION('',(0.,0.,-1.));
#1982=DIRECTION('center_axis',(1.,0.,0.));
#1983=DIRECTION('ref_axis',(0.,-0.707106781186546,0.707106781186549));
#1984=DIRECTION('',(-1.,0.,0.));
#1985=DIRECTION('center_axis',(0.707106781186548,0.,0.707106781186547));
#1986=DIRECTION('ref_axis',(-0.707106781186547,0.,0.707106781186548));
#1987=DIRECTION('center_axis',(0.,0.,-1.));
#1988=DIRECTION('ref_axis',(-1.,0.,0.));
#1989=DIRECTION('',(1.,0.,0.));
#1990=DIRECTION('',(5.00100461542863E-17,1.,0.));
#1991=DIRECTION('',(-1.,0.,0.));
#1992=DIRECTION('',(0.,-1.,0.));
#1993=DIRECTION('center_axis',(1.,0.,-1.35807097813475E-16));
#1994=DIRECTION('ref_axis',(0.,-0.707106781186546,-0.707106781186549));
#1995=DIRECTION('center_axis',(-1.,0.,0.));
#1996=DIRECTION('ref_axis',(0.,-0.707106781186546,-0.707106781186549));
#1997=DIRECTION('',(1.,0.,-1.35807097813475E-16));
#1998=DIRECTION('center_axis',(1.,-5.00100461542863E-17,0.));
#1999=DIRECTION('ref_axis',(0.,-0.707106781186546,-0.707106781186549));
#2000=DIRECTION('',(-1.,0.,1.35807097813475E-16));
#2001=DIRECTION('center_axis',(-1.35807097813475E-16,0.,-1.));
#2002=DIRECTION('ref_axis',(1.,0.,-1.35807097813475E-16));
#2003=DIRECTION('',(0.,-1.,0.));
#2004=DIRECTION('',(-1.,0.,1.35807097813475E-16));
#2005=DIRECTION('',(5.00100461542863E-17,1.,-6.79171922973155E-33));
#2006=DIRECTION('center_axis',(0.,1.,0.));
#2007=DIRECTION('ref_axis',(0.707106781186548,0.,0.707106781186548));
#2008=DIRECTION('center_axis',(0.,1.,0.));
#2009=DIRECTION('ref_axis',(0.707106781186548,0.,0.707106781186548));
#2010=DIRECTION('',(0.,1.,0.));
#2011=DIRECTION('center_axis',(0.,1.,0.));
#2012=DIRECTION('ref_axis',(0.707106781186548,0.,0.707106781186548));
#2013=DIRECTION('',(0.,-1.,0.));
#2014=DIRECTION('center_axis',(0.,-1.,0.));
#2015=DIRECTION('ref_axis',(1.,0.,0.));
#2016=DIRECTION('',(1.,0.,0.));
#2017=DIRECTION('center_axis',(0.,1.,0.));
#2018=DIRECTION('ref_axis',(0.707106781186549,0.,0.707106781186546));
#2019=DIRECTION('',(0.,0.,1.));
#2020=DIRECTION('',(1.,0.,0.));
#2021=DIRECTION('',(0.,0.,1.));
#2022=DIRECTION('center_axis',(0.,0.,1.));
#2023=DIRECTION('ref_axis',(1.,0.,0.));
#2024=DIRECTION('',(0.,1.,0.));
#2025=DIRECTION('',(1.,-1.05735526154777E-16,0.));
#2026=DIRECTION('center_axis',(0.,0.,1.));
#2027=DIRECTION('ref_axis',(-0.707106781186545,-0.70710678118655,0.));
#2028=DIRECTION('',(0.,-1.,0.));
#2029=DIRECTION('',(-1.,0.,0.));
#2030=DIRECTION('',(5.00100461542863E-17,1.,0.));
#2031=DIRECTION('',(-1.,0.,0.));
#2032=DIRECTION('center_axis',(0.,0.,1.));
#2033=DIRECTION('ref_axis',(0.707106781186548,0.707106781186548,0.));
#2034=DIRECTION('',(1.05735526154777E-16,1.,0.));
#2035=DIRECTION('center_axis',(0.,0.,1.));
#2036=DIRECTION('ref_axis',(0.70710678118655,-0.707106781186545,0.));
#2037=DIRECTION('',(1.,-1.05735526154777E-16,0.));
#2038=DIRECTION('',(0.,-1.,0.));
#2039=DIRECTION('',(0.,-1.,0.));
#2040=DIRECTION('',(1.,-3.5036624051287E-16,0.));
#2041=DIRECTION('center_axis',(1.,0.,0.));
#2042=DIRECTION('ref_axis',(0.,-0.707106781186546,0.707106781186549));
#2043=DIRECTION('',(1.,0.,0.));
#2044=DIRECTION('center_axis',(-1.,0.,0.));
#2045=DIRECTION('ref_axis',(0.,-1.,0.));
#2046=DIRECTION('center_axis',(0.707106781186548,-0.707106781186547,0.));
#2047=DIRECTION('ref_axis',(-0.707106781186547,-0.707106781186548,0.));
#2048=DIRECTION('center_axis',(0.,0.,-1.));
#2049=DIRECTION('ref_axis',(-1.,0.,0.));
#2050=DIRECTION('center_axis',(4.44089209850064E-15,1.,0.));
#2051=DIRECTION('ref_axis',(-1.,4.44089209850064E-15,0.));
#2052=DIRECTION('center_axis',(0.,0.,-1.));
#2053=DIRECTION('ref_axis',(0.707106781186548,0.707106781186548,0.));
#2054=DIRECTION('center_axis',(-1.05735526154777E-16,-1.,0.));
#2055=DIRECTION('ref_axis',(-0.707106781186546,0.,0.707106781186549));
#2056=DIRECTION('center_axis',(-4.44089209850062E-15,1.,0.));
#2057=DIRECTION('ref_axis',(-1.,-4.44089209850062E-15,0.));
#2058=DIRECTION('',(-1.05735526154777E-16,-1.,0.));
#2059=DIRECTION('center_axis',(0.,0.,-1.));
#2060=DIRECTION('ref_axis',(-1.,0.,0.));
#2061=DIRECTION('center_axis',(1.,-8.88178419700124E-15,0.));
#2062=DIRECTION('ref_axis',(8.88178419700124E-15,1.,0.));
#2063=DIRECTION('center_axis',(0.,0.,-1.));
#2064=DIRECTION('ref_axis',(0.70710678118655,-0.707106781186545,0.));
#2065=DIRECTION('center_axis',(-1.,1.05735526154777E-16,0.));
#2066=DIRECTION('ref_axis',(0.,0.707106781186546,0.707106781186549));
#2067=DIRECTION('center_axis',(1.,0.,0.));
#2068=DIRECTION('ref_axis',(0.,0.707106781186546,0.707106781186549));
#2069=DIRECTION('',(-1.,1.05735526154777E-16,0.));
#2070=DIRECTION('center_axis',(-5.00100461542863E-17,-1.,0.));
#2071=DIRECTION('ref_axis',(-0.707106781186548,0.,0.707106781186548));
#2072=DIRECTION('center_axis',(0.,1.,0.));
#2073=DIRECTION('ref_axis',(-0.707106781186548,0.,0.707106781186548));
#2074=DIRECTION('',(-5.00100461542863E-17,-1.,0.));
#2075=DIRECTION('center_axis',(1.05735526154777E-16,1.,0.));
#2076=DIRECTION('ref_axis',(-1.,1.05735526154777E-16,0.));
#2077=DIRECTION('',(0.,0.,1.));
#2078=DIRECTION('',(-1.,1.05735526154777E-16,0.));
#2079=DIRECTION('',(0.,0.,1.));
#2080=DIRECTION('center_axis',(0.,0.,1.));
#2081=DIRECTION('ref_axis',(-7.20144664621728E-15,-1.,0.));
#2082=DIRECTION('',(0.,0.,1.));
#2083=DIRECTION('center_axis',(0.,0.,-1.));
#2084=DIRECTION('ref_axis',(-7.20144664621728E-15,-1.,0.));
#2085=DIRECTION('center_axis',(-1.,1.05735526154777E-16,0.));
#2086=DIRECTION('ref_axis',(-1.05735526154777E-16,-1.,0.));
#2087=DIRECTION('',(0.,0.,1.));
#2088=DIRECTION('',(-1.05735526154777E-16,-1.,0.));
#2089=DIRECTION('center_axis',(0.,0.,1.));
#2090=DIRECTION('ref_axis',(1.,-4.80096443081151E-15,0.));
#2091=DIRECTION('',(0.,0.,1.));
#2092=DIRECTION('center_axis',(0.,0.,-1.));
#2093=DIRECTION('ref_axis',(1.,-4.80096443081151E-15,0.));
#2094=DIRECTION('center_axis',(0.,-1.,0.));
#2095=DIRECTION('ref_axis',(1.,0.,0.));
#2096=DIRECTION('',(0.,0.,1.));
#2097=DIRECTION('',(1.,0.,0.));
#2098=DIRECTION('center_axis',(-1.,5.00100461542863E-17,0.));
#2099=DIRECTION('ref_axis',(-5.00100461542863E-17,-1.,0.));
#2100=DIRECTION('',(0.,0.,-1.));
#2101=DIRECTION('',(0.,0.,1.));
#2102=DIRECTION('',(-5.00100461542863E-17,-1.,0.));
#2103=DIRECTION('',(0.,0.,-1.));
#2104=DIRECTION('',(0.,0.,-1.));
#2105=DIRECTION('',(-5.00100461542863E-17,-1.,0.));
#2106=DIRECTION('',(0.,0.,1.));
#2107=DIRECTION('',(-5.00100461542863E-17,-1.,0.));
#2108=DIRECTION('center_axis',(-1.,1.05735526154777E-16,0.));
#2109=DIRECTION('ref_axis',(0.,0.707106781186546,0.707106781186549));
#2110=DIRECTION('center_axis',(-1.,0.,0.));
#2111=DIRECTION('ref_axis',(0.,0.707106781186546,0.707106781186549));
#2112=DIRECTION('',(-1.,1.05735526154777E-16,0.));
#2113=DIRECTION('center_axis',(1.,0.,0.));
#2114=DIRECTION('ref_axis',(0.,1.,0.));
#2115=DIRECTION('center_axis',(0.,0.,-1.));
#2116=DIRECTION('ref_axis',(-1.,0.,0.));
#2117=DIRECTION('center_axis',(-8.88178419700124E-15,-1.,0.));
#2118=DIRECTION('ref_axis',(1.,-8.88178419700124E-15,0.));
#2119=DIRECTION('center_axis',(0.,0.,-1.));
#2120=DIRECTION('ref_axis',(-0.707106781186545,-0.70710678118655,0.));
#2121=DIRECTION('center_axis',(0.,1.,0.));
#2122=DIRECTION('ref_axis',(0.707106781186549,0.,0.707106781186546));
#2123=DIRECTION('',(0.,1.,0.));
#2124=DIRECTION('center_axis',(1.,0.,0.));
#2125=DIRECTION('ref_axis',(0.,1.,0.));
#2126=DIRECTION('',(0.,0.,1.));
#2127=DIRECTION('',(0.,1.,0.));
#2128=DIRECTION('',(0.,0.,-1.));
#2129=DIRECTION('',(0.,1.,0.));
#2130=DIRECTION('center_axis',(0.,0.,1.));
#2131=DIRECTION('ref_axis',(-1.,7.20144664621728E-15,0.));
#2132=DIRECTION('',(0.,0.,1.));
#2133=DIRECTION('center_axis',(0.,0.,-1.));
#2134=DIRECTION('ref_axis',(-1.,7.20144664621728E-15,0.));
#2135=DIRECTION('center_axis',(1.05735526154777E-16,1.,0.));
#2136=DIRECTION('ref_axis',(-1.,1.05735526154777E-16,0.));
#2137=DIRECTION('',(0.,0.,-1.));
#2138=DIRECTION('',(-1.,1.05735526154777E-16,0.));
#2139=DIRECTION('center_axis',(-1.,0.,0.));
#2140=DIRECTION('ref_axis',(0.,1.,0.));
#2141=DIRECTION('',(0.,0.,1.));
#2142=DIRECTION('',(0.,1.,0.));
#2143=DIRECTION('center_axis',(0.,0.,1.));
#2144=DIRECTION('ref_axis',(0.707106781186549,-0.707106781186546,0.));
#2145=DIRECTION('center_axis',(-0.707106781186547,0.,0.707106781186548));
#2146=DIRECTION('ref_axis',(-0.707106781186548,0.,-0.707106781186547));
#2147=DIRECTION('center_axis',(-1.,3.5036624051287E-16,0.));
#2148=DIRECTION('ref_axis',(0.,0.707106781186546,0.707106781186549));
#2149=DIRECTION('',(-1.,3.5036624051287E-16,0.));
#2150=DIRECTION('center_axis',(0.,1.,0.));
#2151=DIRECTION('ref_axis',(0.707106781186546,0.,0.707106781186549));
#2152=DIRECTION('',(0.,1.,0.));
#2153=DIRECTION('center_axis',(0.,0.,-1.));
#2154=DIRECTION('ref_axis',(-0.707106781186549,-0.707106781186546,0.));
#2155=DIRECTION('',(0.,0.,-1.));
#2156=DIRECTION('center_axis',(0.707106781186547,0.,0.707106781186548));
#2157=DIRECTION('ref_axis',(-0.707106781186548,0.,0.707106781186547));
#2158=DIRECTION('center_axis',(-1.,0.,0.));
#2159=DIRECTION('ref_axis',(0.,-0.707106781186547,0.707106781186548));
#2160=DIRECTION('',(-1.,0.,0.));
#2161=DIRECTION('center_axis',(0.,-1.,0.));
#2162=DIRECTION('ref_axis',(0.,0.,-1.));
#2163=DIRECTION('',(0.,0.,1.));
#2164=DIRECTION('center_axis',(1.,0.,0.));
#2165=DIRECTION('ref_axis',(0.,-1.,0.));
#2166=DIRECTION('',(0.,-1.,0.));
#2167=DIRECTION('center_axis',(0.,0.,1.));
#2168=DIRECTION('ref_axis',(1.,0.,0.));
#2169=DIRECTION('',(1.,0.,0.));
#2170=DIRECTION('',(0.,1.,0.));
#2171=DIRECTION('',(1.,0.,0.));
#2172=DIRECTION('',(0.,1.,0.));
#2173=DIRECTION('',(1.,-2.03710646720212E-16,0.));
#2174=DIRECTION('',(-1.,0.,0.));
#2175=DIRECTION('',(0.,1.,0.));
#2176=DIRECTION('',(1.,0.,0.));
#2177=DIRECTION('center_axis',(1.,0.,0.));
#2178=DIRECTION('ref_axis',(0.,-1.,0.));
#2179=DIRECTION('',(0.,0.,-1.));
#2180=DIRECTION('',(0.,0.,-1.));
#2181=DIRECTION('center_axis',(0.,-1.,0.));
#2182=DIRECTION('ref_axis',(-1.,0.,0.));
#2183=DIRECTION('center_axis',(0.,1.,0.));
#2184=DIRECTION('ref_axis',(1.,0.,0.));
#2185=DIRECTION('center_axis',(2.03710646720212E-16,1.,0.));
#2186=DIRECTION('ref_axis',(-1.,2.03710646720212E-16,0.));
#2187=DIRECTION('',(0.,0.,1.));
#2188=DIRECTION('',(-1.,2.03710646720212E-16,0.));
#2189=DIRECTION('center_axis',(0.,1.,0.));
#2190=DIRECTION('ref_axis',(-1.,0.,0.));
#2191=DIRECTION('',(-1.,0.,0.));
#2192=DIRECTION('',(0.,0.,1.));
#2193=DIRECTION('center_axis',(1.,0.,0.));
#2194=DIRECTION('ref_axis',(0.,1.,0.));
#2195=DIRECTION('',(0.,1.,0.));
#2196=DIRECTION('center_axis',(0.,0.,1.));
#2197=DIRECTION('ref_axis',(1.,0.,0.));
#2198=DIRECTION('center_axis',(0.,-1.,0.));
#2199=DIRECTION('ref_axis',(1.,0.,0.));
#2200=DIRECTION('',(0.,0.,1.));
#2201=DIRECTION('center_axis',(1.,0.,0.));
#2202=DIRECTION('ref_axis',(0.,1.,0.));
#2203=DIRECTION('center_axis',(3.5036624051287E-16,1.,0.));
#2204=DIRECTION('ref_axis',(-1.,3.5036624051287E-16,0.));
#2205=DIRECTION('center_axis',(1.,0.,0.));
#2206=DIRECTION('ref_axis',(0.,1.,0.));
#2207=DIRECTION('axis',(0.,0.,1.));
#2208=DIRECTION('refdir',(1.,0.,0.));
#2209=DIRECTION('center_axis',(0.,-1.,0.));
#2210=DIRECTION('ref_axis',(1.,0.,0.));
#2211=DIRECTION('',(-1.,0.,0.));
#2212=DIRECTION('',(0.,0.,1.));
#2213=DIRECTION('',(1.,0.,0.));
#2214=DIRECTION('',(0.,0.,1.));
#2215=DIRECTION('center_axis',(0.,1.,0.));
#2216=DIRECTION('ref_axis',(-1.,0.,0.));
#2217=DIRECTION('',(1.,0.,0.));
#2218=DIRECTION('',(0.,0.,1.));
#2219=DIRECTION('',(-1.,0.,0.));
#2220=DIRECTION('',(0.,0.,1.));
#2221=DIRECTION('center_axis',(0.,0.,1.));
#2222=DIRECTION('ref_axis',(1.,0.,0.));
#2223=DIRECTION('',(0.,1.,0.));
#2224=DIRECTION('',(0.,-1.,0.));
#2225=DIRECTION('center_axis',(0.,-1.,0.));
#2226=DIRECTION('ref_axis',(1.,0.,0.));
#2227=DIRECTION('',(1.,0.,0.));
#2228=DIRECTION('',(0.,0.,1.));
#2229=DIRECTION('',(1.,0.,0.));
#2230=DIRECTION('',(0.,0.,1.));
#2231=DIRECTION('center_axis',(1.,0.,0.));
#2232=DIRECTION('ref_axis',(0.,1.,0.));
#2233=DIRECTION('',(0.,1.,0.));
#2234=DIRECTION('',(0.,1.,0.));
#2235=DIRECTION('',(0.,0.,1.));
#2236=DIRECTION('center_axis',(0.,1.,0.));
#2237=DIRECTION('ref_axis',(-1.,0.,0.));
#2238=DIRECTION('',(-1.,0.,0.));
#2239=DIRECTION('',(-1.,0.,0.));
#2240=DIRECTION('',(0.,0.,1.));
#2241=DIRECTION('center_axis',(-1.,0.,0.));
#2242=DIRECTION('ref_axis',(0.,-1.,0.));
#2243=DIRECTION('',(0.,-1.,0.));
#2244=DIRECTION('',(0.,-1.,0.));
#2245=DIRECTION('center_axis',(0.,-1.,0.));
#2246=DIRECTION('ref_axis',(1.,0.,0.));
#2247=DIRECTION('',(1.,0.,0.));
#2248=DIRECTION('',(0.,0.,1.));
#2249=DIRECTION('',(1.,0.,0.));
#2250=DIRECTION('',(0.,0.,1.));
#2251=DIRECTION('center_axis',(0.,0.,1.));
#2252=DIRECTION('ref_axis',(1.,0.,0.));
#2253=DIRECTION('',(0.,1.,0.));
#2254=DIRECTION('',(0.,-1.,0.));
#2255=DIRECTION('center_axis',(0.,0.,1.));
#2256=DIRECTION('ref_axis',(1.,0.,0.));
#2257=DIRECTION('center_axis',(0.,0.,-1.));
#2258=DIRECTION('ref_axis',(1.,0.,0.));
#2259=DIRECTION('',(0.,0.,-1.));
#2260=DIRECTION('center_axis',(0.,0.,-1.));
#2261=DIRECTION('ref_axis',(1.,0.,0.));
#2262=DIRECTION('center_axis',(0.,0.,1.));
#2263=DIRECTION('ref_axis',(1.,0.,0.));
#2264=DIRECTION('center_axis',(0.,0.,-1.));
#2265=DIRECTION('ref_axis',(1.,0.,0.));
#2266=DIRECTION('',(0.,0.,-1.));
#2267=DIRECTION('center_axis',(0.,0.,-1.));
#2268=DIRECTION('ref_axis',(1.,0.,0.));
#2269=DIRECTION('center_axis',(0.,1.,0.));
#2270=DIRECTION('ref_axis',(-1.,0.,0.));
#2271=DIRECTION('',(1.,0.,0.));
#2272=DIRECTION('',(0.,0.,1.));
#2273=DIRECTION('',(-1.,0.,0.));
#2274=DIRECTION('',(0.,0.,1.));
#2275=DIRECTION('center_axis',(1.,0.,0.));
#2276=DIRECTION('ref_axis',(0.,1.,0.));
#2277=DIRECTION('',(0.,-1.,0.));
#2278=DIRECTION('',(0.,1.,0.));
#2279=DIRECTION('center_axis',(-1.,0.,0.));
#2280=DIRECTION('ref_axis',(0.,-1.,0.));
#2281=DIRECTION('',(0.,1.,0.));
#2282=DIRECTION('',(0.,-1.,0.));
#2283=DIRECTION('center_axis',(0.,0.,1.));
#2284=DIRECTION('ref_axis',(1.,0.,0.));
#2285=DIRECTION('center_axis',(0.,0.,1.));
#2286=DIRECTION('ref_axis',(1.,0.,0.));
#2287=DIRECTION('',(0.,0.,1.));
#2288=DIRECTION('',(1.,0.,0.));
#2289=DIRECTION('',(0.,0.,1.));
#2290=DIRECTION('',(1.,0.,0.));
#2291=CARTESIAN_POINT('',(0.,0.,0.));
#2292=CARTESIAN_POINT('',(0.,0.,0.));
#2293=CARTESIAN_POINT('Origin',(19.9048616129197,-20.1686045132828,11.5));
#2294=CARTESIAN_POINT('',(19.2048616129197,-20.1686045132828,12.));
#2295=CARTESIAN_POINT('Origin',(19.9048616129197,-20.1686045132828,12.));
#2296=CARTESIAN_POINT('',(18.7048616129197,-20.1686045132828,11.5));
#2297=CARTESIAN_POINT('Origin',(19.2048616129197,-20.1686045132828,11.5));
#2298=CARTESIAN_POINT('Origin',(19.9048616129197,-20.1686045132828,11.5));
#2299=CARTESIAN_POINT('Origin',(19.9048616129197,-20.1686045132828,0.));
#2300=CARTESIAN_POINT('',(18.7048616129197,-20.1686045132828,6.2));
#2301=CARTESIAN_POINT('',(18.7048616129197,-20.1686045132828,0.));
#2302=CARTESIAN_POINT('Origin',(19.9048616129197,-20.1686045132828,6.2));
#2303=CARTESIAN_POINT('Origin',(19.9048616129197,-20.1686045132828,12.));
#2304=CARTESIAN_POINT('Origin',(19.9048616129197,19.8313954867172,11.5));
#2305=CARTESIAN_POINT('',(19.2048616129197,19.8313954867172,12.));
#2306=CARTESIAN_POINT('Origin',(19.9048616129197,19.8313954867172,12.));
#2307=CARTESIAN_POINT('',(18.7048616129197,19.8313954867172,11.5));
#2308=CARTESIAN_POINT('Origin',(19.2048616129197,19.8313954867172,11.5));
#2309=CARTESIAN_POINT('Origin',(19.9048616129197,19.8313954867172,11.5));
#2310=CARTESIAN_POINT('Origin',(19.9048616129197,19.8313954867172,0.));
#2311=CARTESIAN_POINT('',(18.7048616129197,19.8313954867172,6.2));
#2312=CARTESIAN_POINT('',(18.7048616129197,19.8313954867172,0.));
#2313=CARTESIAN_POINT('Origin',(19.9048616129197,19.8313954867172,6.2));
#2314=CARTESIAN_POINT('Origin',(19.9048616129197,19.8313954867172,12.));
#2315=CARTESIAN_POINT('Origin',(-20.0951383870803,-20.1686045132828,11.5));
#2316=CARTESIAN_POINT('',(-20.7951383870803,-20.1686045132828,12.));
#2317=CARTESIAN_POINT('Origin',(-20.0951383870803,-20.1686045132828,12.));
#2318=CARTESIAN_POINT('',(-21.2951383870803,-20.1686045132828,11.5));
#2319=CARTESIAN_POINT('Origin',(-20.7951383870803,-20.1686045132828,11.5));
#2320=CARTESIAN_POINT('Origin',(-20.0951383870803,-20.1686045132828,11.5));
#2321=CARTESIAN_POINT('Origin',(-20.0951383870803,-20.1686045132828,0.));
#2322=CARTESIAN_POINT('',(-21.2951383870803,-20.1686045132828,6.2));
#2323=CARTESIAN_POINT('',(-21.2951383870803,-20.1686045132828,0.));
#2324=CARTESIAN_POINT('Origin',(-20.0951383870803,-20.1686045132828,6.2));
#2325=CARTESIAN_POINT('Origin',(-20.0951383870803,-20.1686045132828,12.));
#2326=CARTESIAN_POINT('Origin',(-20.0951383870803,19.8313954867172,11.5));
#2327=CARTESIAN_POINT('',(-20.7951383870803,19.8313954867172,12.));
#2328=CARTESIAN_POINT('Origin',(-20.0951383870803,19.8313954867172,12.));
#2329=CARTESIAN_POINT('',(-21.2951383870803,19.8313954867172,11.5));
#2330=CARTESIAN_POINT('Origin',(-20.7951383870803,19.8313954867172,11.5));
#2331=CARTESIAN_POINT('Origin',(-20.0951383870803,19.8313954867172,11.5));
#2332=CARTESIAN_POINT('Origin',(-20.0951383870803,19.8313954867172,0.));
#2333=CARTESIAN_POINT('',(-21.2951383870803,19.8313954867172,6.2));
#2334=CARTESIAN_POINT('',(-21.2951383870803,19.8313954867172,0.));
#2335=CARTESIAN_POINT('Origin',(-20.0951383870803,19.8313954867172,6.2));
#2336=CARTESIAN_POINT('Origin',(-20.0951383870803,19.8313954867172,12.));
#2337=CARTESIAN_POINT('Origin',(-21.4451383870803,63.0313954867172,13.2));
#2338=CARTESIAN_POINT('',(-21.4451383870803,66.0313954867173,14.2));
#2339=CARTESIAN_POINT('',(-21.4451383870803,67.0313954867172,13.2));
#2340=CARTESIAN_POINT('Origin',(-21.4451383870803,66.0313954867172,13.2));
#2341=CARTESIAN_POINT('',(-25.4451383870803,63.0313954867172,13.2));
#2342=CARTESIAN_POINT('Origin',(-21.4451383870803,63.0313954867172,13.2));
#2343=CARTESIAN_POINT('',(-24.4451383870803,63.0313954867172,14.2));
#2344=CARTESIAN_POINT('Origin',(-24.4451383870803,63.0313954867172,13.2));
#2345=CARTESIAN_POINT('Origin',(-21.4451383870803,63.0313954867172,14.2));
#2346=CARTESIAN_POINT('Origin',(-21.4451383870803,-21.5186045132828,13.2));
#2347=CARTESIAN_POINT('',(-21.4451383870803,-25.5186045132828,13.2));
#2348=CARTESIAN_POINT('',(-21.4451383870803,-24.5186045132828,14.2));
#2349=CARTESIAN_POINT('Origin',(-21.4451383870803,-24.5186045132828,13.2));
#2350=CARTESIAN_POINT('',(-24.4451383870803,-21.5186045132828,14.2));
#2351=CARTESIAN_POINT('Origin',(-21.4451383870803,-21.5186045132828,14.2));
#2352=CARTESIAN_POINT('',(-25.4451383870803,-21.5186045132828,13.2));
#2353=CARTESIAN_POINT('Origin',(-24.4451383870803,-21.5186045132828,13.2));
#2354=CARTESIAN_POINT('Origin',(-21.4451383870803,-21.5186045132828,13.2));
#2355=CARTESIAN_POINT('Origin',(21.2548616129197,63.0313954867172,13.2));
#2356=CARTESIAN_POINT('',(21.2548616129197,67.0313954867172,13.2));
#2357=CARTESIAN_POINT('',(21.2548616129197,66.0313954867172,14.2));
#2358=CARTESIAN_POINT('Origin',(21.2548616129197,66.0313954867172,13.2));
#2359=CARTESIAN_POINT('',(24.2548616129197,63.0313954867172,14.2));
#2360=CARTESIAN_POINT('Origin',(21.2548616129197,63.0313954867172,14.2));
#2361=CARTESIAN_POINT('',(25.2548616129197,63.0313954867172,13.2));
#2362=CARTESIAN_POINT('Origin',(24.2548616129197,63.0313954867172,13.2));
#2363=CARTESIAN_POINT('Origin',(21.2548616129197,63.0313954867172,13.2));
#2364=CARTESIAN_POINT('Origin',(21.2548616129197,-21.5186045132828,13.2));
#2365=CARTESIAN_POINT('',(25.2548616129197,-21.5186045132828,13.2));
#2366=CARTESIAN_POINT('',(24.2548616129197,-21.5186045132828,14.2));
#2367=CARTESIAN_POINT('Origin',(24.2548616129197,-21.5186045132828,13.2));
#2368=CARTESIAN_POINT('',(21.2548616129197,-24.5186045132828,14.2));
#2369=CARTESIAN_POINT('Origin',(21.2548616129197,-21.5186045132828,14.2));
#2370=CARTESIAN_POINT('',(21.2548616129197,-25.5186045132828,13.2));
#2371=CARTESIAN_POINT('Origin',(21.2548616129197,-24.5186045132828,13.2));
#2372=CARTESIAN_POINT('Origin',(21.2548616129197,-21.5186045132828,13.2));
#2373=CARTESIAN_POINT('Origin',(-21.4451383870803,63.0313954867172,1.5));
#2374=CARTESIAN_POINT('',(-25.4451383870803,63.0313954867172,1.5));
#2375=CARTESIAN_POINT('',(-21.4451383870803,63.0313954867172,-2.5));
#2376=CARTESIAN_POINT('Origin',(-21.4451383870803,63.0313954867172,1.5));
#2377=CARTESIAN_POINT('',(-21.4451383870803,67.0313954867172,1.5));
#2378=CARTESIAN_POINT('Origin',(-21.4451383870803,63.0313954867172,1.5));
#2379=CARTESIAN_POINT('Origin',(-21.4451383870803,63.0313954867172,1.5));
#2380=CARTESIAN_POINT('Origin',(-21.4451383870803,63.0313954867172,0.));
#2381=CARTESIAN_POINT('',(-21.4451383870803,67.0313954867173,0.));
#2382=CARTESIAN_POINT('',(-25.4451383870803,63.0313954867172,0.));
#2383=CARTESIAN_POINT('Origin',(-21.4451383870803,-21.5186045132828,1.5));
#2384=CARTESIAN_POINT('',(-21.4451383870803,-25.5186045132828,1.5));
#2385=CARTESIAN_POINT('',(-21.4451383870803,-21.5186045132828,-2.5));
#2386=CARTESIAN_POINT('Origin',(-21.4451383870803,-21.5186045132828,1.5));
#2387=CARTESIAN_POINT('',(-25.4451383870803,-21.5186045132828,1.5));
#2388=CARTESIAN_POINT('Origin',(-21.4451383870803,-21.5186045132828,1.5));
#2389=CARTESIAN_POINT('Origin',(-21.4451383870803,-21.5186045132828,1.5));
#2390=CARTESIAN_POINT('Origin',(-21.4451383870803,-21.5186045132828,0.));
#2391=CARTESIAN_POINT('',(-25.4451383870803,-21.5186045132828,0.));
#2392=CARTESIAN_POINT('',(-21.4451383870803,-25.5186045132828,0.));
#2393=CARTESIAN_POINT('Origin',(-21.4451383870803,43.8938954867172,1.5));
#2394=CARTESIAN_POINT('',(-21.4451383870803,43.8938954867172,-2.5));
#2395=CARTESIAN_POINT('',(-25.4451383870803,43.8938954867172,1.5));
#2396=CARTESIAN_POINT('Origin',(21.2548616129197,63.0313954867172,1.5));
#2397=CARTESIAN_POINT('',(21.2548616129197,67.0313954867172,1.5));
#2398=CARTESIAN_POINT('',(21.2548616129197,63.0313954867172,-2.5));
#2399=CARTESIAN_POINT('Origin',(21.2548616129197,63.0313954867172,1.5));
#2400=CARTESIAN_POINT('',(25.2548616129197,63.0313954867172,1.5));
#2401=CARTESIAN_POINT('Origin',(21.2548616129197,63.0313954867172,1.5));
#2402=CARTESIAN_POINT('Origin',(21.2548616129197,63.0313954867172,1.5));
#2403=CARTESIAN_POINT('Origin',(21.2548616129197,63.0313954867172,0.));
#2404=CARTESIAN_POINT('',(25.2548616129197,63.0313954867172,0.));
#2405=CARTESIAN_POINT('',(21.2548616129197,67.0313954867172,0.));
#2406=CARTESIAN_POINT('Origin',(21.2548616129197,-21.5186045132828,1.5));
#2407=CARTESIAN_POINT('',(25.2548616129197,-21.5186045132828,1.5));
#2408=CARTESIAN_POINT('',(21.2548616129197,-21.5186045132828,-2.5));
#2409=CARTESIAN_POINT('Origin',(21.2548616129197,-21.5186045132828,1.5));
#2410=CARTESIAN_POINT('',(21.2548616129197,-25.5186045132828,1.5));
#2411=CARTESIAN_POINT('Origin',(21.2548616129197,-21.5186045132828,1.5));
#2412=CARTESIAN_POINT('Origin',(21.2548616129197,-21.5186045132828,1.5));
#2413=CARTESIAN_POINT('Origin',(21.2548616129197,-21.5186045132828,0.));
#2414=CARTESIAN_POINT('',(21.2548616129197,-25.5186045132828,0.));
#2415=CARTESIAN_POINT('',(25.2548616129197,-21.5186045132828,0.));
#2416=CARTESIAN_POINT('Origin',(-12.7701383870803,-21.5186045132828,1.5));
#2417=CARTESIAN_POINT('',(-12.7701383870803,-21.5186045132828,-2.5));
#2418=CARTESIAN_POINT('',(-12.7701383870803,-25.5186045132828,1.5));
#2419=CARTESIAN_POINT('Origin',(21.2548616129197,-2.38110451328277,1.5));
#2420=CARTESIAN_POINT('',(21.2548616129197,-2.38110451328277,-2.5));
#2421=CARTESIAN_POINT('',(25.2548616129197,-2.38110451328277,1.5));
#2422=CARTESIAN_POINT('Origin',(12.5798616129197,63.0313954867172,1.5));
#2423=CARTESIAN_POINT('',(12.5798616129197,63.0313954867172,-2.5));
#2424=CARTESIAN_POINT('',(12.5798616129197,67.0313954867172,1.5));
#2425=CARTESIAN_POINT('Origin',(-25.4451383870803,67.0313954867173,0.));
#2426=CARTESIAN_POINT('',(-25.4451383870803,43.8938954867172,13.2));
#2427=CARTESIAN_POINT('Origin',(-24.4451383870803,43.8938954867172,13.2));
#2428=CARTESIAN_POINT('',(-24.4451383870803,43.8938954867172,14.2));
#2429=CARTESIAN_POINT('Origin',(-12.7701383870803,-24.5186045132828,13.2));
#2430=CARTESIAN_POINT('',(-8.0951383870803,-25.5186045132828,13.2));
#2431=CARTESIAN_POINT('',(-12.7701383870803,-25.5186045132828,13.2));
#2432=CARTESIAN_POINT('',(-7.0951383870803,-24.5186045132828,14.2));
#2433=CARTESIAN_POINT('Origin',(-8.0951383870803,-24.5186045132828,13.2));
#2434=CARTESIAN_POINT('',(-12.7701383870803,-24.5186045132828,14.2));
#2435=CARTESIAN_POINT('Origin',(-25.4451383870803,-25.5186045132828,0.));
#2436=CARTESIAN_POINT('',(7.9048616129197,-25.5186045132828,13.2));
#2437=CARTESIAN_POINT('',(-12.7701383870803,-25.5186045132828,13.2));
#2438=CARTESIAN_POINT('',(7.9048616129197,-25.5186045132828,5.2));
#2439=CARTESIAN_POINT('',(7.9048616129197,-25.5186045132828,7.1));
#2440=CARTESIAN_POINT('',(-8.0951383870803,-25.5186045132828,5.2));
#2441=CARTESIAN_POINT('',(-12.7701383870803,-25.5186045132828,5.2));
#2442=CARTESIAN_POINT('',(-8.0951383870803,-25.5186045132828,7.1));
#2443=CARTESIAN_POINT('Origin',(-12.7701383870803,-24.5186045132828,13.2));
#2444=CARTESIAN_POINT('',(6.9048616129197,-24.5186045132828,14.2));
#2445=CARTESIAN_POINT('',(-12.7701383870803,-24.5186045132828,14.2));
#2446=CARTESIAN_POINT('Origin',(7.9048616129197,-24.5186045132828,13.2));
#2447=CARTESIAN_POINT('Origin',(-0.0951383870803024,20.7563954867172,-2.5));
#2448=CARTESIAN_POINT('',(15.9048616129197,22.3313954867172,-2.5));
#2449=CARTESIAN_POINT('',(16.2548616129197,22.3313954867172,-2.5));
#2450=CARTESIAN_POINT('',(-21.0951383870803,22.3313954867172,-2.5));
#2451=CARTESIAN_POINT('',(16.2548616129197,22.6813954867172,-2.5));
#2452=CARTESIAN_POINT('',(16.2548616129197,62.8813954867172,-2.5));
#2453=CARTESIAN_POINT('',(15.9048616129197,22.6813954867172,-2.5));
#2454=CARTESIAN_POINT('',(-21.0951383870803,22.6813954867172,-2.5));
#2455=CARTESIAN_POINT('',(15.9048616129197,62.5313954867172,-2.5));
#2456=CARTESIAN_POINT('Origin',(-8.2701383870803,64.3813954867172,12.2));
#2457=CARTESIAN_POINT('',(-16.4451383870803,63.3813954867173,12.2));
#2458=CARTESIAN_POINT('',(-16.4451383870803,64.3813954867172,11.2));
#2459=CARTESIAN_POINT('Origin',(-16.4451383870803,64.3813954867172,12.2));
#2460=CARTESIAN_POINT('',(16.2548616129197,64.3813954867172,11.2));
#2461=CARTESIAN_POINT('',(-8.2701383870803,64.3813954867172,11.2));
#2462=CARTESIAN_POINT('',(16.2548616129197,63.3813954867172,12.2));
#2463=CARTESIAN_POINT('Origin',(16.2548616129197,64.3813954867172,12.2));
#2464=CARTESIAN_POINT('',(-8.2701383870803,63.3813954867172,12.2));
#2465=CARTESIAN_POINT('Origin',(-16.4451383870803,64.8813954867172,11.2));
#2466=CARTESIAN_POINT('',(-16.4451383870803,64.8813954867172,11.2));
#2467=CARTESIAN_POINT('',(-16.4451383870803,46.8563954867172,11.2));
#2468=CARTESIAN_POINT('',(16.2548616129197,64.8813954867172,11.2));
#2469=CARTESIAN_POINT('',(-16.4451383870803,64.8813954867172,11.2));
#2470=CARTESIAN_POINT('',(16.2548616129197,64.8813954867172,11.2));
#2471=CARTESIAN_POINT('Origin',(-17.4451383870803,24.7938954867172,13.2));
#2472=CARTESIAN_POINT('',(-17.4451383870803,28.8313954867172,14.2));
#2473=CARTESIAN_POINT('',(-16.4451383870803,28.8313954867172,13.2));
#2474=CARTESIAN_POINT('Origin',(-17.4451383870803,28.8313954867172,13.2));
#2475=CARTESIAN_POINT('',(-16.4451383870803,63.3813954867173,13.2));
#2476=CARTESIAN_POINT('',(-16.4451383870803,24.7938954867172,13.2));
#2477=CARTESIAN_POINT('',(-17.4451383870803,63.3813954867172,14.2));
#2478=CARTESIAN_POINT('Origin',(-17.4451383870803,63.3813954867172,13.2));
#2479=CARTESIAN_POINT('',(-17.4451383870803,24.7938954867172,14.2));
#2480=CARTESIAN_POINT('Origin',(-22.9451383870803,28.8313954867172,0.));
#2481=CARTESIAN_POINT('',(-23.9451383870803,28.8313954867172,14.2));
#2482=CARTESIAN_POINT('',(-22.9451383870803,28.8313954867172,14.2));
#2483=CARTESIAN_POINT('',(-22.9451383870803,28.8313954867172,13.2));
#2484=CARTESIAN_POINT('Origin',(-23.9451383870803,28.8313954867172,13.2));
#2485=CARTESIAN_POINT('',(-22.9451383870803,28.8313954867172,0.));
#2486=CARTESIAN_POINT('',(-22.9451383870803,28.8313954867172,0.));
#2487=CARTESIAN_POINT('',(-16.4451383870803,28.8313954867172,0.));
#2488=CARTESIAN_POINT('',(-22.9451383870803,28.8313954867172,0.));
#2489=CARTESIAN_POINT('',(-16.4451383870803,28.8313954867172,0.));
#2490=CARTESIAN_POINT('Origin',(-0.0951383870803024,20.7563954867172,14.2));
#2491=CARTESIAN_POINT('',(-7.0951383870803,-24.0186045132828,14.2));
#2492=CARTESIAN_POINT('',(-7.0951383870803,-2.38110451328277,14.2));
#2493=CARTESIAN_POINT('',(-21.0951383870803,-24.0186045132828,14.2));
#2494=CARTESIAN_POINT('',(10.4048616129197,-24.0186045132828,14.2));
#2495=CARTESIAN_POINT('',(-23.9451383870803,-21.1686045132828,14.2));
#2496=CARTESIAN_POINT('Origin',(-21.0951383870803,-21.1686045132828,14.2));
#2497=CARTESIAN_POINT('',(-23.9451383870803,-0.206104513282763,14.2));
#2498=CARTESIAN_POINT('',(17.2548616129197,63.3813954867172,14.2));
#2499=CARTESIAN_POINT('',(-16.4451383870803,63.3813954867172,14.2));
#2500=CARTESIAN_POINT('',(17.2548616129197,23.6813954867172,14.2));
#2501=CARTESIAN_POINT('',(17.2548616129197,42.8188954867172,14.2));
#2502=CARTESIAN_POINT('',(20.9048616129197,23.6813954867172,14.2));
#2503=CARTESIAN_POINT('',(8.0798616129197,23.6813954867172,14.2));
#2504=CARTESIAN_POINT('',(23.7548616129197,20.8313954867172,14.2));
#2505=CARTESIAN_POINT('Origin',(20.9048616129197,20.8313954867172,14.2));
#2506=CARTESIAN_POINT('',(23.7548616129197,-21.1686045132828,14.2));
#2507=CARTESIAN_POINT('',(23.7548616129197,20.7938954867172,14.2));
#2508=CARTESIAN_POINT('',(20.9048616129197,-24.0186045132828,14.2));
#2509=CARTESIAN_POINT('Origin',(20.9048616129197,-21.1686045132828,14.2));
#2510=CARTESIAN_POINT('',(6.9048616129197,-24.0186045132828,14.2));
#2511=CARTESIAN_POINT('',(10.4048616129197,-24.0186045132828,14.2));
#2512=CARTESIAN_POINT('',(6.9048616129197,-1.13110451328277,14.2));
#2513=CARTESIAN_POINT('',(24.2548616129197,-2.38110451328277,14.2));
#2514=CARTESIAN_POINT('',(12.5798616129197,66.0313954867172,14.2));
#2515=CARTESIAN_POINT('Origin',(8.0798616129197,23.6813954867172,13.2));
#2516=CARTESIAN_POINT('',(16.2548616129197,22.6813954867172,13.2));
#2517=CARTESIAN_POINT('',(20.9048616129197,22.6813954867172,13.2));
#2518=CARTESIAN_POINT('',(8.0798616129197,22.6813954867172,13.2));
#2519=CARTESIAN_POINT('Origin',(20.9048616129197,23.6813954867172,13.2));
#2520=CARTESIAN_POINT('Origin',(17.2548616129197,23.6813954867172,13.2));
#2521=CARTESIAN_POINT('Origin',(20.9048616129197,20.8313954867172,13.2));
#2522=CARTESIAN_POINT('',(22.7548616129197,20.8313954867172,13.2));
#2523=CARTESIAN_POINT('Origin',(23.7548616129197,20.8313954867172,13.2));
#2524=CARTESIAN_POINT('Origin',(20.9048616129197,20.8313954867172,13.2));
#2525=CARTESIAN_POINT('Origin',(23.7548616129197,20.7938954867172,13.2));
#2526=CARTESIAN_POINT('',(22.7548616129197,-21.1686045132828,13.2));
#2527=CARTESIAN_POINT('Origin',(23.7548616129197,-21.1686045132828,13.2));
#2528=CARTESIAN_POINT('',(22.7548616129197,20.7938954867172,13.2));
#2529=CARTESIAN_POINT('Origin',(20.9048616129197,-21.1686045132828,13.2));
#2530=CARTESIAN_POINT('',(20.9048616129197,-23.0186045132828,13.2));
#2531=CARTESIAN_POINT('Origin',(20.9048616129197,-24.0186045132828,13.2));
#2532=CARTESIAN_POINT('Origin',(20.9048616129197,-21.1686045132828,13.2));
#2533=CARTESIAN_POINT('Origin',(10.4048616129197,-24.0186045132828,13.2));
#2534=CARTESIAN_POINT('',(6.9048616129197,-23.0186045132828,13.2));
#2535=CARTESIAN_POINT('Origin',(6.9048616129197,-24.0186045132828,13.2));
#2536=CARTESIAN_POINT('',(10.4048616129197,-23.0186045132828,13.2));
#2537=CARTESIAN_POINT('Origin',(17.2548616129197,42.8188954867172,13.2));
#2538=CARTESIAN_POINT('',(16.2548616129197,63.3813954867172,13.2));
#2539=CARTESIAN_POINT('Origin',(17.2548616129197,63.3813954867172,13.2));
#2540=CARTESIAN_POINT('',(16.2548616129197,42.8188954867172,13.2));
#2541=CARTESIAN_POINT('Origin',(20.9048616129197,-23.0186045132828,0.));
#2542=CARTESIAN_POINT('',(20.9048616129197,-23.0186045132828,6.2));
#2543=CARTESIAN_POINT('',(20.9048616129197,-23.0186045132828,0.));
#2544=CARTESIAN_POINT('',(6.9048616129197,-23.0186045132828,6.2));
#2545=CARTESIAN_POINT('',(10.4048616129197,-23.0186045132828,6.2));
#2546=CARTESIAN_POINT('',(6.9048616129197,-23.0186045132828,7.1));
#2547=CARTESIAN_POINT('Origin',(20.9048616129197,-21.1686045132828,0.));
#2548=CARTESIAN_POINT('',(22.7548616129197,-21.1686045132828,6.2));
#2549=CARTESIAN_POINT('',(22.7548616129197,-21.1686045132828,0.));
#2550=CARTESIAN_POINT('Origin',(20.9048616129197,-21.1686045132828,6.2));
#2551=CARTESIAN_POINT('Origin',(22.7548616129197,20.8313954867172,0.));
#2552=CARTESIAN_POINT('',(22.7548616129197,20.8313954867172,6.2));
#2553=CARTESIAN_POINT('',(22.7548616129197,20.8313954867172,0.));
#2554=CARTESIAN_POINT('',(22.7548616129197,10.3313954867172,6.2));
#2555=CARTESIAN_POINT('Origin',(20.9048616129197,20.8313954867172,0.));
#2556=CARTESIAN_POINT('',(20.9048616129197,22.6813954867172,6.2));
#2557=CARTESIAN_POINT('',(20.9048616129197,22.6813954867172,0.));
#2558=CARTESIAN_POINT('Origin',(20.9048616129197,20.8313954867172,6.2));
#2559=CARTESIAN_POINT('Origin',(16.2548616129197,22.6813954867172,0.));
#2560=CARTESIAN_POINT('',(16.2548616129197,22.6813954867172,6.2));
#2561=CARTESIAN_POINT('',(16.2548616129197,22.6813954867172,0.));
#2562=CARTESIAN_POINT('',(8.0798616129197,22.6813954867172,6.2));
#2563=CARTESIAN_POINT('Origin',(16.2548616129197,64.8813954867172,0.));
#2564=CARTESIAN_POINT('',(16.2548616129197,63.3813954867172,6.35));
#2565=CARTESIAN_POINT('',(16.2548616129197,64.8813954867172,0.));
#2566=CARTESIAN_POINT('',(16.2548616129197,64.8813954867172,0.));
#2567=CARTESIAN_POINT('',(16.2548616129197,22.6813954867172,0.));
#2568=CARTESIAN_POINT('',(16.2548616129197,62.8813954867172,0.));
#2569=CARTESIAN_POINT('',(16.2548616129197,22.6813954867172,0.));
#2570=CARTESIAN_POINT('',(16.2548616129197,22.3313954867172,0.));
#2571=CARTESIAN_POINT('',(16.2548616129197,22.3313954867172,0.));
#2572=CARTESIAN_POINT('',(16.2548616129197,18.4813954867172,0.));
#2573=CARTESIAN_POINT('',(16.2548616129197,62.8813954867172,0.));
#2574=CARTESIAN_POINT('',(16.2548616129197,18.4813954867172,6.2));
#2575=CARTESIAN_POINT('',(16.2548616129197,18.4813954867172,0.));
#2576=CARTESIAN_POINT('',(16.2548616129197,62.8813954867172,6.2));
#2577=CARTESIAN_POINT('Origin',(10.4048616129197,-24.0186045132828,13.2));
#2578=CARTESIAN_POINT('',(-7.0951383870803,-23.0186045132828,13.2));
#2579=CARTESIAN_POINT('Origin',(-7.0951383870803,-24.0186045132828,13.2));
#2580=CARTESIAN_POINT('',(-21.0951383870803,-23.0186045132828,13.2));
#2581=CARTESIAN_POINT('',(10.4048616129197,-23.0186045132828,13.2));
#2582=CARTESIAN_POINT('Origin',(-21.0951383870803,-24.0186045132828,13.2));
#2583=CARTESIAN_POINT('Origin',(-21.0951383870803,-21.1686045132828,13.2));
#2584=CARTESIAN_POINT('',(-22.9451383870803,-21.1686045132828,13.2));
#2585=CARTESIAN_POINT('Origin',(-23.9451383870803,-21.1686045132828,13.2));
#2586=CARTESIAN_POINT('Origin',(-21.0951383870803,-21.1686045132828,13.2));
#2587=CARTESIAN_POINT('Origin',(-23.9451383870803,-0.206104513282763,13.2));
#2588=CARTESIAN_POINT('',(-22.9451383870803,-0.206104513282763,13.2));
#2589=CARTESIAN_POINT('Origin',(-22.9451383870803,-21.1686045132828,0.));
#2590=CARTESIAN_POINT('',(-22.9451383870803,-21.1686045132828,6.2));
#2591=CARTESIAN_POINT('',(-22.9451383870803,-21.1686045132828,0.));
#2592=CARTESIAN_POINT('',(-22.9451383870803,22.6813954867172,6.2));
#2593=CARTESIAN_POINT('',(-22.9451383870803,-10.6686045132828,6.2));
#2594=CARTESIAN_POINT('',(-22.9451383870803,22.6813954867172,0.));
#2595=CARTESIAN_POINT('',(-22.9451383870803,22.6813954867172,0.));
#2596=CARTESIAN_POINT('',(-22.9451383870803,20.8313954867172,0.));
#2597=CARTESIAN_POINT('Origin',(-21.0951383870803,-21.1686045132828,0.));
#2598=CARTESIAN_POINT('',(-21.0951383870803,-23.0186045132828,6.2));
#2599=CARTESIAN_POINT('',(-21.0951383870803,-23.0186045132828,0.));
#2600=CARTESIAN_POINT('Origin',(-21.0951383870803,-21.1686045132828,6.2));
#2601=CARTESIAN_POINT('Origin',(20.9048616129197,-23.0186045132828,0.));
#2602=CARTESIAN_POINT('',(-7.0951383870803,-23.0186045132828,6.2));
#2603=CARTESIAN_POINT('',(-7.0951383870803,-23.0186045132828,7.1));
#2604=CARTESIAN_POINT('',(10.4048616129197,-23.0186045132828,6.2));
#2605=CARTESIAN_POINT('Origin',(-7.0951383870803,-25.5186045132828,14.2));
#2606=CARTESIAN_POINT('',(-7.0951383870803,-24.5186045132828,6.2));
#2607=CARTESIAN_POINT('',(-7.0951383870803,-24.5186045132828,7.1));
#2608=CARTESIAN_POINT('',(-7.0951383870803,-23.0186045132828,6.2));
#2609=CARTESIAN_POINT('Origin',(-8.0951383870803,-24.5186045132828,7.1));
#2610=CARTESIAN_POINT('Origin',(-8.0951383870803,-24.5186045132828,5.2));
#2611=CARTESIAN_POINT('Origin',(12.5798616129197,66.0313954867172,13.2));
#2612=CARTESIAN_POINT('',(12.5798616129197,67.0313954867172,13.2));
#2613=CARTESIAN_POINT('Origin',(24.2548616129197,-2.38110451328277,13.2));
#2614=CARTESIAN_POINT('',(25.2548616129197,-2.38110451328277,13.2));
#2615=CARTESIAN_POINT('Origin',(7.9048616129197,-24.5186045132828,7.1));
#2616=CARTESIAN_POINT('',(6.9048616129197,-24.5186045132828,6.2));
#2617=CARTESIAN_POINT('',(6.9048616129197,-24.5186045132828,7.1));
#2618=CARTESIAN_POINT('Origin',(7.9048616129197,-24.5186045132828,5.2));
#2619=CARTESIAN_POINT('Origin',(-12.7701383870803,-24.5186045132828,5.2));
#2620=CARTESIAN_POINT('',(-12.7701383870803,-24.5186045132828,6.2));
#2621=CARTESIAN_POINT('Origin',(-0.0951383870803002,63.3813954867172,12.7));
#2622=CARTESIAN_POINT('',(-16.4451383870803,63.3813954867173,6.35));
#2623=CARTESIAN_POINT('Origin',(6.9048616129197,-23.0186045132828,14.2));
#2624=CARTESIAN_POINT('',(6.9048616129197,-23.0186045132828,6.2));
#2625=CARTESIAN_POINT('Origin',(-0.0951383870803024,20.7563954867172,0.));
#2626=CARTESIAN_POINT('',(-16.4451383870803,64.8813954867172,0.));
#2627=CARTESIAN_POINT('',(-16.4451383870803,64.8813954867172,0.));
#2628=CARTESIAN_POINT('',(-16.4451383870803,62.8813954867172,0.));
#2629=CARTESIAN_POINT('',(-16.4451383870803,22.6813954867172,0.));
#2630=CARTESIAN_POINT('',(-21.0951383870803,22.6813954867172,0.));
#2631=CARTESIAN_POINT('',(-16.4451383870803,18.4813954867172,0.));
#2632=CARTESIAN_POINT('',(-16.4451383870803,18.4813954867172,0.));
#2633=CARTESIAN_POINT('',(-16.4451383870803,18.4813954867172,0.));
#2634=CARTESIAN_POINT('',(15.9048616129197,22.3313954867172,0.));
#2635=CARTESIAN_POINT('',(-21.0951383870803,22.3313954867172,0.));
#2636=CARTESIAN_POINT('',(15.9048616129197,22.6813954867172,0.));
#2637=CARTESIAN_POINT('',(15.9048616129197,62.5313954867172,0.));
#2638=CARTESIAN_POINT('',(-21.0951383870803,22.6813954867172,0.));
#2639=CARTESIAN_POINT('Origin',(15.9048616129197,22.6813954867172,0.));
#2640=CARTESIAN_POINT('',(15.9048616129197,22.3313954867172,0.));
#2641=CARTESIAN_POINT('',(15.9048616129197,22.6813954867172,0.));
#2642=CARTESIAN_POINT('Origin',(16.2548616129197,22.6813954867172,0.));
#2643=CARTESIAN_POINT('Origin',(15.9048616129197,22.3313954867172,0.));
#2644=CARTESIAN_POINT('Origin',(16.2548616129197,18.4813954867172,0.));
#2645=CARTESIAN_POINT('',(-16.4451383870803,18.4813954867172,6.2));
#2646=CARTESIAN_POINT('',(-16.4451383870803,18.4813954867172,0.));
#2647=CARTESIAN_POINT('',(-16.4451383870803,18.4813954867172,6.2));
#2648=CARTESIAN_POINT('Origin',(-16.4451383870803,22.6813954867172,0.));
#2649=CARTESIAN_POINT('',(-16.4451383870803,22.6813954867172,6.2));
#2650=CARTESIAN_POINT('',(-21.0951383870803,22.6813954867172,6.2));
#2651=CARTESIAN_POINT('',(-16.4451383870803,22.6813954867172,0.));
#2652=CARTESIAN_POINT('Origin',(-16.4451383870803,18.4813954867172,0.));
#2653=CARTESIAN_POINT('',(-16.4451383870803,18.4813954867172,6.2));
#2654=CARTESIAN_POINT('Origin',(-0.0951383870803024,-0.168604513282768,
6.2));
#2655=CARTESIAN_POINT('Origin',(-16.4451383870803,64.8813954867172,0.));
#2656=CARTESIAN_POINT('',(-16.4451383870803,64.8813954867172,0.));
#2657=CARTESIAN_POINT('Origin',(-16.4451383870803,28.8313954867172,0.));
#2658=CARTESIAN_POINT('Origin',(25.2548616129197,67.0313954867172,0.));
#2659=CARTESIAN_POINT('Origin',(25.2548616129197,-25.5186045132828,0.));
#2660=CARTESIAN_POINT('',(0.,0.,0.));
#2661=CARTESIAN_POINT('Origin',(-16.0951383870803,23.8313954867172,0.));
#2662=CARTESIAN_POINT('',(15.9048616129197,23.8313954867172,1.2));
#2663=CARTESIAN_POINT('',(-16.0951383870803,23.8313954867172,1.2));
#2664=CARTESIAN_POINT('',(15.9048616129197,23.8313954867172,1.2));
#2665=CARTESIAN_POINT('',(15.9048616129197,23.8313954867172,3.7));
#2666=CARTESIAN_POINT('',(15.9048616129197,23.8313954867172,0.));
#2667=CARTESIAN_POINT('',(-16.0951383870803,23.8313954867172,3.7));
#2668=CARTESIAN_POINT('',(15.9048616129197,23.8313954867172,3.7));
#2669=CARTESIAN_POINT('',(-16.0951383870803,23.8313954867172,0.));
#2670=CARTESIAN_POINT('Origin',(15.9048616129197,57.5513954867172,0.));
#2671=CARTESIAN_POINT('',(-16.0951383870803,57.5513954867172,1.2));
#2672=CARTESIAN_POINT('',(15.9048616129197,57.5513954867172,1.2));
#2673=CARTESIAN_POINT('',(-16.0951383870803,57.5513954867172,1.2));
#2674=CARTESIAN_POINT('',(-16.0951383870803,57.5513954867172,3.7));
#2675=CARTESIAN_POINT('',(-16.0951383870803,57.5513954867172,0.));
#2676=CARTESIAN_POINT('',(15.9048616129197,57.5513954867172,3.7));
#2677=CARTESIAN_POINT('',(-16.0951383870803,57.5513954867172,3.7));
#2678=CARTESIAN_POINT('',(15.9048616129197,57.5513954867172,0.));
#2679=CARTESIAN_POINT('Origin',(-0.0951383870803046,40.6913954867172,3.7));
#2680=CARTESIAN_POINT('',(15.9048616129197,57.5513954867172,3.7));
#2681=CARTESIAN_POINT('',(-16.0951383870803,23.8313954867172,3.7));
#2682=CARTESIAN_POINT('Origin',(-10.2551383870803,21.6013954867172,0.));
#2683=CARTESIAN_POINT('',(-10.2551383870803,21.6013954867172,0.));
#2684=CARTESIAN_POINT('',(10.0648616129197,21.6013954867172,0.));
#2685=CARTESIAN_POINT('',(10.0648616129197,21.6013954867172,0.));
#2686=CARTESIAN_POINT('',(10.0648616129197,21.6013954867172,1.2));
#2687=CARTESIAN_POINT('',(10.0648616129197,21.6013954867172,0.));
#2688=CARTESIAN_POINT('',(-10.2551383870803,21.6013954867172,1.2));
#2689=CARTESIAN_POINT('',(10.0648616129197,21.6013954867172,1.2));
#2690=CARTESIAN_POINT('',(-10.2551383870803,21.6013954867172,0.));
#2691=CARTESIAN_POINT('Origin',(-10.2551383870803,19.0613954867172,0.));
#2692=CARTESIAN_POINT('',(-10.2551383870803,19.0613954867172,0.));
#2693=CARTESIAN_POINT('',(-10.2551383870803,21.6013954867172,0.));
#2694=CARTESIAN_POINT('',(-10.2551383870803,19.0613954867172,1.2));
#2695=CARTESIAN_POINT('',(-10.2551383870803,21.6013954867172,1.2));
#2696=CARTESIAN_POINT('',(-10.2551383870803,19.0613954867172,0.));
#2697=CARTESIAN_POINT('Origin',(10.0648616129197,19.0613954867172,0.));
#2698=CARTESIAN_POINT('',(10.0648616129197,19.0613954867172,0.));
#2699=CARTESIAN_POINT('',(-10.2551383870803,19.0613954867172,0.));
#2700=CARTESIAN_POINT('',(10.0648616129197,19.0613954867172,1.2));
#2701=CARTESIAN_POINT('',(-10.2551383870803,19.0613954867172,1.2));
#2702=CARTESIAN_POINT('',(10.0648616129197,19.0613954867172,0.));
#2703=CARTESIAN_POINT('Origin',(10.0648616129197,21.6013954867172,0.));
#2704=CARTESIAN_POINT('',(10.0648616129197,19.0613954867172,0.));
#2705=CARTESIAN_POINT('',(10.0648616129197,19.0613954867172,1.2));
#2706=CARTESIAN_POINT('Origin',(-16.0951383870803,18.8313954867172,0.));
#2707=CARTESIAN_POINT('',(-16.0951383870803,18.8313954867172,0.));
#2708=CARTESIAN_POINT('',(15.9048616129197,18.8313954867172,0.));
#2709=CARTESIAN_POINT('',(-16.0951383870803,18.8313954867172,0.));
#2710=CARTESIAN_POINT('',(15.9048616129197,18.8313954867172,1.2));
#2711=CARTESIAN_POINT('',(15.9048616129197,18.8313954867172,0.));
#2712=CARTESIAN_POINT('',(-16.0951383870803,18.8313954867172,1.2));
#2713=CARTESIAN_POINT('',(-16.0951383870803,18.8313954867172,1.2));
#2714=CARTESIAN_POINT('',(-16.0951383870803,18.8313954867172,0.));
#2715=CARTESIAN_POINT('Origin',(-0.0951383870803046,21.3313954867172,1.2));
#2716=CARTESIAN_POINT('',(15.9048616129197,62.5313954867172,1.2));
#2717=CARTESIAN_POINT('',(-16.0951383870803,18.8313954867172,1.2));
#2718=CARTESIAN_POINT('Origin',(-13.5951383870803,60.0313954867172,0.));
#2719=CARTESIAN_POINT('',(-14.5951383870803,60.0313954867172,1.2));
#2720=CARTESIAN_POINT('Origin',(-13.5951383870803,60.0313954867172,1.2));
#2721=CARTESIAN_POINT('',(-14.5951383870803,60.0313954867172,0.));
#2722=CARTESIAN_POINT('',(-14.5951383870803,60.0313954867172,0.));
#2723=CARTESIAN_POINT('Origin',(-13.5951383870803,60.0313954867172,0.));
#2724=CARTESIAN_POINT('Origin',(13.4048616129197,60.0313954867172,0.));
#2725=CARTESIAN_POINT('',(12.4048616129197,60.0313954867172,1.2));
#2726=CARTESIAN_POINT('Origin',(13.4048616129197,60.0313954867172,1.2));
#2727=CARTESIAN_POINT('',(12.4048616129197,60.0313954867172,0.));
#2728=CARTESIAN_POINT('',(12.4048616129197,60.0313954867172,0.));
#2729=CARTESIAN_POINT('Origin',(13.4048616129197,60.0313954867172,0.));
#2730=CARTESIAN_POINT('Origin',(15.9048616129197,62.5313954867172,0.));
#2731=CARTESIAN_POINT('',(-16.0951383870803,62.5313954867172,0.));
#2732=CARTESIAN_POINT('',(15.9048616129197,62.5313954867172,0.));
#2733=CARTESIAN_POINT('',(-16.0951383870803,62.5313954867172,0.));
#2734=CARTESIAN_POINT('',(-16.0951383870803,62.5313954867172,1.2));
#2735=CARTESIAN_POINT('',(-16.0951383870803,62.5313954867172,0.));
#2736=CARTESIAN_POINT('',(15.9048616129197,62.5313954867172,1.2));
#2737=CARTESIAN_POINT('',(-16.0951383870803,62.5313954867172,1.2));
#2738=CARTESIAN_POINT('',(15.9048616129197,62.5313954867172,0.));
#2739=CARTESIAN_POINT('Origin',(15.9048616129197,57.5513954867172,0.));
#2740=CARTESIAN_POINT('',(15.9048616129197,62.5313954867172,0.));
#2741=CARTESIAN_POINT('',(15.9048616129197,62.5313954867172,1.2));
#2742=CARTESIAN_POINT('Origin',(-16.0951383870803,62.5313954867172,0.));
#2743=CARTESIAN_POINT('',(-16.0951383870803,18.8313954867172,0.));
#2744=CARTESIAN_POINT('',(-16.0951383870803,18.8313954867172,1.2));
#2745=CARTESIAN_POINT('Origin',(-0.0951383870803024,60.0413954867172,1.2));
#2746=CARTESIAN_POINT('Origin',(-0.0951383870803024,60.0413954867172,0.));
#2747=CARTESIAN_POINT('',(0.,0.,0.));
#2748=CARTESIAN_POINT('',(0.,0.,10.4));
#2749=UNCERTAINTY_MEASURE_WITH_UNIT(LENGTH_MEASURE(0.01),#2757,
'DISTANCE_ACCURACY_VALUE',
'Maximum model space distance between geometric entities at asserted c
onnectivities');
#2750=UNCERTAINTY_MEASURE_WITH_UNIT(LENGTH_MEASURE(0.01),#2757,
'DISTANCE_ACCURACY_VALUE',
'Maximum model space distance between geometric entities at asserted c
onnectivities');
#2751=UNCERTAINTY_MEASURE_WITH_UNIT(LENGTH_MEASURE(0.01),#2757,
'DISTANCE_ACCURACY_VALUE',
'Maximum model space distance between geometric entities at asserted c
onnectivities');
#2752=UNCERTAINTY_MEASURE_WITH_UNIT(LENGTH_MEASURE(0.01),#2757,
'DISTANCE_ACCURACY_VALUE',
'Maximum model space distance between geometric entities at asserted c
onnectivities');
#2753=(
GEOMETRIC_REPRESENTATION_CONTEXT(3)
GLOBAL_UNCERTAINTY_ASSIGNED_CONTEXT((#2749))
GLOBAL_UNIT_ASSIGNED_CONTEXT((#2757,#2759,#2760))
REPRESENTATION_CONTEXT('','3D')
);
#2754=(
GEOMETRIC_REPRESENTATION_CONTEXT(3)
GLOBAL_UNCERTAINTY_ASSIGNED_CONTEXT((#2750))
GLOBAL_UNIT_ASSIGNED_CONTEXT((#2757,#2759,#2760))
REPRESENTATION_CONTEXT('','3D')
);
#2755=(
GEOMETRIC_REPRESENTATION_CONTEXT(3)
GLOBAL_UNCERTAINTY_ASSIGNED_CONTEXT((#2751))
GLOBAL_UNIT_ASSIGNED_CONTEXT((#2757,#2759,#2760))
REPRESENTATION_CONTEXT('','3D')
);
#2756=(
GEOMETRIC_REPRESENTATION_CONTEXT(3)
GLOBAL_UNCERTAINTY_ASSIGNED_CONTEXT((#2752))
GLOBAL_UNIT_ASSIGNED_CONTEXT((#2757,#2759,#2760))
REPRESENTATION_CONTEXT('','3D')
);
#2757=(
LENGTH_UNIT()
NAMED_UNIT(*)
SI_UNIT(.MILLI.,.METRE.)
);
#2758=(
LENGTH_UNIT()
NAMED_UNIT(*)
SI_UNIT($,.METRE.)
);
#2759=(
NAMED_UNIT(*)
PLANE_ANGLE_UNIT()
SI_UNIT($,.RADIAN.)
);
#2760=(
NAMED_UNIT(*)
SI_UNIT($,.STERADIAN.)
SOLID_ANGLE_UNIT()
);
#2761=SHAPE_DEFINITION_REPRESENTATION(#2764,#2769);
#2762=SHAPE_DEFINITION_REPRESENTATION(#2765,#2770);
#2763=SHAPE_DEFINITION_REPRESENTATION(#2766,#2771);
#2764=PRODUCT_DEFINITION_SHAPE('',$,#2773);
#2765=PRODUCT_DEFINITION_SHAPE('',$,#2774);
#2766=PRODUCT_DEFINITION_SHAPE('',$,#2775);
#2767=PRODUCT_DEFINITION_SHAPE($,$,#17);
#2768=PRODUCT_DEFINITION_SHAPE($,$,#18);
#2769=SHAPE_REPRESENTATION('',(#1622,#1794,#1795),#2753);
#2770=SHAPE_REPRESENTATION('',(#1623),#2754);
#2771=SHAPE_REPRESENTATION('',(#1773),#2755);
#2772=PRODUCT_DEFINITION_CONTEXT('part definition',#2783,'design');
#2773=PRODUCT_DEFINITION('Case','Case v6',#2776,#2772);
#2774=PRODUCT_DEFINITION('Case_1','Case',#2777,#2772);
#2775=PRODUCT_DEFINITION('Screen','Screen',#2778,#2772);
#2776=PRODUCT_DEFINITION_FORMATION('',$,#2785);
#2777=PRODUCT_DEFINITION_FORMATION('',$,#2786);
#2778=PRODUCT_DEFINITION_FORMATION('',$,#2787);
#2779=PRODUCT_RELATED_PRODUCT_CATEGORY('Case v6','Case v6',(#2785));
#2780=PRODUCT_RELATED_PRODUCT_CATEGORY('Case','Case',(#2786));
#2781=PRODUCT_RELATED_PRODUCT_CATEGORY('Screen','Screen',(#2787));
#2782=APPLICATION_PROTOCOL_DEFINITION('international standard',
'automotive_design',2009,#2783);
#2783=APPLICATION_CONTEXT(
'Core Data for Automotive Mechanical Design Process');
#2784=PRODUCT_CONTEXT('part definition',#2783,'mechanical');
#2785=PRODUCT('Case','Case v6',$,(#2784));
#2786=PRODUCT('Case_1','Case',$,(#2784));
#2787=PRODUCT('Screen','Screen',$,(#2784));
#2788=PRESENTATION_STYLE_ASSIGNMENT((#2789));
#2789=SURFACE_STYLE_USAGE(.BOTH.,#2790);
#2790=SURFACE_SIDE_STYLE('',(#2791));
#2791=SURFACE_STYLE_FILL_AREA(#2792);
#2792=FILL_AREA_STYLE('Steel - Satin',(#2793));
#2793=FILL_AREA_STYLE_COLOUR('Steel - Satin',#2794);
#2794=COLOUR_RGB('Steel - Satin',0.627450980392157,0.627450980392157,0.627450980392157);
ENDSEC;
END-ISO-10303-21;
