ISO-10303-21;
HEADER;
/* Generated by software containing ST-Developer
 * from STEP Tools, Inc. (www.steptools.com) 
 */

FILE_DESCRIPTION(
/* description */ ('KiCad electronic assembly'),
/* implementation_level */ '2;1');

FILE_NAME(
/* name */ 'casev2.step',
/* time_stamp */ '2026-08-22T22:05:20+08:00',
/* author */ (''),
/* organization */ (''),
/* preprocessor_version */ 'ST-DEVELOPER v20.1',
/* originating_system */ 'Autodesk Translation Framework v15.8.0.0',
/* authorisation */ '');

FILE_SCHEMA (('AUTOMOTIVE_DESIGN { 1 0 10303 214 3 1 1 }'));
ENDSEC;

DATA;
#10=MECHANICAL_DESIGN_GEOMETRIC_PRESENTATION_REPRESENTATION('',(#27,#28),
#4388);
#11=ITEM_DEFINED_TRANSFORMATION($,$,#2710,#2909);
#12=ITEM_DEFINED_TRANSFORMATION($,$,#2711,#2910);
#13=ITEM_DEFINED_TRANSFORMATION($,$,#2806,#2911);
#14=(
REPRESENTATION_RELATIONSHIP($,$,#4405,#4404)
REPRESENTATION_RELATIONSHIP_WITH_TRANSFORMATION(#11)
SHAPE_REPRESENTATION_RELATIONSHIP()
);
#15=(
REPRESENTATION_RELATIONSHIP($,$,#4406,#4404)
REPRESENTATION_RELATIONSHIP_WITH_TRANSFORMATION(#12)
SHAPE_REPRESENTATION_RELATIONSHIP()
);
#16=(
REPRESENTATION_RELATIONSHIP($,$,#4407,#4404)
REPRESENTATION_RELATIONSHIP_WITH_TRANSFORMATION(#13)
SHAPE_REPRESENTATION_RELATIONSHIP()
);
#17=CONTEXT_DEPENDENT_SHAPE_REPRESENTATION(#14,#4401);
#18=CONTEXT_DEPENDENT_SHAPE_REPRESENTATION(#15,#4402);
#19=CONTEXT_DEPENDENT_SHAPE_REPRESENTATION(#16,#4403);
#20=NEXT_ASSEMBLY_USAGE_OCCURRENCE('mini-games_PCB:1',
'mini-games_PCB:1','mini-games_PCB:1',#4409,#4410,'mini-games_PCB:1');
#21=NEXT_ASSEMBLY_USAGE_OCCURRENCE('BottomCasePart:1',
'BottomCasePart:1','BottomCasePart:1',#4409,#4411,'BottomCasePart:1');
#22=NEXT_ASSEMBLY_USAGE_OCCURRENCE('TopCasePart:1','TopCasePart:1',
'TopCasePart:1',#4409,#4412,'TopCasePart:1');
#23=SHAPE_REPRESENTATION_RELATIONSHIP('SRR','None',#4406,#25);
#24=SHAPE_REPRESENTATION_RELATIONSHIP('SRR','None',#4407,#26);
#25=ADVANCED_BREP_SHAPE_REPRESENTATION('',(#29),#4386);
#26=ADVANCED_BREP_SHAPE_REPRESENTATION('',(#30),#4387);
#27=STYLED_ITEM('',(#4428),#29);
#28=STYLED_ITEM('',(#4428),#30);
#29=MANIFOLD_SOLID_BREP('Body1',#2673);
#30=MANIFOLD_SOLID_BREP('Body1',#2674);
#31=FACE_BOUND('',#311,.T.);
#32=FACE_BOUND('',#313,.T.);
#33=FACE_BOUND('',#314,.T.);
#34=FACE_BOUND('',#315,.T.);
#35=FACE_BOUND('',#316,.T.);
#36=FACE_BOUND('',#320,.T.);
#37=FACE_BOUND('',#325,.T.);
#38=FACE_BOUND('',#330,.T.);
#39=FACE_BOUND('',#337,.T.);
#40=FACE_BOUND('',#360,.T.);
#41=FACE_BOUND('',#442,.T.);
#42=FACE_BOUND('',#443,.T.);
#43=FACE_BOUND('',#444,.T.);
#44=FACE_BOUND('',#445,.T.);
#45=FACE_BOUND('',#446,.T.);
#46=FACE_BOUND('',#447,.T.);
#47=FACE_BOUND('',#448,.T.);
#48=FACE_BOUND('',#449,.T.);
#49=FACE_BOUND('',#450,.T.);
#50=FACE_BOUND('',#451,.T.);
#51=FACE_BOUND('',#452,.T.);
#52=FACE_BOUND('',#454,.T.);
#53=FACE_BOUND('',#455,.T.);
#54=FACE_BOUND('',#456,.T.);
#55=FACE_BOUND('',#457,.T.);
#56=FACE_BOUND('',#458,.T.);
#57=FACE_BOUND('',#459,.T.);
#58=FACE_BOUND('',#460,.T.);
#59=FACE_BOUND('',#461,.T.);
#60=FACE_BOUND('',#462,.T.);
#61=FACE_BOUND('',#463,.T.);
#62=FACE_BOUND('',#464,.T.);
#63=FACE_BOUND('',#465,.T.);
#64=FACE_BOUND('',#466,.T.);
#65=FACE_BOUND('',#467,.T.);
#66=FACE_BOUND('',#468,.T.);
#67=FACE_BOUND('',#469,.T.);
#68=FACE_BOUND('',#470,.T.);
#69=CIRCLE('',#2728,1.75);
#70=CIRCLE('',#2729,1.75);
#71=CIRCLE('',#2731,3.24999999999999);
#72=CIRCLE('',#2732,3.24999999999999);
#73=CIRCLE('',#2735,3.50000117298719);
#74=CIRCLE('',#2736,3.50000117298697);
#75=CIRCLE('',#2737,3.50000117299019);
#76=CIRCLE('',#2738,3.5000011729902);
#77=CIRCLE('',#2739,3.24999999999999);
#78=CIRCLE('',#2740,3.24999999999999);
#79=CIRCLE('',#2741,3.24999999999999);
#80=CIRCLE('',#2743,1.74999999999999);
#81=CIRCLE('',#2744,1.74999999999999);
#82=CIRCLE('',#2746,3.24999999999999);
#83=CIRCLE('',#2750,1.74999999999999);
#84=CIRCLE('',#2751,1.74999999999999);
#85=CIRCLE('',#2753,3.24999999999999);
#86=CIRCLE('',#2757,1.74999999999999);
#87=CIRCLE('',#2758,1.74999999999999);
#88=CIRCLE('',#2760,3.24999999999999);
#89=CIRCLE('',#2765,3.50000117298719);
#90=CIRCLE('',#2768,3.50000117298697);
#91=CIRCLE('',#2771,3.50000117299019);
#92=CIRCLE('',#2774,3.5000011729902);
#93=CIRCLE('',#2778,5.50000117298724);
#94=CIRCLE('',#2779,5.50000117298544);
#95=CIRCLE('',#2780,5.50000117299026);
#96=CIRCLE('',#2781,5.50000117299016);
#97=CIRCLE('',#2788,5.50000117299016);
#98=CIRCLE('',#2789,5.50000117299026);
#99=CIRCLE('',#2799,5.50000117298544);
#100=CIRCLE('',#2800,5.50000117298724);
#101=CIRCLE('',#2808,1.49999999999999);
#102=CIRCLE('',#2809,1.49999999999999);
#103=CIRCLE('',#2812,1.49999999999999);
#104=CIRCLE('',#2813,1.49999999999999);
#105=CIRCLE('',#2816,1.49999999999999);
#106=CIRCLE('',#2817,1.49999999999999);
#107=CIRCLE('',#2820,1.49999999999999);
#108=CIRCLE('',#2821,1.49999999999999);
#109=CIRCLE('',#2824,0.100000000000001);
#110=CIRCLE('',#2825,0.100000000000001);
#111=CIRCLE('',#2828,0.100000000000001);
#112=CIRCLE('',#2831,0.100000000000001);
#113=CIRCLE('',#2836,0.100000000000001);
#114=CIRCLE('',#2837,0.0999999999999977);
#115=CIRCLE('',#2839,0.0999999999999977);
#116=CIRCLE('',#2842,0.100000000000001);
#117=CIRCLE('',#2892,5.50000117298732);
#118=CIRCLE('',#2893,5.50000117298732);
#119=CIRCLE('',#2896,5.50000117299042);
#120=CIRCLE('',#2897,5.50000117299042);
#121=CIRCLE('',#2900,5.50000117298882);
#122=CIRCLE('',#2901,5.50000117298882);
#123=CIRCLE('',#2904,5.50000117298719);
#124=CIRCLE('',#2905,5.50000117298719);
#125=CYLINDRICAL_SURFACE('',#2727,1.75);
#126=CYLINDRICAL_SURFACE('',#2730,3.24999999999999);
#127=CYLINDRICAL_SURFACE('',#2742,1.74999999999999);
#128=CYLINDRICAL_SURFACE('',#2745,3.24999999999999);
#129=CYLINDRICAL_SURFACE('',#2749,1.74999999999999);
#130=CYLINDRICAL_SURFACE('',#2752,3.24999999999999);
#131=CYLINDRICAL_SURFACE('',#2756,1.74999999999999);
#132=CYLINDRICAL_SURFACE('',#2759,3.24999999999999);
#133=CYLINDRICAL_SURFACE('',#2764,3.50000117298719);
#134=CYLINDRICAL_SURFACE('',#2767,3.50000117298697);
#135=CYLINDRICAL_SURFACE('',#2770,3.50000117299019);
#136=CYLINDRICAL_SURFACE('',#2773,3.5000011729902);
#137=CYLINDRICAL_SURFACE('',#2790,5.50000117299026);
#138=CYLINDRICAL_SURFACE('',#2792,5.50000117299016);
#139=CYLINDRICAL_SURFACE('',#2803,5.50000117298724);
#140=CYLINDRICAL_SURFACE('',#2805,5.50000117298544);
#141=CYLINDRICAL_SURFACE('',#2807,1.49999999999999);
#142=CYLINDRICAL_SURFACE('',#2811,1.49999999999999);
#143=CYLINDRICAL_SURFACE('',#2815,1.49999999999999);
#144=CYLINDRICAL_SURFACE('',#2819,1.49999999999999);
#145=CYLINDRICAL_SURFACE('',#2827,0.100000000000001);
#146=CYLINDRICAL_SURFACE('',#2830,0.100000000000001);
#147=CYLINDRICAL_SURFACE('',#2838,0.0999999999999977);
#148=CYLINDRICAL_SURFACE('',#2841,0.100000000000001);
#149=CYLINDRICAL_SURFACE('',#2891,5.50000117298732);
#150=CYLINDRICAL_SURFACE('',#2895,5.50000117299042);
#151=CYLINDRICAL_SURFACE('',#2899,5.50000117298882);
#152=CYLINDRICAL_SURFACE('',#2903,5.50000117298719);
#153=FACE_OUTER_BOUND('',#293,.T.);
#154=FACE_OUTER_BOUND('',#294,.T.);
#155=FACE_OUTER_BOUND('',#295,.T.);
#156=FACE_OUTER_BOUND('',#296,.T.);
#157=FACE_OUTER_BOUND('',#297,.T.);
#158=FACE_OUTER_BOUND('',#298,.T.);
#159=FACE_OUTER_BOUND('',#299,.T.);
#160=FACE_OUTER_BOUND('',#300,.T.);
#161=FACE_OUTER_BOUND('',#301,.T.);
#162=FACE_OUTER_BOUND('',#302,.T.);
#163=FACE_OUTER_BOUND('',#303,.T.);
#164=FACE_OUTER_BOUND('',#304,.T.);
#165=FACE_OUTER_BOUND('',#305,.T.);
#166=FACE_OUTER_BOUND('',#306,.T.);
#167=FACE_OUTER_BOUND('',#307,.T.);
#168=FACE_OUTER_BOUND('',#308,.T.);
#169=FACE_OUTER_BOUND('',#309,.T.);
#170=FACE_OUTER_BOUND('',#310,.T.);
#171=FACE_OUTER_BOUND('',#312,.T.);
#172=FACE_OUTER_BOUND('',#317,.T.);
#173=FACE_OUTER_BOUND('',#318,.T.);
#174=FACE_OUTER_BOUND('',#319,.T.);
#175=FACE_OUTER_BOUND('',#321,.T.);
#176=FACE_OUTER_BOUND('',#322,.T.);
#177=FACE_OUTER_BOUND('',#323,.T.);
#178=FACE_OUTER_BOUND('',#324,.T.);
#179=FACE_OUTER_BOUND('',#326,.T.);
#180=FACE_OUTER_BOUND('',#327,.T.);
#181=FACE_OUTER_BOUND('',#328,.T.);
#182=FACE_OUTER_BOUND('',#329,.T.);
#183=FACE_OUTER_BOUND('',#331,.T.);
#184=FACE_OUTER_BOUND('',#332,.T.);
#185=FACE_OUTER_BOUND('',#333,.T.);
#186=FACE_OUTER_BOUND('',#334,.T.);
#187=FACE_OUTER_BOUND('',#335,.T.);
#188=FACE_OUTER_BOUND('',#336,.T.);
#189=FACE_OUTER_BOUND('',#338,.T.);
#190=FACE_OUTER_BOUND('',#339,.T.);
#191=FACE_OUTER_BOUND('',#340,.T.);
#192=FACE_OUTER_BOUND('',#341,.T.);
#193=FACE_OUTER_BOUND('',#342,.T.);
#194=FACE_OUTER_BOUND('',#343,.T.);
#195=FACE_OUTER_BOUND('',#344,.T.);
#196=FACE_OUTER_BOUND('',#345,.T.);
#197=FACE_OUTER_BOUND('',#346,.T.);
#198=FACE_OUTER_BOUND('',#347,.T.);
#199=FACE_OUTER_BOUND('',#348,.T.);
#200=FACE_OUTER_BOUND('',#349,.T.);
#201=FACE_OUTER_BOUND('',#350,.T.);
#202=FACE_OUTER_BOUND('',#351,.T.);
#203=FACE_OUTER_BOUND('',#352,.T.);
#204=FACE_OUTER_BOUND('',#353,.T.);
#205=FACE_OUTER_BOUND('',#354,.T.);
#206=FACE_OUTER_BOUND('',#355,.T.);
#207=FACE_OUTER_BOUND('',#356,.T.);
#208=FACE_OUTER_BOUND('',#357,.T.);
#209=FACE_OUTER_BOUND('',#358,.T.);
#210=FACE_OUTER_BOUND('',#359,.T.);
#211=FACE_OUTER_BOUND('',#361,.T.);
#212=FACE_OUTER_BOUND('',#362,.T.);
#213=FACE_OUTER_BOUND('',#363,.T.);
#214=FACE_OUTER_BOUND('',#364,.T.);
#215=FACE_OUTER_BOUND('',#365,.T.);
#216=FACE_OUTER_BOUND('',#366,.T.);
#217=FACE_OUTER_BOUND('',#367,.T.);
#218=FACE_OUTER_BOUND('',#368,.T.);
#219=FACE_OUTER_BOUND('',#369,.T.);
#220=FACE_OUTER_BOUND('',#370,.T.);
#221=FACE_OUTER_BOUND('',#371,.T.);
#222=FACE_OUTER_BOUND('',#372,.T.);
#223=FACE_OUTER_BOUND('',#373,.T.);
#224=FACE_OUTER_BOUND('',#374,.T.);
#225=FACE_OUTER_BOUND('',#375,.T.);
#226=FACE_OUTER_BOUND('',#376,.T.);
#227=FACE_OUTER_BOUND('',#377,.T.);
#228=FACE_OUTER_BOUND('',#378,.T.);
#229=FACE_OUTER_BOUND('',#379,.T.);
#230=FACE_OUTER_BOUND('',#380,.T.);
#231=FACE_OUTER_BOUND('',#381,.T.);
#232=FACE_OUTER_BOUND('',#382,.T.);
#233=FACE_OUTER_BOUND('',#383,.T.);
#234=FACE_OUTER_BOUND('',#384,.T.);
#235=FACE_OUTER_BOUND('',#385,.T.);
#236=FACE_OUTER_BOUND('',#386,.T.);
#237=FACE_OUTER_BOUND('',#387,.T.);
#238=FACE_OUTER_BOUND('',#388,.T.);
#239=FACE_OUTER_BOUND('',#389,.T.);
#240=FACE_OUTER_BOUND('',#390,.T.);
#241=FACE_OUTER_BOUND('',#391,.T.);
#242=FACE_OUTER_BOUND('',#392,.T.);
#243=FACE_OUTER_BOUND('',#393,.T.);
#244=FACE_OUTER_BOUND('',#394,.T.);
#245=FACE_OUTER_BOUND('',#395,.T.);
#246=FACE_OUTER_BOUND('',#396,.T.);
#247=FACE_OUTER_BOUND('',#397,.T.);
#248=FACE_OUTER_BOUND('',#398,.T.);
#249=FACE_OUTER_BOUND('',#399,.T.);
#250=FACE_OUTER_BOUND('',#400,.T.);
#251=FACE_OUTER_BOUND('',#401,.T.);
#252=FACE_OUTER_BOUND('',#402,.T.);
#253=FACE_OUTER_BOUND('',#403,.T.);
#254=FACE_OUTER_BOUND('',#404,.T.);
#255=FACE_OUTER_BOUND('',#405,.T.);
#256=FACE_OUTER_BOUND('',#406,.T.);
#257=FACE_OUTER_BOUND('',#407,.T.);
#258=FACE_OUTER_BOUND('',#408,.T.);
#259=FACE_OUTER_BOUND('',#409,.T.);
#260=FACE_OUTER_BOUND('',#410,.T.);
#261=FACE_OUTER_BOUND('',#411,.T.);
#262=FACE_OUTER_BOUND('',#412,.T.);
#263=FACE_OUTER_BOUND('',#413,.T.);
#264=FACE_OUTER_BOUND('',#414,.T.);
#265=FACE_OUTER_BOUND('',#415,.T.);
#266=FACE_OUTER_BOUND('',#416,.T.);
#267=FACE_OUTER_BOUND('',#417,.T.);
#268=FACE_OUTER_BOUND('',#418,.T.);
#269=FACE_OUTER_BOUND('',#419,.T.);
#270=FACE_OUTER_BOUND('',#420,.T.);
#271=FACE_OUTER_BOUND('',#421,.T.);
#272=FACE_OUTER_BOUND('',#422,.T.);
#273=FACE_OUTER_BOUND('',#423,.T.);
#274=FACE_OUTER_BOUND('',#424,.T.);
#275=FACE_OUTER_BOUND('',#425,.T.);
#276=FACE_OUTER_BOUND('',#426,.T.);
#277=FACE_OUTER_BOUND('',#427,.T.);
#278=FACE_OUTER_BOUND('',#428,.T.);
#279=FACE_OUTER_BOUND('',#429,.T.);
#280=FACE_OUTER_BOUND('',#430,.T.);
#281=FACE_OUTER_BOUND('',#431,.T.);
#282=FACE_OUTER_BOUND('',#432,.T.);
#283=FACE_OUTER_BOUND('',#433,.T.);
#284=FACE_OUTER_BOUND('',#434,.T.);
#285=FACE_OUTER_BOUND('',#435,.T.);
#286=FACE_OUTER_BOUND('',#436,.T.);
#287=FACE_OUTER_BOUND('',#437,.T.);
#288=FACE_OUTER_BOUND('',#438,.T.);
#289=FACE_OUTER_BOUND('',#439,.T.);
#290=FACE_OUTER_BOUND('',#440,.T.);
#291=FACE_OUTER_BOUND('',#441,.T.);
#292=FACE_OUTER_BOUND('',#453,.T.);
#293=EDGE_LOOP('',(#1693,#1694,#1695,#1696));
#294=EDGE_LOOP('',(#1697,#1698,#1699,#1700));
#295=EDGE_LOOP('',(#1701,#1702,#1703,#1704));
#296=EDGE_LOOP('',(#1705,#1706,#1707,#1708));
#297=EDGE_LOOP('',(#1709,#1710,#1711,#1712));
#298=EDGE_LOOP('',(#1713,#1714,#1715,#1716));
#299=EDGE_LOOP('',(#1717,#1718,#1719,#1720));
#300=EDGE_LOOP('',(#1721,#1722,#1723,#1724));
#301=EDGE_LOOP('',(#1725,#1726,#1727,#1728));
#302=EDGE_LOOP('',(#1729,#1730,#1731,#1732));
#303=EDGE_LOOP('',(#1733,#1734,#1735,#1736));
#304=EDGE_LOOP('',(#1737,#1738,#1739,#1740));
#305=EDGE_LOOP('',(#1741,#1742,#1743,#1744));
#306=EDGE_LOOP('',(#1745,#1746,#1747,#1748,#1749,#1750,#1751,#1752));
#307=EDGE_LOOP('',(#1753,#1754,#1755,#1756,#1757,#1758,#1759,#1760));
#308=EDGE_LOOP('',(#1761,#1762,#1763,#1764));
#309=EDGE_LOOP('',(#1765,#1766,#1767,#1768));
#310=EDGE_LOOP('',(#1769));
#311=EDGE_LOOP('',(#1770));
#312=EDGE_LOOP('',(#1771,#1772,#1773,#1774,#1775,#1776,#1777,#1778,#1779,
#1780,#1781,#1782,#1783,#1784,#1785,#1786));
#313=EDGE_LOOP('',(#1787));
#314=EDGE_LOOP('',(#1788));
#315=EDGE_LOOP('',(#1789));
#316=EDGE_LOOP('',(#1790));
#317=EDGE_LOOP('',(#1791,#1792,#1793,#1794));
#318=EDGE_LOOP('',(#1795,#1796,#1797,#1798));
#319=EDGE_LOOP('',(#1799));
#320=EDGE_LOOP('',(#1800));
#321=EDGE_LOOP('',(#1801));
#322=EDGE_LOOP('',(#1802,#1803,#1804,#1805));
#323=EDGE_LOOP('',(#1806,#1807,#1808,#1809));
#324=EDGE_LOOP('',(#1810));
#325=EDGE_LOOP('',(#1811));
#326=EDGE_LOOP('',(#1812));
#327=EDGE_LOOP('',(#1813,#1814,#1815,#1816));
#328=EDGE_LOOP('',(#1817,#1818,#1819,#1820));
#329=EDGE_LOOP('',(#1821));
#330=EDGE_LOOP('',(#1822));
#331=EDGE_LOOP('',(#1823));
#332=EDGE_LOOP('',(#1824,#1825,#1826,#1827,#1828,#1829,#1830,#1831));
#333=EDGE_LOOP('',(#1832,#1833,#1834,#1835));
#334=EDGE_LOOP('',(#1836,#1837,#1838,#1839));
#335=EDGE_LOOP('',(#1840,#1841,#1842,#1843));
#336=EDGE_LOOP('',(#1844,#1845,#1846,#1847,#1848,#1849));
#337=EDGE_LOOP('',(#1850,#1851,#1852,#1853));
#338=EDGE_LOOP('',(#1854,#1855,#1856,#1857));
#339=EDGE_LOOP('',(#1858,#1859,#1860,#1861));
#340=EDGE_LOOP('',(#1862,#1863,#1864,#1865));
#341=EDGE_LOOP('',(#1866,#1867,#1868,#1869,#1870,#1871,#1872,#1873));
#342=EDGE_LOOP('',(#1874,#1875,#1876,#1877));
#343=EDGE_LOOP('',(#1878,#1879,#1880,#1881,#1882,#1883,#1884,#1885,#1886,
#1887,#1888,#1889,#1890,#1891,#1892,#1893,#1894,#1895,#1896,#1897));
#344=EDGE_LOOP('',(#1898));
#345=EDGE_LOOP('',(#1899,#1900,#1901,#1902,#1903,#1904));
#346=EDGE_LOOP('',(#1905,#1906,#1907,#1908));
#347=EDGE_LOOP('',(#1909,#1910,#1911,#1912));
#348=EDGE_LOOP('',(#1913,#1914,#1915,#1916));
#349=EDGE_LOOP('',(#1917,#1918,#1919,#1920,#1921,#1922));
#350=EDGE_LOOP('',(#1923,#1924,#1925,#1926));
#351=EDGE_LOOP('',(#1927,#1928,#1929,#1930));
#352=EDGE_LOOP('',(#1931,#1932,#1933,#1934));
#353=EDGE_LOOP('',(#1935,#1936,#1937,#1938,#1939));
#354=EDGE_LOOP('',(#1940,#1941,#1942,#1943));
#355=EDGE_LOOP('',(#1944,#1945,#1946,#1947,#1948,#1949,#1950,#1951,#1952,
#1953,#1954,#1955));
#356=EDGE_LOOP('',(#1956,#1957,#1958,#1959));
#357=EDGE_LOOP('',(#1960,#1961,#1962,#1963));
#358=EDGE_LOOP('',(#1964,#1965,#1966,#1967,#1968,#1969));
#359=EDGE_LOOP('',(#1970,#1971,#1972,#1973,#1974,#1975,#1976,#1977));
#360=EDGE_LOOP('',(#1978,#1979,#1980,#1981,#1982,#1983));
#361=EDGE_LOOP('',(#1984,#1985,#1986,#1987,#1988));
#362=EDGE_LOOP('',(#1989,#1990,#1991,#1992));
#363=EDGE_LOOP('',(#1993,#1994,#1995,#1996));
#364=EDGE_LOOP('',(#1997,#1998,#1999,#2000));
#365=EDGE_LOOP('',(#2001,#2002,#2003,#2004));
#366=EDGE_LOOP('',(#2005));
#367=EDGE_LOOP('',(#2006,#2007,#2008,#2009));
#368=EDGE_LOOP('',(#2010));
#369=EDGE_LOOP('',(#2011,#2012,#2013,#2014));
#370=EDGE_LOOP('',(#2015));
#371=EDGE_LOOP('',(#2016,#2017,#2018,#2019));
#372=EDGE_LOOP('',(#2020));
#373=EDGE_LOOP('',(#2021,#2022,#2023,#2024,#2025,#2026,#2027));
#374=EDGE_LOOP('',(#2028,#2029,#2030,#2031));
#375=EDGE_LOOP('',(#2032,#2033,#2034,#2035));
#376=EDGE_LOOP('',(#2036,#2037,#2038,#2039));
#377=EDGE_LOOP('',(#2040,#2041,#2042,#2043));
#378=EDGE_LOOP('',(#2044,#2045,#2046,#2047));
#379=EDGE_LOOP('',(#2048,#2049,#2050,#2051));
#380=EDGE_LOOP('',(#2052,#2053,#2054,#2055,#2056,#2057,#2058));
#381=EDGE_LOOP('',(#2059,#2060,#2061,#2062,#2063,#2064,#2065));
#382=EDGE_LOOP('',(#2066,#2067,#2068,#2069));
#383=EDGE_LOOP('',(#2070,#2071,#2072,#2073));
#384=EDGE_LOOP('',(#2074,#2075,#2076,#2077));
#385=EDGE_LOOP('',(#2078,#2079,#2080,#2081));
#386=EDGE_LOOP('',(#2082,#2083,#2084,#2085));
#387=EDGE_LOOP('',(#2086,#2087,#2088,#2089));
#388=EDGE_LOOP('',(#2090,#2091,#2092,#2093,#2094,#2095,#2096));
#389=EDGE_LOOP('',(#2097,#2098,#2099,#2100));
#390=EDGE_LOOP('',(#2101,#2102,#2103,#2104));
#391=EDGE_LOOP('',(#2105,#2106,#2107,#2108));
#392=EDGE_LOOP('',(#2109,#2110,#2111,#2112));
#393=EDGE_LOOP('',(#2113,#2114,#2115,#2116));
#394=EDGE_LOOP('',(#2117,#2118,#2119,#2120));
#395=EDGE_LOOP('',(#2121,#2122,#2123,#2124));
#396=EDGE_LOOP('',(#2125,#2126,#2127,#2128));
#397=EDGE_LOOP('',(#2129,#2130,#2131,#2132));
#398=EDGE_LOOP('',(#2133,#2134,#2135,#2136));
#399=EDGE_LOOP('',(#2137,#2138,#2139,#2140));
#400=EDGE_LOOP('',(#2141,#2142,#2143,#2144));
#401=EDGE_LOOP('',(#2145,#2146,#2147,#2148));
#402=EDGE_LOOP('',(#2149,#2150,#2151,#2152));
#403=EDGE_LOOP('',(#2153,#2154,#2155,#2156));
#404=EDGE_LOOP('',(#2157,#2158,#2159,#2160));
#405=EDGE_LOOP('',(#2161,#2162,#2163,#2164));
#406=EDGE_LOOP('',(#2165,#2166,#2167,#2168));
#407=EDGE_LOOP('',(#2169,#2170,#2171,#2172));
#408=EDGE_LOOP('',(#2173,#2174,#2175,#2176));
#409=EDGE_LOOP('',(#2177,#2178,#2179,#2180));
#410=EDGE_LOOP('',(#2181,#2182,#2183,#2184));
#411=EDGE_LOOP('',(#2185,#2186,#2187,#2188));
#412=EDGE_LOOP('',(#2189,#2190,#2191,#2192));
#413=EDGE_LOOP('',(#2193,#2194,#2195,#2196));
#414=EDGE_LOOP('',(#2197,#2198,#2199,#2200));
#415=EDGE_LOOP('',(#2201,#2202,#2203,#2204));
#416=EDGE_LOOP('',(#2205,#2206,#2207,#2208));
#417=EDGE_LOOP('',(#2209,#2210,#2211,#2212));
#418=EDGE_LOOP('',(#2213,#2214,#2215,#2216));
#419=EDGE_LOOP('',(#2217,#2218,#2219,#2220));
#420=EDGE_LOOP('',(#2221,#2222,#2223,#2224));
#421=EDGE_LOOP('',(#2225,#2226,#2227,#2228));
#422=EDGE_LOOP('',(#2229,#2230,#2231,#2232));
#423=EDGE_LOOP('',(#2233,#2234,#2235,#2236));
#424=EDGE_LOOP('',(#2237,#2238,#2239,#2240));
#425=EDGE_LOOP('',(#2241,#2242,#2243,#2244));
#426=EDGE_LOOP('',(#2245,#2246,#2247,#2248));
#427=EDGE_LOOP('',(#2249,#2250,#2251,#2252));
#428=EDGE_LOOP('',(#2253,#2254,#2255,#2256));
#429=EDGE_LOOP('',(#2257,#2258,#2259,#2260));
#430=EDGE_LOOP('',(#2261,#2262,#2263,#2264));
#431=EDGE_LOOP('',(#2265,#2266,#2267,#2268));
#432=EDGE_LOOP('',(#2269,#2270,#2271,#2272));
#433=EDGE_LOOP('',(#2273,#2274,#2275,#2276));
#434=EDGE_LOOP('',(#2277,#2278,#2279,#2280));
#435=EDGE_LOOP('',(#2281,#2282,#2283,#2284));
#436=EDGE_LOOP('',(#2285,#2286,#2287,#2288));
#437=EDGE_LOOP('',(#2289,#2290,#2291,#2292));
#438=EDGE_LOOP('',(#2293,#2294,#2295,#2296));
#439=EDGE_LOOP('',(#2297,#2298,#2299,#2300));
#440=EDGE_LOOP('',(#2301,#2302,#2303,#2304));
#441=EDGE_LOOP('',(#2305,#2306,#2307,#2308,#2309,#2310,#2311,#2312));
#442=EDGE_LOOP('',(#2313,#2314,#2315,#2316));
#443=EDGE_LOOP('',(#2317,#2318,#2319,#2320));
#444=EDGE_LOOP('',(#2321,#2322,#2323,#2324));
#445=EDGE_LOOP('',(#2325,#2326,#2327,#2328));
#446=EDGE_LOOP('',(#2329,#2330,#2331,#2332));
#447=EDGE_LOOP('',(#2333,#2334,#2335,#2336));
#448=EDGE_LOOP('',(#2337,#2338,#2339,#2340));
#449=EDGE_LOOP('',(#2341,#2342,#2343,#2344));
#450=EDGE_LOOP('',(#2345,#2346,#2347,#2348));
#451=EDGE_LOOP('',(#2349,#2350,#2351,#2352));
#452=EDGE_LOOP('',(#2353,#2354,#2355,#2356));
#453=EDGE_LOOP('',(#2357,#2358,#2359,#2360,#2361,#2362,#2363,#2364));
#454=EDGE_LOOP('',(#2365));
#455=EDGE_LOOP('',(#2366));
#456=EDGE_LOOP('',(#2367,#2368,#2369,#2370));
#457=EDGE_LOOP('',(#2371,#2372,#2373,#2374));
#458=EDGE_LOOP('',(#2375,#2376,#2377,#2378));
#459=EDGE_LOOP('',(#2379,#2380,#2381,#2382));
#460=EDGE_LOOP('',(#2383,#2384,#2385,#2386));
#461=EDGE_LOOP('',(#2387,#2388,#2389,#2390));
#462=EDGE_LOOP('',(#2391,#2392,#2393,#2394));
#463=EDGE_LOOP('',(#2395,#2396,#2397,#2398));
#464=EDGE_LOOP('',(#2399,#2400,#2401,#2402));
#465=EDGE_LOOP('',(#2403,#2404,#2405,#2406));
#466=EDGE_LOOP('',(#2407,#2408,#2409,#2410));
#467=EDGE_LOOP('',(#2411,#2412,#2413,#2414));
#468=EDGE_LOOP('',(#2415,#2416,#2417,#2418));
#469=EDGE_LOOP('',(#2419));
#470=EDGE_LOOP('',(#2420));
#471=LINE('',#3632,#779);
#472=LINE('',#3634,#780);
#473=LINE('',#3636,#781);
#474=LINE('',#3637,#782);
#475=LINE('',#3640,#783);
#476=LINE('',#3642,#784);
#477=LINE('',#3643,#785);
#478=LINE('',#3646,#786);
#479=LINE('',#3648,#787);
#480=LINE('',#3649,#788);
#481=LINE('',#3651,#789);
#482=LINE('',#3653,#790);
#483=LINE('',#3657,#791);
#484=LINE('',#3659,#792);
#485=LINE('',#3661,#793);
#486=LINE('',#3662,#794);
#487=LINE('',#3666,#795);
#488=LINE('',#3668,#796);
#489=LINE('',#3670,#797);
#490=LINE('',#3671,#798);
#491=LINE('',#3674,#799);
#492=LINE('',#3676,#800);
#493=LINE('',#3677,#801);
#494=LINE('',#3680,#802);
#495=LINE('',#3682,#803);
#496=LINE('',#3683,#804);
#497=LINE('',#3686,#805);
#498=LINE('',#3688,#806);
#499=LINE('',#3689,#807);
#500=LINE('',#3692,#808);
#501=LINE('',#3693,#809);
#502=LINE('',#3696,#810);
#503=LINE('',#3697,#811);
#504=LINE('',#3699,#812);
#505=LINE('',#3702,#813);
#506=LINE('',#3704,#814);
#507=LINE('',#3706,#815);
#508=LINE('',#3708,#816);
#509=LINE('',#3709,#817);
#510=LINE('',#3712,#818);
#511=LINE('',#3714,#819);
#512=LINE('',#3716,#820);
#513=LINE('',#3718,#821);
#514=LINE('',#3719,#822);
#515=LINE('',#3724,#823);
#516=LINE('',#3730,#824);
#517=LINE('',#3735,#825);
#518=LINE('',#3739,#826);
#519=LINE('',#3743,#827);
#520=LINE('',#3745,#828);
#521=LINE('',#3747,#829);
#522=LINE('',#3749,#830);
#523=LINE('',#3751,#831);
#524=LINE('',#3755,#832);
#525=LINE('',#3758,#833);
#526=LINE('',#3759,#834);
#527=LINE('',#3770,#835);
#528=LINE('',#3775,#836);
#529=LINE('',#3782,#837);
#530=LINE('',#3787,#838);
#531=LINE('',#3794,#839);
#532=LINE('',#3799,#840);
#533=LINE('',#3804,#841);
#534=LINE('',#3805,#842);
#535=LINE('',#3809,#843);
#536=LINE('',#3812,#844);
#537=LINE('',#3813,#845);
#538=LINE('',#3817,#846);
#539=LINE('',#3819,#847);
#540=LINE('',#3821,#848);
#541=LINE('',#3822,#849);
#542=LINE('',#3826,#850);
#543=LINE('',#3829,#851);
#544=LINE('',#3830,#852);
#545=LINE('',#3834,#853);
#546=LINE('',#3836,#854);
#547=LINE('',#3839,#855);
#548=LINE('',#3841,#856);
#549=LINE('',#3842,#857);
#550=LINE('',#3845,#858);
#551=LINE('',#3849,#859);
#552=LINE('',#3853,#860);
#553=LINE('',#3857,#861);
#554=LINE('',#3860,#862);
#555=LINE('',#3864,#863);
#556=LINE('',#3866,#864);
#557=LINE('',#3868,#865);
#558=LINE('',#3870,#866);
#559=LINE('',#3871,#867);
#560=LINE('',#3874,#868);
#561=LINE('',#3876,#869);
#562=LINE('',#3877,#870);
#563=LINE('',#3881,#871);
#564=LINE('',#3883,#872);
#565=LINE('',#3885,#873);
#566=LINE('',#3886,#874);
#567=LINE('',#3889,#875);
#568=LINE('',#3890,#876);
#569=LINE('',#3893,#877);
#570=LINE('',#3897,#878);
#571=LINE('',#3900,#879);
#572=LINE('',#3902,#880);
#573=LINE('',#3903,#881);
#574=LINE('',#3905,#882);
#575=LINE('',#3907,#883);
#576=LINE('',#3909,#884);
#577=LINE('',#3912,#885);
#578=LINE('',#3913,#886);
#579=LINE('',#3916,#887);
#580=LINE('',#3918,#888);
#581=LINE('',#3920,#889);
#582=LINE('',#3921,#890);
#583=LINE('',#3924,#891);
#584=LINE('',#3925,#892);
#585=LINE('',#3928,#893);
#586=LINE('',#3929,#894);
#587=LINE('',#3932,#895);
#588=LINE('',#3936,#896);
#589=LINE('',#3939,#897);
#590=LINE('',#3940,#898);
#591=LINE('',#3943,#899);
#592=LINE('',#3945,#900);
#593=LINE('',#3952,#901);
#594=LINE('',#3959,#902);
#595=LINE('',#3966,#903);
#596=LINE('',#3973,#904);
#597=LINE('',#3979,#905);
#598=LINE('',#3981,#906);
#599=LINE('',#3985,#907);
#600=LINE('',#3989,#908);
#601=LINE('',#3990,#909);
#602=LINE('',#3993,#910);
#603=LINE('',#3995,#911);
#604=LINE('',#3996,#912);
#605=LINE('',#4000,#913);
#606=LINE('',#4003,#914);
#607=LINE('',#4004,#915);
#608=LINE('',#4008,#916);
#609=LINE('',#4011,#917);
#610=LINE('',#4012,#918);
#611=LINE('',#4015,#919);
#612=LINE('',#4016,#920);
#613=LINE('',#4018,#921);
#614=LINE('',#4022,#922);
#615=LINE('',#4026,#923);
#616=LINE('',#4030,#924);
#617=LINE('',#4032,#925);
#618=LINE('',#4033,#926);
#619=LINE('',#4036,#927);
#620=LINE('',#4039,#928);
#621=LINE('',#4042,#929);
#622=LINE('',#4043,#930);
#623=LINE('',#4046,#931);
#624=LINE('',#4050,#932);
#625=LINE('',#4051,#933);
#626=LINE('',#4054,#934);
#627=LINE('',#4055,#935);
#628=LINE('',#4058,#936);
#629=LINE('',#4059,#937);
#630=LINE('',#4061,#938);
#631=LINE('',#4065,#939);
#632=LINE('',#4067,#940);
#633=LINE('',#4069,#941);
#634=LINE('',#4070,#942);
#635=LINE('',#4073,#943);
#636=LINE('',#4075,#944);
#637=LINE('',#4076,#945);
#638=LINE('',#4079,#946);
#639=LINE('',#4081,#947);
#640=LINE('',#4082,#948);
#641=LINE('',#4084,#949);
#642=LINE('',#4085,#950);
#643=LINE('',#4089,#951);
#644=LINE('',#4091,#952);
#645=LINE('',#4093,#953);
#646=LINE('',#4094,#954);
#647=LINE('',#4097,#955);
#648=LINE('',#4099,#956);
#649=LINE('',#4100,#957);
#650=LINE('',#4103,#958);
#651=LINE('',#4105,#959);
#652=LINE('',#4106,#960);
#653=LINE('',#4108,#961);
#654=LINE('',#4109,#962);
#655=LINE('',#4113,#963);
#656=LINE('',#4115,#964);
#657=LINE('',#4117,#965);
#658=LINE('',#4118,#966);
#659=LINE('',#4121,#967);
#660=LINE('',#4123,#968);
#661=LINE('',#4124,#969);
#662=LINE('',#4127,#970);
#663=LINE('',#4129,#971);
#664=LINE('',#4130,#972);
#665=LINE('',#4132,#973);
#666=LINE('',#4133,#974);
#667=LINE('',#4137,#975);
#668=LINE('',#4139,#976);
#669=LINE('',#4141,#977);
#670=LINE('',#4142,#978);
#671=LINE('',#4145,#979);
#672=LINE('',#4147,#980);
#673=LINE('',#4148,#981);
#674=LINE('',#4151,#982);
#675=LINE('',#4153,#983);
#676=LINE('',#4154,#984);
#677=LINE('',#4156,#985);
#678=LINE('',#4157,#986);
#679=LINE('',#4161,#987);
#680=LINE('',#4163,#988);
#681=LINE('',#4165,#989);
#682=LINE('',#4166,#990);
#683=LINE('',#4169,#991);
#684=LINE('',#4171,#992);
#685=LINE('',#4172,#993);
#686=LINE('',#4175,#994);
#687=LINE('',#4177,#995);
#688=LINE('',#4178,#996);
#689=LINE('',#4180,#997);
#690=LINE('',#4181,#998);
#691=LINE('',#4185,#999);
#692=LINE('',#4187,#1000);
#693=LINE('',#4189,#1001);
#694=LINE('',#4190,#1002);
#695=LINE('',#4193,#1003);
#696=LINE('',#4195,#1004);
#697=LINE('',#4196,#1005);
#698=LINE('',#4199,#1006);
#699=LINE('',#4201,#1007);
#700=LINE('',#4202,#1008);
#701=LINE('',#4204,#1009);
#702=LINE('',#4205,#1010);
#703=LINE('',#4209,#1011);
#704=LINE('',#4211,#1012);
#705=LINE('',#4213,#1013);
#706=LINE('',#4214,#1014);
#707=LINE('',#4217,#1015);
#708=LINE('',#4219,#1016);
#709=LINE('',#4220,#1017);
#710=LINE('',#4223,#1018);
#711=LINE('',#4225,#1019);
#712=LINE('',#4226,#1020);
#713=LINE('',#4228,#1021);
#714=LINE('',#4229,#1022);
#715=LINE('',#4233,#1023);
#716=LINE('',#4235,#1024);
#717=LINE('',#4237,#1025);
#718=LINE('',#4238,#1026);
#719=LINE('',#4241,#1027);
#720=LINE('',#4243,#1028);
#721=LINE('',#4244,#1029);
#722=LINE('',#4247,#1030);
#723=LINE('',#4249,#1031);
#724=LINE('',#4250,#1032);
#725=LINE('',#4252,#1033);
#726=LINE('',#4253,#1034);
#727=LINE('',#4257,#1035);
#728=LINE('',#4259,#1036);
#729=LINE('',#4261,#1037);
#730=LINE('',#4262,#1038);
#731=LINE('',#4265,#1039);
#732=LINE('',#4267,#1040);
#733=LINE('',#4268,#1041);
#734=LINE('',#4271,#1042);
#735=LINE('',#4273,#1043);
#736=LINE('',#4274,#1044);
#737=LINE('',#4276,#1045);
#738=LINE('',#4277,#1046);
#739=LINE('',#4281,#1047);
#740=LINE('',#4283,#1048);
#741=LINE('',#4285,#1049);
#742=LINE('',#4286,#1050);
#743=LINE('',#4289,#1051);
#744=LINE('',#4291,#1052);
#745=LINE('',#4292,#1053);
#746=LINE('',#4295,#1054);
#747=LINE('',#4297,#1055);
#748=LINE('',#4298,#1056);
#749=LINE('',#4300,#1057);
#750=LINE('',#4301,#1058);
#751=LINE('',#4305,#1059);
#752=LINE('',#4307,#1060);
#753=LINE('',#4309,#1061);
#754=LINE('',#4310,#1062);
#755=LINE('',#4313,#1063);
#756=LINE('',#4315,#1064);
#757=LINE('',#4316,#1065);
#758=LINE('',#4319,#1066);
#759=LINE('',#4321,#1067);
#760=LINE('',#4322,#1068);
#761=LINE('',#4324,#1069);
#762=LINE('',#4325,#1070);
#763=LINE('',#4331,#1071);
#764=LINE('',#4334,#1072);
#765=LINE('',#4337,#1073);
#766=LINE('',#4339,#1074);
#767=LINE('',#4340,#1075);
#768=LINE('',#4346,#1076);
#769=LINE('',#4349,#1077);
#770=LINE('',#4351,#1078);
#771=LINE('',#4352,#1079);
#772=LINE('',#4358,#1080);
#773=LINE('',#4361,#1081);
#774=LINE('',#4363,#1082);
#775=LINE('',#4364,#1083);
#776=LINE('',#4370,#1084);
#777=LINE('',#4372,#1085);
#778=LINE('',#4373,#1086);
#779=VECTOR('',#2920,10.);
#780=VECTOR('',#2921,10.);
#781=VECTOR('',#2922,10.);
#782=VECTOR('',#2923,10.);
#783=VECTOR('',#2926,10.);
#784=VECTOR('',#2927,10.);
#785=VECTOR('',#2928,10.);
#786=VECTOR('',#2931,10.);
#787=VECTOR('',#2932,10.);
#788=VECTOR('',#2933,10.);
#789=VECTOR('',#2936,10.);
#790=VECTOR('',#2939,10.);
#791=VECTOR('',#2942,10.);
#792=VECTOR('',#2943,10.);
#793=VECTOR('',#2944,10.);
#794=VECTOR('',#2945,10.);
#795=VECTOR('',#2948,10.);
#796=VECTOR('',#2949,10.);
#797=VECTOR('',#2950,10.);
#798=VECTOR('',#2951,10.);
#799=VECTOR('',#2954,10.);
#800=VECTOR('',#2955,10.);
#801=VECTOR('',#2956,10.);
#802=VECTOR('',#2959,10.);
#803=VECTOR('',#2960,10.);
#804=VECTOR('',#2961,10.);
#805=VECTOR('',#2964,10.);
#806=VECTOR('',#2965,10.);
#807=VECTOR('',#2966,10.);
#808=VECTOR('',#2969,10.);
#809=VECTOR('',#2970,10.);
#810=VECTOR('',#2973,10.);
#811=VECTOR('',#2974,10.);
#812=VECTOR('',#2977,10.);
#813=VECTOR('',#2980,10.);
#814=VECTOR('',#2981,10.);
#815=VECTOR('',#2982,10.);
#816=VECTOR('',#2983,10.);
#817=VECTOR('',#2984,10.);
#818=VECTOR('',#2987,10.);
#819=VECTOR('',#2988,10.);
#820=VECTOR('',#2989,10.);
#821=VECTOR('',#2990,10.);
#822=VECTOR('',#2991,10.);
#823=VECTOR('',#2996,1.75);
#824=VECTOR('',#3003,3.24999999999999);
#825=VECTOR('',#3010,10.);
#826=VECTOR('',#3013,10.);
#827=VECTOR('',#3016,10.);
#828=VECTOR('',#3017,10.);
#829=VECTOR('',#3018,10.);
#830=VECTOR('',#3019,10.);
#831=VECTOR('',#3020,10.);
#832=VECTOR('',#3023,10.);
#833=VECTOR('',#3026,10.);
#834=VECTOR('',#3027,10.);
#835=VECTOR('',#3038,1.74999999999999);
#836=VECTOR('',#3045,3.24999999999999);
#837=VECTOR('',#3054,1.74999999999999);
#838=VECTOR('',#3061,3.24999999999999);
#839=VECTOR('',#3070,1.74999999999999);
#840=VECTOR('',#3077,3.24999999999999);
#841=VECTOR('',#3084,10.);
#842=VECTOR('',#3085,10.);
#843=VECTOR('',#3090,10.);
#844=VECTOR('',#3093,10.);
#845=VECTOR('',#3094,10.);
#846=VECTOR('',#3099,10.);
#847=VECTOR('',#3102,10.);
#848=VECTOR('',#3103,10.);
#849=VECTOR('',#3104,10.);
#850=VECTOR('',#3109,10.);
#851=VECTOR('',#3112,10.);
#852=VECTOR('',#3113,10.);
#853=VECTOR('',#3118,10.);
#854=VECTOR('',#3121,10.);
#855=VECTOR('',#3124,10.);
#856=VECTOR('',#3125,10.);
#857=VECTOR('',#3126,10.);
#858=VECTOR('',#3129,10.);
#859=VECTOR('',#3132,10.);
#860=VECTOR('',#3135,10.);
#861=VECTOR('',#3138,10.);
#862=VECTOR('',#3141,10.);
#863=VECTOR('',#3146,10.);
#864=VECTOR('',#3147,10.);
#865=VECTOR('',#3148,10.);
#866=VECTOR('',#3149,10.);
#867=VECTOR('',#3150,10.);
#868=VECTOR('',#3153,10.);
#869=VECTOR('',#3154,10.);
#870=VECTOR('',#3155,10.);
#871=VECTOR('',#3158,10.);
#872=VECTOR('',#3159,10.);
#873=VECTOR('',#3160,10.);
#874=VECTOR('',#3161,10.);
#875=VECTOR('',#3164,10.);
#876=VECTOR('',#3165,10.);
#877=VECTOR('',#3168,10.);
#878=VECTOR('',#3171,10.);
#879=VECTOR('',#3174,10.);
#880=VECTOR('',#3177,10.);
#881=VECTOR('',#3178,10.);
#882=VECTOR('',#3181,10.);
#883=VECTOR('',#3184,10.);
#884=VECTOR('',#3187,10.);
#885=VECTOR('',#3190,10.);
#886=VECTOR('',#3191,10.);
#887=VECTOR('',#3194,10.);
#888=VECTOR('',#3195,10.);
#889=VECTOR('',#3196,10.);
#890=VECTOR('',#3197,10.);
#891=VECTOR('',#3200,10.);
#892=VECTOR('',#3201,10.);
#893=VECTOR('',#3204,10.);
#894=VECTOR('',#3205,10.);
#895=VECTOR('',#3208,10.);
#896=VECTOR('',#3211,10.);
#897=VECTOR('',#3216,10.);
#898=VECTOR('',#3217,10.);
#899=VECTOR('',#3222,10.);
#900=VECTOR('',#3225,10.);
#901=VECTOR('',#3234,1.49999999999999);
#902=VECTOR('',#3243,1.49999999999999);
#903=VECTOR('',#3252,1.49999999999999);
#904=VECTOR('',#3261,1.49999999999999);
#905=VECTOR('',#3268,10.);
#906=VECTOR('',#3269,10.);
#907=VECTOR('',#3272,10.);
#908=VECTOR('',#3275,10.);
#909=VECTOR('',#3276,10.);
#910=VECTOR('',#3279,10.);
#911=VECTOR('',#3280,10.);
#912=VECTOR('',#3281,10.);
#913=VECTOR('',#3286,10.);
#914=VECTOR('',#3289,10.);
#915=VECTOR('',#3290,10.);
#916=VECTOR('',#3295,10.);
#917=VECTOR('',#3298,10.);
#918=VECTOR('',#3299,10.);
#919=VECTOR('',#3302,10.);
#920=VECTOR('',#3303,10.);
#921=VECTOR('',#3306,10.);
#922=VECTOR('',#3309,10.);
#923=VECTOR('',#3312,10.);
#924=VECTOR('',#3315,10.);
#925=VECTOR('',#3316,10.);
#926=VECTOR('',#3317,10.);
#927=VECTOR('',#3320,10.);
#928=VECTOR('',#3323,10.);
#929=VECTOR('',#3326,10.);
#930=VECTOR('',#3327,10.);
#931=VECTOR('',#3330,10.);
#932=VECTOR('',#3335,10.);
#933=VECTOR('',#3336,10.);
#934=VECTOR('',#3339,10.);
#935=VECTOR('',#3340,10.);
#936=VECTOR('',#3343,10.);
#937=VECTOR('',#3344,10.);
#938=VECTOR('',#3347,10.);
#939=VECTOR('',#3350,10.);
#940=VECTOR('',#3351,10.);
#941=VECTOR('',#3352,10.);
#942=VECTOR('',#3353,10.);
#943=VECTOR('',#3356,10.);
#944=VECTOR('',#3357,10.);
#945=VECTOR('',#3358,10.);
#946=VECTOR('',#3361,10.);
#947=VECTOR('',#3362,10.);
#948=VECTOR('',#3363,10.);
#949=VECTOR('',#3366,10.);
#950=VECTOR('',#3367,10.);
#951=VECTOR('',#3370,10.);
#952=VECTOR('',#3371,10.);
#953=VECTOR('',#3372,10.);
#954=VECTOR('',#3373,10.);
#955=VECTOR('',#3376,10.);
#956=VECTOR('',#3377,10.);
#957=VECTOR('',#3378,10.);
#958=VECTOR('',#3381,10.);
#959=VECTOR('',#3382,10.);
#960=VECTOR('',#3383,10.);
#961=VECTOR('',#3386,10.);
#962=VECTOR('',#3387,10.);
#963=VECTOR('',#3390,10.);
#964=VECTOR('',#3391,10.);
#965=VECTOR('',#3392,10.);
#966=VECTOR('',#3393,10.);
#967=VECTOR('',#3396,10.);
#968=VECTOR('',#3397,10.);
#969=VECTOR('',#3398,10.);
#970=VECTOR('',#3401,10.);
#971=VECTOR('',#3402,10.);
#972=VECTOR('',#3403,10.);
#973=VECTOR('',#3406,10.);
#974=VECTOR('',#3407,10.);
#975=VECTOR('',#3410,10.);
#976=VECTOR('',#3411,10.);
#977=VECTOR('',#3412,10.);
#978=VECTOR('',#3413,10.);
#979=VECTOR('',#3416,10.);
#980=VECTOR('',#3417,10.);
#981=VECTOR('',#3418,10.);
#982=VECTOR('',#3421,10.);
#983=VECTOR('',#3422,10.);
#984=VECTOR('',#3423,10.);
#985=VECTOR('',#3426,10.);
#986=VECTOR('',#3427,10.);
#987=VECTOR('',#3430,10.);
#988=VECTOR('',#3431,10.);
#989=VECTOR('',#3432,10.);
#990=VECTOR('',#3433,10.);
#991=VECTOR('',#3436,10.);
#992=VECTOR('',#3437,10.);
#993=VECTOR('',#3438,10.);
#994=VECTOR('',#3441,10.);
#995=VECTOR('',#3442,10.);
#996=VECTOR('',#3443,10.);
#997=VECTOR('',#3446,10.);
#998=VECTOR('',#3447,10.);
#999=VECTOR('',#3450,10.);
#1000=VECTOR('',#3451,10.);
#1001=VECTOR('',#3452,10.);
#1002=VECTOR('',#3453,10.);
#1003=VECTOR('',#3456,10.);
#1004=VECTOR('',#3457,10.);
#1005=VECTOR('',#3458,10.);
#1006=VECTOR('',#3461,10.);
#1007=VECTOR('',#3462,10.);
#1008=VECTOR('',#3463,10.);
#1009=VECTOR('',#3466,10.);
#1010=VECTOR('',#3467,10.);
#1011=VECTOR('',#3470,10.);
#1012=VECTOR('',#3471,10.);
#1013=VECTOR('',#3472,10.);
#1014=VECTOR('',#3473,10.);
#1015=VECTOR('',#3476,10.);
#1016=VECTOR('',#3477,10.);
#1017=VECTOR('',#3478,10.);
#1018=VECTOR('',#3481,10.);
#1019=VECTOR('',#3482,10.);
#1020=VECTOR('',#3483,10.);
#1021=VECTOR('',#3486,10.);
#1022=VECTOR('',#3487,10.);
#1023=VECTOR('',#3490,10.);
#1024=VECTOR('',#3491,10.);
#1025=VECTOR('',#3492,10.);
#1026=VECTOR('',#3493,10.);
#1027=VECTOR('',#3496,10.);
#1028=VECTOR('',#3497,10.);
#1029=VECTOR('',#3498,10.);
#1030=VECTOR('',#3501,10.);
#1031=VECTOR('',#3502,10.);
#1032=VECTOR('',#3503,10.);
#1033=VECTOR('',#3506,10.);
#1034=VECTOR('',#3507,10.);
#1035=VECTOR('',#3510,10.);
#1036=VECTOR('',#3511,10.);
#1037=VECTOR('',#3512,10.);
#1038=VECTOR('',#3513,10.);
#1039=VECTOR('',#3516,10.);
#1040=VECTOR('',#3517,10.);
#1041=VECTOR('',#3518,10.);
#1042=VECTOR('',#3521,10.);
#1043=VECTOR('',#3522,10.);
#1044=VECTOR('',#3523,10.);
#1045=VECTOR('',#3526,10.);
#1046=VECTOR('',#3527,10.);
#1047=VECTOR('',#3530,10.);
#1048=VECTOR('',#3531,10.);
#1049=VECTOR('',#3532,10.);
#1050=VECTOR('',#3533,10.);
#1051=VECTOR('',#3536,10.);
#1052=VECTOR('',#3537,10.);
#1053=VECTOR('',#3538,10.);
#1054=VECTOR('',#3541,10.);
#1055=VECTOR('',#3542,10.);
#1056=VECTOR('',#3543,10.);
#1057=VECTOR('',#3546,10.);
#1058=VECTOR('',#3547,10.);
#1059=VECTOR('',#3550,10.);
#1060=VECTOR('',#3551,10.);
#1061=VECTOR('',#3552,10.);
#1062=VECTOR('',#3553,10.);
#1063=VECTOR('',#3556,10.);
#1064=VECTOR('',#3557,10.);
#1065=VECTOR('',#3558,10.);
#1066=VECTOR('',#3561,10.);
#1067=VECTOR('',#3562,10.);
#1068=VECTOR('',#3563,10.);
#1069=VECTOR('',#3566,10.);
#1070=VECTOR('',#3567,10.);
#1071=VECTOR('',#3572,10.);
#1072=VECTOR('',#3575,10.);
#1073=VECTOR('',#3578,10.);
#1074=VECTOR('',#3579,10.);
#1075=VECTOR('',#3580,10.);
#1076=VECTOR('',#3587,10.);
#1077=VECTOR('',#3590,10.);
#1078=VECTOR('',#3591,10.);
#1079=VECTOR('',#3592,10.);
#1080=VECTOR('',#3599,10.);
#1081=VECTOR('',#3602,10.);
#1082=VECTOR('',#3603,10.);
#1083=VECTOR('',#3604,10.);
#1084=VECTOR('',#3611,10.);
#1085=VECTOR('',#3614,10.);
#1086=VECTOR('',#3615,10.);
#1087=VERTEX_POINT('',#3630);
#1088=VERTEX_POINT('',#3631);
#1089=VERTEX_POINT('',#3633);
#1090=VERTEX_POINT('',#3635);
#1091=VERTEX_POINT('',#3639);
#1092=VERTEX_POINT('',#3641);
#1093=VERTEX_POINT('',#3645);
#1094=VERTEX_POINT('',#3647);
#1095=VERTEX_POINT('',#3655);
#1096=VERTEX_POINT('',#3656);
#1097=VERTEX_POINT('',#3658);
#1098=VERTEX_POINT('',#3660);
#1099=VERTEX_POINT('',#3664);
#1100=VERTEX_POINT('',#3665);
#1101=VERTEX_POINT('',#3667);
#1102=VERTEX_POINT('',#3669);
#1103=VERTEX_POINT('',#3673);
#1104=VERTEX_POINT('',#3675);
#1105=VERTEX_POINT('',#3679);
#1106=VERTEX_POINT('',#3681);
#1107=VERTEX_POINT('',#3685);
#1108=VERTEX_POINT('',#3687);
#1109=VERTEX_POINT('',#3691);
#1110=VERTEX_POINT('',#3695);
#1111=VERTEX_POINT('',#3701);
#1112=VERTEX_POINT('',#3703);
#1113=VERTEX_POINT('',#3705);
#1114=VERTEX_POINT('',#3707);
#1115=VERTEX_POINT('',#3711);
#1116=VERTEX_POINT('',#3713);
#1117=VERTEX_POINT('',#3715);
#1118=VERTEX_POINT('',#3717);
#1119=VERTEX_POINT('',#3721);
#1120=VERTEX_POINT('',#3723);
#1121=VERTEX_POINT('',#3727);
#1122=VERTEX_POINT('',#3729);
#1123=VERTEX_POINT('',#3734);
#1124=VERTEX_POINT('',#3736);
#1125=VERTEX_POINT('',#3738);
#1126=VERTEX_POINT('',#3740);
#1127=VERTEX_POINT('',#3742);
#1128=VERTEX_POINT('',#3744);
#1129=VERTEX_POINT('',#3746);
#1130=VERTEX_POINT('',#3748);
#1131=VERTEX_POINT('',#3750);
#1132=VERTEX_POINT('',#3752);
#1133=VERTEX_POINT('',#3754);
#1134=VERTEX_POINT('',#3756);
#1135=VERTEX_POINT('',#3760);
#1136=VERTEX_POINT('',#3762);
#1137=VERTEX_POINT('',#3764);
#1138=VERTEX_POINT('',#3767);
#1139=VERTEX_POINT('',#3769);
#1140=VERTEX_POINT('',#3773);
#1141=VERTEX_POINT('',#3779);
#1142=VERTEX_POINT('',#3781);
#1143=VERTEX_POINT('',#3785);
#1144=VERTEX_POINT('',#3791);
#1145=VERTEX_POINT('',#3793);
#1146=VERTEX_POINT('',#3797);
#1147=VERTEX_POINT('',#3803);
#1148=VERTEX_POINT('',#3807);
#1149=VERTEX_POINT('',#3811);
#1150=VERTEX_POINT('',#3815);
#1151=VERTEX_POINT('',#3820);
#1152=VERTEX_POINT('',#3824);
#1153=VERTEX_POINT('',#3828);
#1154=VERTEX_POINT('',#3832);
#1155=VERTEX_POINT('',#3838);
#1156=VERTEX_POINT('',#3840);
#1157=VERTEX_POINT('',#3844);
#1158=VERTEX_POINT('',#3846);
#1159=VERTEX_POINT('',#3848);
#1160=VERTEX_POINT('',#3850);
#1161=VERTEX_POINT('',#3852);
#1162=VERTEX_POINT('',#3854);
#1163=VERTEX_POINT('',#3856);
#1164=VERTEX_POINT('',#3858);
#1165=VERTEX_POINT('',#3863);
#1166=VERTEX_POINT('',#3865);
#1167=VERTEX_POINT('',#3867);
#1168=VERTEX_POINT('',#3869);
#1169=VERTEX_POINT('',#3873);
#1170=VERTEX_POINT('',#3875);
#1171=VERTEX_POINT('',#3879);
#1172=VERTEX_POINT('',#3880);
#1173=VERTEX_POINT('',#3882);
#1174=VERTEX_POINT('',#3884);
#1175=VERTEX_POINT('',#3888);
#1176=VERTEX_POINT('',#3892);
#1177=VERTEX_POINT('',#3894);
#1178=VERTEX_POINT('',#3896);
#1179=VERTEX_POINT('',#3898);
#1180=VERTEX_POINT('',#3911);
#1181=VERTEX_POINT('',#3915);
#1182=VERTEX_POINT('',#3917);
#1183=VERTEX_POINT('',#3919);
#1184=VERTEX_POINT('',#3923);
#1185=VERTEX_POINT('',#3927);
#1186=VERTEX_POINT('',#3931);
#1187=VERTEX_POINT('',#3933);
#1188=VERTEX_POINT('',#3935);
#1189=VERTEX_POINT('',#3949);
#1190=VERTEX_POINT('',#3951);
#1191=VERTEX_POINT('',#3956);
#1192=VERTEX_POINT('',#3958);
#1193=VERTEX_POINT('',#3963);
#1194=VERTEX_POINT('',#3965);
#1195=VERTEX_POINT('',#3970);
#1196=VERTEX_POINT('',#3972);
#1197=VERTEX_POINT('',#3977);
#1198=VERTEX_POINT('',#3978);
#1199=VERTEX_POINT('',#3980);
#1200=VERTEX_POINT('',#3982);
#1201=VERTEX_POINT('',#3984);
#1202=VERTEX_POINT('',#3986);
#1203=VERTEX_POINT('',#3988);
#1204=VERTEX_POINT('',#3992);
#1205=VERTEX_POINT('',#3994);
#1206=VERTEX_POINT('',#3998);
#1207=VERTEX_POINT('',#4002);
#1208=VERTEX_POINT('',#4006);
#1209=VERTEX_POINT('',#4010);
#1210=VERTEX_POINT('',#4014);
#1211=VERTEX_POINT('',#4020);
#1212=VERTEX_POINT('',#4021);
#1213=VERTEX_POINT('',#4023);
#1214=VERTEX_POINT('',#4025);
#1215=VERTEX_POINT('',#4027);
#1216=VERTEX_POINT('',#4029);
#1217=VERTEX_POINT('',#4031);
#1218=VERTEX_POINT('',#4035);
#1219=VERTEX_POINT('',#4037);
#1220=VERTEX_POINT('',#4041);
#1221=VERTEX_POINT('',#4045);
#1222=VERTEX_POINT('',#4049);
#1223=VERTEX_POINT('',#4053);
#1224=VERTEX_POINT('',#4057);
#1225=VERTEX_POINT('',#4063);
#1226=VERTEX_POINT('',#4064);
#1227=VERTEX_POINT('',#4066);
#1228=VERTEX_POINT('',#4068);
#1229=VERTEX_POINT('',#4072);
#1230=VERTEX_POINT('',#4074);
#1231=VERTEX_POINT('',#4078);
#1232=VERTEX_POINT('',#4080);
#1233=VERTEX_POINT('',#4087);
#1234=VERTEX_POINT('',#4088);
#1235=VERTEX_POINT('',#4090);
#1236=VERTEX_POINT('',#4092);
#1237=VERTEX_POINT('',#4096);
#1238=VERTEX_POINT('',#4098);
#1239=VERTEX_POINT('',#4102);
#1240=VERTEX_POINT('',#4104);
#1241=VERTEX_POINT('',#4111);
#1242=VERTEX_POINT('',#4112);
#1243=VERTEX_POINT('',#4114);
#1244=VERTEX_POINT('',#4116);
#1245=VERTEX_POINT('',#4120);
#1246=VERTEX_POINT('',#4122);
#1247=VERTEX_POINT('',#4126);
#1248=VERTEX_POINT('',#4128);
#1249=VERTEX_POINT('',#4135);
#1250=VERTEX_POINT('',#4136);
#1251=VERTEX_POINT('',#4138);
#1252=VERTEX_POINT('',#4140);
#1253=VERTEX_POINT('',#4144);
#1254=VERTEX_POINT('',#4146);
#1255=VERTEX_POINT('',#4150);
#1256=VERTEX_POINT('',#4152);
#1257=VERTEX_POINT('',#4159);
#1258=VERTEX_POINT('',#4160);
#1259=VERTEX_POINT('',#4162);
#1260=VERTEX_POINT('',#4164);
#1261=VERTEX_POINT('',#4168);
#1262=VERTEX_POINT('',#4170);
#1263=VERTEX_POINT('',#4174);
#1264=VERTEX_POINT('',#4176);
#1265=VERTEX_POINT('',#4183);
#1266=VERTEX_POINT('',#4184);
#1267=VERTEX_POINT('',#4186);
#1268=VERTEX_POINT('',#4188);
#1269=VERTEX_POINT('',#4192);
#1270=VERTEX_POINT('',#4194);
#1271=VERTEX_POINT('',#4198);
#1272=VERTEX_POINT('',#4200);
#1273=VERTEX_POINT('',#4207);
#1274=VERTEX_POINT('',#4208);
#1275=VERTEX_POINT('',#4210);
#1276=VERTEX_POINT('',#4212);
#1277=VERTEX_POINT('',#4216);
#1278=VERTEX_POINT('',#4218);
#1279=VERTEX_POINT('',#4222);
#1280=VERTEX_POINT('',#4224);
#1281=VERTEX_POINT('',#4231);
#1282=VERTEX_POINT('',#4232);
#1283=VERTEX_POINT('',#4234);
#1284=VERTEX_POINT('',#4236);
#1285=VERTEX_POINT('',#4240);
#1286=VERTEX_POINT('',#4242);
#1287=VERTEX_POINT('',#4246);
#1288=VERTEX_POINT('',#4248);
#1289=VERTEX_POINT('',#4255);
#1290=VERTEX_POINT('',#4256);
#1291=VERTEX_POINT('',#4258);
#1292=VERTEX_POINT('',#4260);
#1293=VERTEX_POINT('',#4264);
#1294=VERTEX_POINT('',#4266);
#1295=VERTEX_POINT('',#4270);
#1296=VERTEX_POINT('',#4272);
#1297=VERTEX_POINT('',#4279);
#1298=VERTEX_POINT('',#4280);
#1299=VERTEX_POINT('',#4282);
#1300=VERTEX_POINT('',#4284);
#1301=VERTEX_POINT('',#4288);
#1302=VERTEX_POINT('',#4290);
#1303=VERTEX_POINT('',#4294);
#1304=VERTEX_POINT('',#4296);
#1305=VERTEX_POINT('',#4303);
#1306=VERTEX_POINT('',#4304);
#1307=VERTEX_POINT('',#4306);
#1308=VERTEX_POINT('',#4308);
#1309=VERTEX_POINT('',#4312);
#1310=VERTEX_POINT('',#4314);
#1311=VERTEX_POINT('',#4318);
#1312=VERTEX_POINT('',#4320);
#1313=VERTEX_POINT('',#4327);
#1314=VERTEX_POINT('',#4328);
#1315=VERTEX_POINT('',#4330);
#1316=VERTEX_POINT('',#4332);
#1317=VERTEX_POINT('',#4336);
#1318=VERTEX_POINT('',#4338);
#1319=VERTEX_POINT('',#4342);
#1320=VERTEX_POINT('',#4344);
#1321=VERTEX_POINT('',#4348);
#1322=VERTEX_POINT('',#4350);
#1323=VERTEX_POINT('',#4354);
#1324=VERTEX_POINT('',#4356);
#1325=VERTEX_POINT('',#4360);
#1326=VERTEX_POINT('',#4362);
#1327=VERTEX_POINT('',#4366);
#1328=VERTEX_POINT('',#4368);
#1329=EDGE_CURVE('',#1087,#1088,#471,.T.);
#1330=EDGE_CURVE('',#1088,#1089,#472,.T.);
#1331=EDGE_CURVE('',#1089,#1090,#473,.T.);
#1332=EDGE_CURVE('',#1087,#1090,#474,.T.);
#1333=EDGE_CURVE('',#1088,#1091,#475,.T.);
#1334=EDGE_CURVE('',#1091,#1092,#476,.T.);
#1335=EDGE_CURVE('',#1092,#1089,#477,.T.);
#1336=EDGE_CURVE('',#1091,#1093,#478,.T.);
#1337=EDGE_CURVE('',#1094,#1093,#479,.T.);
#1338=EDGE_CURVE('',#1094,#1092,#480,.T.);
#1339=EDGE_CURVE('',#1093,#1087,#481,.T.);
#1340=EDGE_CURVE('',#1090,#1094,#482,.T.);
#1341=EDGE_CURVE('',#1095,#1096,#483,.T.);
#1342=EDGE_CURVE('',#1097,#1095,#484,.T.);
#1343=EDGE_CURVE('',#1097,#1098,#485,.T.);
#1344=EDGE_CURVE('',#1096,#1098,#486,.T.);
#1345=EDGE_CURVE('',#1099,#1100,#487,.T.);
#1346=EDGE_CURVE('',#1101,#1099,#488,.T.);
#1347=EDGE_CURVE('',#1101,#1102,#489,.T.);
#1348=EDGE_CURVE('',#1100,#1102,#490,.T.);
#1349=EDGE_CURVE('',#1096,#1103,#491,.T.);
#1350=EDGE_CURVE('',#1098,#1104,#492,.T.);
#1351=EDGE_CURVE('',#1103,#1104,#493,.T.);
#1352=EDGE_CURVE('',#1105,#1099,#494,.T.);
#1353=EDGE_CURVE('',#1106,#1105,#495,.T.);
#1354=EDGE_CURVE('',#1106,#1101,#496,.T.);
#1355=EDGE_CURVE('',#1103,#1107,#497,.T.);
#1356=EDGE_CURVE('',#1104,#1108,#498,.T.);
#1357=EDGE_CURVE('',#1107,#1108,#499,.T.);
#1358=EDGE_CURVE('',#1102,#1109,#500,.T.);
#1359=EDGE_CURVE('',#1109,#1106,#501,.T.);
#1360=EDGE_CURVE('',#1110,#1105,#502,.T.);
#1361=EDGE_CURVE('',#1109,#1110,#503,.T.);
#1362=EDGE_CURVE('',#1108,#1097,#504,.T.);
#1363=EDGE_CURVE('',#1100,#1111,#505,.T.);
#1364=EDGE_CURVE('',#1112,#1111,#506,.T.);
#1365=EDGE_CURVE('',#1113,#1112,#507,.T.);
#1366=EDGE_CURVE('',#1114,#1113,#508,.T.);
#1367=EDGE_CURVE('',#1114,#1110,#509,.T.);
#1368=EDGE_CURVE('',#1115,#1107,#510,.T.);
#1369=EDGE_CURVE('',#1116,#1115,#511,.T.);
#1370=EDGE_CURVE('',#1116,#1117,#512,.T.);
#1371=EDGE_CURVE('',#1118,#1117,#513,.T.);
#1372=EDGE_CURVE('',#1095,#1118,#514,.T.);
#1373=EDGE_CURVE('',#1119,#1119,#69,.T.);
#1374=EDGE_CURVE('',#1119,#1120,#515,.T.);
#1375=EDGE_CURVE('',#1120,#1120,#70,.T.);
#1376=EDGE_CURVE('',#1121,#1121,#71,.T.);
#1377=EDGE_CURVE('',#1121,#1122,#516,.T.);
#1378=EDGE_CURVE('',#1122,#1122,#72,.T.);
#1379=EDGE_CURVE('',#1115,#1123,#517,.T.);
#1380=EDGE_CURVE('',#1123,#1124,#73,.T.);
#1381=EDGE_CURVE('',#1124,#1125,#518,.T.);
#1382=EDGE_CURVE('',#1125,#1126,#74,.T.);
#1383=EDGE_CURVE('',#1126,#1127,#519,.T.);
#1384=EDGE_CURVE('',#1127,#1128,#520,.T.);
#1385=EDGE_CURVE('',#1129,#1128,#521,.T.);
#1386=EDGE_CURVE('',#1130,#1129,#522,.T.);
#1387=EDGE_CURVE('',#1130,#1131,#523,.T.);
#1388=EDGE_CURVE('',#1131,#1132,#75,.T.);
#1389=EDGE_CURVE('',#1132,#1133,#524,.T.);
#1390=EDGE_CURVE('',#1133,#1134,#76,.T.);
#1391=EDGE_CURVE('',#1134,#1114,#525,.T.);
#1392=EDGE_CURVE('',#1116,#1113,#526,.T.);
#1393=EDGE_CURVE('',#1135,#1135,#77,.T.);
#1394=EDGE_CURVE('',#1136,#1136,#78,.T.);
#1395=EDGE_CURVE('',#1137,#1137,#79,.T.);
#1396=EDGE_CURVE('',#1138,#1138,#80,.T.);
#1397=EDGE_CURVE('',#1138,#1139,#527,.T.);
#1398=EDGE_CURVE('',#1139,#1139,#81,.T.);
#1399=EDGE_CURVE('',#1140,#1140,#82,.T.);
#1400=EDGE_CURVE('',#1140,#1135,#528,.T.);
#1401=EDGE_CURVE('',#1141,#1141,#83,.T.);
#1402=EDGE_CURVE('',#1141,#1142,#529,.T.);
#1403=EDGE_CURVE('',#1142,#1142,#84,.T.);
#1404=EDGE_CURVE('',#1143,#1143,#85,.T.);
#1405=EDGE_CURVE('',#1143,#1137,#530,.T.);
#1406=EDGE_CURVE('',#1144,#1144,#86,.T.);
#1407=EDGE_CURVE('',#1144,#1145,#531,.T.);
#1408=EDGE_CURVE('',#1145,#1145,#87,.T.);
#1409=EDGE_CURVE('',#1146,#1146,#88,.T.);
#1410=EDGE_CURVE('',#1146,#1136,#532,.T.);
#1411=EDGE_CURVE('',#1147,#1118,#533,.T.);
#1412=EDGE_CURVE('',#1123,#1147,#534,.T.);
#1413=EDGE_CURVE('',#1148,#1147,#89,.T.);
#1414=EDGE_CURVE('',#1124,#1148,#535,.T.);
#1415=EDGE_CURVE('',#1149,#1148,#536,.T.);
#1416=EDGE_CURVE('',#1125,#1149,#537,.T.);
#1417=EDGE_CURVE('',#1150,#1149,#90,.T.);
#1418=EDGE_CURVE('',#1126,#1150,#538,.T.);
#1419=EDGE_CURVE('',#1130,#1127,#539,.T.);
#1420=EDGE_CURVE('',#1151,#1150,#540,.T.);
#1421=EDGE_CURVE('',#1131,#1151,#541,.T.);
#1422=EDGE_CURVE('',#1152,#1151,#91,.T.);
#1423=EDGE_CURVE('',#1132,#1152,#542,.T.);
#1424=EDGE_CURVE('',#1153,#1152,#543,.T.);
#1425=EDGE_CURVE('',#1133,#1153,#544,.T.);
#1426=EDGE_CURVE('',#1154,#1153,#92,.T.);
#1427=EDGE_CURVE('',#1134,#1154,#545,.T.);
#1428=EDGE_CURVE('',#1111,#1154,#546,.T.);
#1429=EDGE_CURVE('',#1155,#1127,#547,.T.);
#1430=EDGE_CURVE('',#1156,#1130,#548,.T.);
#1431=EDGE_CURVE('',#1156,#1155,#549,.T.);
#1432=EDGE_CURVE('',#1117,#1157,#550,.T.);
#1433=EDGE_CURVE('',#1157,#1158,#93,.T.);
#1434=EDGE_CURVE('',#1158,#1159,#551,.T.);
#1435=EDGE_CURVE('',#1159,#1160,#94,.T.);
#1436=EDGE_CURVE('',#1160,#1161,#552,.T.);
#1437=EDGE_CURVE('',#1161,#1162,#95,.T.);
#1438=EDGE_CURVE('',#1162,#1163,#553,.T.);
#1439=EDGE_CURVE('',#1163,#1164,#96,.T.);
#1440=EDGE_CURVE('',#1164,#1112,#554,.T.);
#1441=EDGE_CURVE('',#1129,#1165,#555,.T.);
#1442=EDGE_CURVE('',#1166,#1128,#556,.T.);
#1443=EDGE_CURVE('',#1167,#1166,#557,.T.);
#1444=EDGE_CURVE('',#1168,#1167,#558,.T.);
#1445=EDGE_CURVE('',#1165,#1168,#559,.T.);
#1446=EDGE_CURVE('',#1169,#1167,#560,.T.);
#1447=EDGE_CURVE('',#1169,#1170,#561,.T.);
#1448=EDGE_CURVE('',#1168,#1170,#562,.T.);
#1449=EDGE_CURVE('',#1171,#1172,#563,.T.);
#1450=EDGE_CURVE('',#1172,#1173,#564,.T.);
#1451=EDGE_CURVE('',#1174,#1173,#565,.T.);
#1452=EDGE_CURVE('',#1171,#1174,#566,.T.);
#1453=EDGE_CURVE('',#1170,#1175,#567,.T.);
#1454=EDGE_CURVE('',#1175,#1165,#568,.T.);
#1455=EDGE_CURVE('',#1173,#1176,#569,.T.);
#1456=EDGE_CURVE('',#1176,#1177,#97,.T.);
#1457=EDGE_CURVE('',#1177,#1178,#570,.T.);
#1458=EDGE_CURVE('',#1178,#1179,#98,.T.);
#1459=EDGE_CURVE('',#1179,#1174,#571,.T.);
#1460=EDGE_CURVE('',#1161,#1179,#572,.T.);
#1461=EDGE_CURVE('',#1162,#1178,#573,.T.);
#1462=EDGE_CURVE('',#1163,#1177,#574,.T.);
#1463=EDGE_CURVE('',#1164,#1176,#575,.T.);
#1464=EDGE_CURVE('',#1156,#1175,#576,.T.);
#1465=EDGE_CURVE('',#1166,#1180,#577,.T.);
#1466=EDGE_CURVE('',#1169,#1180,#578,.T.);
#1467=EDGE_CURVE('',#1172,#1181,#579,.T.);
#1468=EDGE_CURVE('',#1181,#1182,#580,.T.);
#1469=EDGE_CURVE('',#1183,#1182,#581,.T.);
#1470=EDGE_CURVE('',#1157,#1183,#582,.T.);
#1471=EDGE_CURVE('',#1184,#1181,#583,.T.);
#1472=EDGE_CURVE('',#1171,#1184,#584,.T.);
#1473=EDGE_CURVE('',#1184,#1185,#585,.T.);
#1474=EDGE_CURVE('',#1182,#1185,#586,.T.);
#1475=EDGE_CURVE('',#1185,#1186,#587,.T.);
#1476=EDGE_CURVE('',#1186,#1187,#99,.T.);
#1477=EDGE_CURVE('',#1187,#1188,#588,.T.);
#1478=EDGE_CURVE('',#1188,#1183,#100,.T.);
#1479=EDGE_CURVE('',#1186,#1160,#589,.T.);
#1480=EDGE_CURVE('',#1155,#1180,#590,.T.);
#1481=EDGE_CURVE('',#1158,#1188,#591,.T.);
#1482=EDGE_CURVE('',#1159,#1187,#592,.T.);
#1483=EDGE_CURVE('',#1189,#1189,#101,.T.);
#1484=EDGE_CURVE('',#1189,#1190,#593,.T.);
#1485=EDGE_CURVE('',#1190,#1190,#102,.T.);
#1486=EDGE_CURVE('',#1191,#1191,#103,.T.);
#1487=EDGE_CURVE('',#1191,#1192,#594,.T.);
#1488=EDGE_CURVE('',#1192,#1192,#104,.T.);
#1489=EDGE_CURVE('',#1193,#1193,#105,.T.);
#1490=EDGE_CURVE('',#1193,#1194,#595,.T.);
#1491=EDGE_CURVE('',#1194,#1194,#106,.T.);
#1492=EDGE_CURVE('',#1195,#1195,#107,.T.);
#1493=EDGE_CURVE('',#1195,#1196,#596,.T.);
#1494=EDGE_CURVE('',#1196,#1196,#108,.T.);
#1495=EDGE_CURVE('',#1197,#1198,#597,.T.);
#1496=EDGE_CURVE('',#1197,#1199,#598,.T.);
#1497=EDGE_CURVE('',#1199,#1200,#109,.T.);
#1498=EDGE_CURVE('',#1200,#1201,#599,.T.);
#1499=EDGE_CURVE('',#1201,#1202,#110,.T.);
#1500=EDGE_CURVE('',#1202,#1203,#600,.T.);
#1501=EDGE_CURVE('',#1203,#1198,#601,.T.);
#1502=EDGE_CURVE('',#1204,#1197,#602,.T.);
#1503=EDGE_CURVE('',#1205,#1204,#603,.T.);
#1504=EDGE_CURVE('',#1199,#1205,#604,.T.);
#1505=EDGE_CURVE('',#1206,#1205,#111,.T.);
#1506=EDGE_CURVE('',#1200,#1206,#605,.T.);
#1507=EDGE_CURVE('',#1207,#1206,#606,.T.);
#1508=EDGE_CURVE('',#1201,#1207,#607,.T.);
#1509=EDGE_CURVE('',#1208,#1207,#112,.T.);
#1510=EDGE_CURVE('',#1202,#1208,#608,.T.);
#1511=EDGE_CURVE('',#1209,#1208,#609,.T.);
#1512=EDGE_CURVE('',#1203,#1209,#610,.T.);
#1513=EDGE_CURVE('',#1210,#1209,#611,.T.);
#1514=EDGE_CURVE('',#1198,#1210,#612,.T.);
#1515=EDGE_CURVE('',#1210,#1204,#613,.T.);
#1516=EDGE_CURVE('',#1211,#1212,#614,.T.);
#1517=EDGE_CURVE('',#1213,#1211,#113,.T.);
#1518=EDGE_CURVE('',#1214,#1213,#615,.T.);
#1519=EDGE_CURVE('',#1215,#1214,#114,.T.);
#1520=EDGE_CURVE('',#1216,#1215,#616,.T.);
#1521=EDGE_CURVE('',#1217,#1216,#617,.T.);
#1522=EDGE_CURVE('',#1212,#1217,#618,.T.);
#1523=EDGE_CURVE('',#1214,#1218,#619,.T.);
#1524=EDGE_CURVE('',#1219,#1218,#115,.T.);
#1525=EDGE_CURVE('',#1215,#1219,#620,.T.);
#1526=EDGE_CURVE('',#1213,#1220,#621,.T.);
#1527=EDGE_CURVE('',#1218,#1220,#622,.T.);
#1528=EDGE_CURVE('',#1211,#1221,#623,.T.);
#1529=EDGE_CURVE('',#1220,#1221,#116,.T.);
#1530=EDGE_CURVE('',#1212,#1222,#624,.T.);
#1531=EDGE_CURVE('',#1221,#1222,#625,.T.);
#1532=EDGE_CURVE('',#1223,#1219,#626,.T.);
#1533=EDGE_CURVE('',#1216,#1223,#627,.T.);
#1534=EDGE_CURVE('',#1224,#1217,#628,.T.);
#1535=EDGE_CURVE('',#1222,#1224,#629,.T.);
#1536=EDGE_CURVE('',#1223,#1224,#630,.T.);
#1537=EDGE_CURVE('',#1225,#1226,#631,.T.);
#1538=EDGE_CURVE('',#1227,#1225,#632,.T.);
#1539=EDGE_CURVE('',#1228,#1227,#633,.T.);
#1540=EDGE_CURVE('',#1228,#1226,#634,.T.);
#1541=EDGE_CURVE('',#1226,#1229,#635,.T.);
#1542=EDGE_CURVE('',#1230,#1228,#636,.T.);
#1543=EDGE_CURVE('',#1230,#1229,#637,.T.);
#1544=EDGE_CURVE('',#1229,#1231,#638,.T.);
#1545=EDGE_CURVE('',#1232,#1230,#639,.T.);
#1546=EDGE_CURVE('',#1232,#1231,#640,.T.);
#1547=EDGE_CURVE('',#1231,#1225,#641,.T.);
#1548=EDGE_CURVE('',#1227,#1232,#642,.T.);
#1549=EDGE_CURVE('',#1233,#1234,#643,.T.);
#1550=EDGE_CURVE('',#1235,#1233,#644,.T.);
#1551=EDGE_CURVE('',#1236,#1235,#645,.T.);
#1552=EDGE_CURVE('',#1236,#1234,#646,.T.);
#1553=EDGE_CURVE('',#1234,#1237,#647,.T.);
#1554=EDGE_CURVE('',#1238,#1236,#648,.T.);
#1555=EDGE_CURVE('',#1238,#1237,#649,.T.);
#1556=EDGE_CURVE('',#1237,#1239,#650,.T.);
#1557=EDGE_CURVE('',#1240,#1238,#651,.T.);
#1558=EDGE_CURVE('',#1240,#1239,#652,.T.);
#1559=EDGE_CURVE('',#1239,#1233,#653,.T.);
#1560=EDGE_CURVE('',#1235,#1240,#654,.T.);
#1561=EDGE_CURVE('',#1241,#1242,#655,.T.);
#1562=EDGE_CURVE('',#1243,#1241,#656,.T.);
#1563=EDGE_CURVE('',#1244,#1243,#657,.T.);
#1564=EDGE_CURVE('',#1244,#1242,#658,.T.);
#1565=EDGE_CURVE('',#1242,#1245,#659,.T.);
#1566=EDGE_CURVE('',#1246,#1244,#660,.T.);
#1567=EDGE_CURVE('',#1246,#1245,#661,.T.);
#1568=EDGE_CURVE('',#1245,#1247,#662,.T.);
#1569=EDGE_CURVE('',#1248,#1246,#663,.T.);
#1570=EDGE_CURVE('',#1248,#1247,#664,.T.);
#1571=EDGE_CURVE('',#1247,#1241,#665,.T.);
#1572=EDGE_CURVE('',#1243,#1248,#666,.T.);
#1573=EDGE_CURVE('',#1249,#1250,#667,.T.);
#1574=EDGE_CURVE('',#1251,#1249,#668,.T.);
#1575=EDGE_CURVE('',#1252,#1251,#669,.T.);
#1576=EDGE_CURVE('',#1252,#1250,#670,.T.);
#1577=EDGE_CURVE('',#1250,#1253,#671,.T.);
#1578=EDGE_CURVE('',#1254,#1252,#672,.T.);
#1579=EDGE_CURVE('',#1254,#1253,#673,.T.);
#1580=EDGE_CURVE('',#1253,#1255,#674,.T.);
#1581=EDGE_CURVE('',#1256,#1254,#675,.T.);
#1582=EDGE_CURVE('',#1256,#1255,#676,.T.);
#1583=EDGE_CURVE('',#1255,#1249,#677,.T.);
#1584=EDGE_CURVE('',#1251,#1256,#678,.T.);
#1585=EDGE_CURVE('',#1257,#1258,#679,.T.);
#1586=EDGE_CURVE('',#1259,#1257,#680,.T.);
#1587=EDGE_CURVE('',#1260,#1259,#681,.T.);
#1588=EDGE_CURVE('',#1260,#1258,#682,.T.);
#1589=EDGE_CURVE('',#1258,#1261,#683,.T.);
#1590=EDGE_CURVE('',#1262,#1260,#684,.T.);
#1591=EDGE_CURVE('',#1262,#1261,#685,.T.);
#1592=EDGE_CURVE('',#1261,#1263,#686,.T.);
#1593=EDGE_CURVE('',#1264,#1262,#687,.T.);
#1594=EDGE_CURVE('',#1264,#1263,#688,.T.);
#1595=EDGE_CURVE('',#1263,#1257,#689,.T.);
#1596=EDGE_CURVE('',#1259,#1264,#690,.T.);
#1597=EDGE_CURVE('',#1265,#1266,#691,.T.);
#1598=EDGE_CURVE('',#1267,#1265,#692,.T.);
#1599=EDGE_CURVE('',#1268,#1267,#693,.T.);
#1600=EDGE_CURVE('',#1268,#1266,#694,.T.);
#1601=EDGE_CURVE('',#1266,#1269,#695,.T.);
#1602=EDGE_CURVE('',#1270,#1268,#696,.T.);
#1603=EDGE_CURVE('',#1270,#1269,#697,.T.);
#1604=EDGE_CURVE('',#1269,#1271,#698,.T.);
#1605=EDGE_CURVE('',#1272,#1270,#699,.T.);
#1606=EDGE_CURVE('',#1272,#1271,#700,.T.);
#1607=EDGE_CURVE('',#1271,#1265,#701,.T.);
#1608=EDGE_CURVE('',#1267,#1272,#702,.T.);
#1609=EDGE_CURVE('',#1273,#1274,#703,.T.);
#1610=EDGE_CURVE('',#1275,#1273,#704,.T.);
#1611=EDGE_CURVE('',#1276,#1275,#705,.T.);
#1612=EDGE_CURVE('',#1276,#1274,#706,.T.);
#1613=EDGE_CURVE('',#1274,#1277,#707,.T.);
#1614=EDGE_CURVE('',#1278,#1276,#708,.T.);
#1615=EDGE_CURVE('',#1278,#1277,#709,.T.);
#1616=EDGE_CURVE('',#1277,#1279,#710,.T.);
#1617=EDGE_CURVE('',#1280,#1278,#711,.T.);
#1618=EDGE_CURVE('',#1280,#1279,#712,.T.);
#1619=EDGE_CURVE('',#1279,#1273,#713,.T.);
#1620=EDGE_CURVE('',#1275,#1280,#714,.T.);
#1621=EDGE_CURVE('',#1281,#1282,#715,.T.);
#1622=EDGE_CURVE('',#1283,#1281,#716,.T.);
#1623=EDGE_CURVE('',#1284,#1283,#717,.T.);
#1624=EDGE_CURVE('',#1284,#1282,#718,.T.);
#1625=EDGE_CURVE('',#1282,#1285,#719,.T.);
#1626=EDGE_CURVE('',#1286,#1284,#720,.T.);
#1627=EDGE_CURVE('',#1286,#1285,#721,.T.);
#1628=EDGE_CURVE('',#1285,#1287,#722,.T.);
#1629=EDGE_CURVE('',#1288,#1286,#723,.T.);
#1630=EDGE_CURVE('',#1288,#1287,#724,.T.);
#1631=EDGE_CURVE('',#1287,#1281,#725,.T.);
#1632=EDGE_CURVE('',#1283,#1288,#726,.T.);
#1633=EDGE_CURVE('',#1289,#1290,#727,.T.);
#1634=EDGE_CURVE('',#1291,#1289,#728,.T.);
#1635=EDGE_CURVE('',#1292,#1291,#729,.T.);
#1636=EDGE_CURVE('',#1292,#1290,#730,.T.);
#1637=EDGE_CURVE('',#1290,#1293,#731,.T.);
#1638=EDGE_CURVE('',#1294,#1292,#732,.T.);
#1639=EDGE_CURVE('',#1294,#1293,#733,.T.);
#1640=EDGE_CURVE('',#1293,#1295,#734,.T.);
#1641=EDGE_CURVE('',#1296,#1294,#735,.T.);
#1642=EDGE_CURVE('',#1296,#1295,#736,.T.);
#1643=EDGE_CURVE('',#1295,#1289,#737,.T.);
#1644=EDGE_CURVE('',#1291,#1296,#738,.T.);
#1645=EDGE_CURVE('',#1297,#1298,#739,.T.);
#1646=EDGE_CURVE('',#1299,#1297,#740,.T.);
#1647=EDGE_CURVE('',#1300,#1299,#741,.T.);
#1648=EDGE_CURVE('',#1300,#1298,#742,.T.);
#1649=EDGE_CURVE('',#1298,#1301,#743,.T.);
#1650=EDGE_CURVE('',#1302,#1300,#744,.T.);
#1651=EDGE_CURVE('',#1302,#1301,#745,.T.);
#1652=EDGE_CURVE('',#1301,#1303,#746,.T.);
#1653=EDGE_CURVE('',#1304,#1302,#747,.T.);
#1654=EDGE_CURVE('',#1304,#1303,#748,.T.);
#1655=EDGE_CURVE('',#1303,#1297,#749,.T.);
#1656=EDGE_CURVE('',#1299,#1304,#750,.T.);
#1657=EDGE_CURVE('',#1305,#1306,#751,.T.);
#1658=EDGE_CURVE('',#1306,#1307,#752,.T.);
#1659=EDGE_CURVE('',#1308,#1307,#753,.T.);
#1660=EDGE_CURVE('',#1305,#1308,#754,.T.);
#1661=EDGE_CURVE('',#1309,#1305,#755,.T.);
#1662=EDGE_CURVE('',#1310,#1308,#756,.T.);
#1663=EDGE_CURVE('',#1309,#1310,#757,.T.);
#1664=EDGE_CURVE('',#1311,#1309,#758,.T.);
#1665=EDGE_CURVE('',#1312,#1310,#759,.T.);
#1666=EDGE_CURVE('',#1311,#1312,#760,.T.);
#1667=EDGE_CURVE('',#1306,#1311,#761,.T.);
#1668=EDGE_CURVE('',#1307,#1312,#762,.T.);
#1669=EDGE_CURVE('',#1313,#1314,#117,.T.);
#1670=EDGE_CURVE('',#1314,#1315,#763,.T.);
#1671=EDGE_CURVE('',#1316,#1315,#118,.T.);
#1672=EDGE_CURVE('',#1313,#1316,#764,.T.);
#1673=EDGE_CURVE('',#1313,#1317,#765,.T.);
#1674=EDGE_CURVE('',#1318,#1316,#766,.T.);
#1675=EDGE_CURVE('',#1317,#1318,#767,.T.);
#1676=EDGE_CURVE('',#1319,#1317,#119,.T.);
#1677=EDGE_CURVE('',#1320,#1318,#120,.T.);
#1678=EDGE_CURVE('',#1319,#1320,#768,.T.);
#1679=EDGE_CURVE('',#1319,#1321,#769,.T.);
#1680=EDGE_CURVE('',#1322,#1320,#770,.T.);
#1681=EDGE_CURVE('',#1321,#1322,#771,.T.);
#1682=EDGE_CURVE('',#1323,#1321,#121,.T.);
#1683=EDGE_CURVE('',#1324,#1322,#122,.T.);
#1684=EDGE_CURVE('',#1323,#1324,#772,.T.);
#1685=EDGE_CURVE('',#1323,#1325,#773,.T.);
#1686=EDGE_CURVE('',#1326,#1324,#774,.T.);
#1687=EDGE_CURVE('',#1325,#1326,#775,.T.);
#1688=EDGE_CURVE('',#1327,#1325,#123,.T.);
#1689=EDGE_CURVE('',#1328,#1326,#124,.T.);
#1690=EDGE_CURVE('',#1327,#1328,#776,.T.);
#1691=EDGE_CURVE('',#1314,#1327,#777,.T.);
#1692=EDGE_CURVE('',#1315,#1328,#778,.T.);
#1693=ORIENTED_EDGE('',*,*,#1329,.T.);
#1694=ORIENTED_EDGE('',*,*,#1330,.T.);
#1695=ORIENTED_EDGE('',*,*,#1331,.T.);
#1696=ORIENTED_EDGE('',*,*,#1332,.F.);
#1697=ORIENTED_EDGE('',*,*,#1333,.T.);
#1698=ORIENTED_EDGE('',*,*,#1334,.T.);
#1699=ORIENTED_EDGE('',*,*,#1335,.T.);
#1700=ORIENTED_EDGE('',*,*,#1330,.F.);
#1701=ORIENTED_EDGE('',*,*,#1336,.T.);
#1702=ORIENTED_EDGE('',*,*,#1337,.F.);
#1703=ORIENTED_EDGE('',*,*,#1338,.T.);
#1704=ORIENTED_EDGE('',*,*,#1334,.F.);
#1705=ORIENTED_EDGE('',*,*,#1336,.F.);
#1706=ORIENTED_EDGE('',*,*,#1333,.F.);
#1707=ORIENTED_EDGE('',*,*,#1329,.F.);
#1708=ORIENTED_EDGE('',*,*,#1339,.F.);
#1709=ORIENTED_EDGE('',*,*,#1338,.F.);
#1710=ORIENTED_EDGE('',*,*,#1340,.F.);
#1711=ORIENTED_EDGE('',*,*,#1331,.F.);
#1712=ORIENTED_EDGE('',*,*,#1335,.F.);
#1713=ORIENTED_EDGE('',*,*,#1341,.F.);
#1714=ORIENTED_EDGE('',*,*,#1342,.F.);
#1715=ORIENTED_EDGE('',*,*,#1343,.T.);
#1716=ORIENTED_EDGE('',*,*,#1344,.F.);
#1717=ORIENTED_EDGE('',*,*,#1345,.F.);
#1718=ORIENTED_EDGE('',*,*,#1346,.F.);
#1719=ORIENTED_EDGE('',*,*,#1347,.T.);
#1720=ORIENTED_EDGE('',*,*,#1348,.F.);
#1721=ORIENTED_EDGE('',*,*,#1349,.F.);
#1722=ORIENTED_EDGE('',*,*,#1344,.T.);
#1723=ORIENTED_EDGE('',*,*,#1350,.T.);
#1724=ORIENTED_EDGE('',*,*,#1351,.F.);
#1725=ORIENTED_EDGE('',*,*,#1352,.F.);
#1726=ORIENTED_EDGE('',*,*,#1353,.F.);
#1727=ORIENTED_EDGE('',*,*,#1354,.T.);
#1728=ORIENTED_EDGE('',*,*,#1346,.T.);
#1729=ORIENTED_EDGE('',*,*,#1355,.F.);
#1730=ORIENTED_EDGE('',*,*,#1351,.T.);
#1731=ORIENTED_EDGE('',*,*,#1356,.T.);
#1732=ORIENTED_EDGE('',*,*,#1357,.F.);
#1733=ORIENTED_EDGE('',*,*,#1358,.F.);
#1734=ORIENTED_EDGE('',*,*,#1347,.F.);
#1735=ORIENTED_EDGE('',*,*,#1354,.F.);
#1736=ORIENTED_EDGE('',*,*,#1359,.F.);
#1737=ORIENTED_EDGE('',*,*,#1360,.F.);
#1738=ORIENTED_EDGE('',*,*,#1361,.F.);
#1739=ORIENTED_EDGE('',*,*,#1359,.T.);
#1740=ORIENTED_EDGE('',*,*,#1353,.T.);
#1741=ORIENTED_EDGE('',*,*,#1362,.F.);
#1742=ORIENTED_EDGE('',*,*,#1356,.F.);
#1743=ORIENTED_EDGE('',*,*,#1350,.F.);
#1744=ORIENTED_EDGE('',*,*,#1343,.F.);
#1745=ORIENTED_EDGE('',*,*,#1360,.T.);
#1746=ORIENTED_EDGE('',*,*,#1352,.T.);
#1747=ORIENTED_EDGE('',*,*,#1345,.T.);
#1748=ORIENTED_EDGE('',*,*,#1363,.T.);
#1749=ORIENTED_EDGE('',*,*,#1364,.F.);
#1750=ORIENTED_EDGE('',*,*,#1365,.F.);
#1751=ORIENTED_EDGE('',*,*,#1366,.F.);
#1752=ORIENTED_EDGE('',*,*,#1367,.T.);
#1753=ORIENTED_EDGE('',*,*,#1341,.T.);
#1754=ORIENTED_EDGE('',*,*,#1349,.T.);
#1755=ORIENTED_EDGE('',*,*,#1355,.T.);
#1756=ORIENTED_EDGE('',*,*,#1368,.F.);
#1757=ORIENTED_EDGE('',*,*,#1369,.F.);
#1758=ORIENTED_EDGE('',*,*,#1370,.T.);
#1759=ORIENTED_EDGE('',*,*,#1371,.F.);
#1760=ORIENTED_EDGE('',*,*,#1372,.F.);
#1761=ORIENTED_EDGE('',*,*,#1373,.F.);
#1762=ORIENTED_EDGE('',*,*,#1374,.T.);
#1763=ORIENTED_EDGE('',*,*,#1375,.F.);
#1764=ORIENTED_EDGE('',*,*,#1374,.F.);
#1765=ORIENTED_EDGE('',*,*,#1376,.F.);
#1766=ORIENTED_EDGE('',*,*,#1377,.T.);
#1767=ORIENTED_EDGE('',*,*,#1378,.F.);
#1768=ORIENTED_EDGE('',*,*,#1377,.F.);
#1769=ORIENTED_EDGE('',*,*,#1376,.T.);
#1770=ORIENTED_EDGE('',*,*,#1373,.T.);
#1771=ORIENTED_EDGE('',*,*,#1369,.T.);
#1772=ORIENTED_EDGE('',*,*,#1379,.T.);
#1773=ORIENTED_EDGE('',*,*,#1380,.T.);
#1774=ORIENTED_EDGE('',*,*,#1381,.T.);
#1775=ORIENTED_EDGE('',*,*,#1382,.T.);
#1776=ORIENTED_EDGE('',*,*,#1383,.T.);
#1777=ORIENTED_EDGE('',*,*,#1384,.T.);
#1778=ORIENTED_EDGE('',*,*,#1385,.F.);
#1779=ORIENTED_EDGE('',*,*,#1386,.F.);
#1780=ORIENTED_EDGE('',*,*,#1387,.T.);
#1781=ORIENTED_EDGE('',*,*,#1388,.T.);
#1782=ORIENTED_EDGE('',*,*,#1389,.T.);
#1783=ORIENTED_EDGE('',*,*,#1390,.T.);
#1784=ORIENTED_EDGE('',*,*,#1391,.T.);
#1785=ORIENTED_EDGE('',*,*,#1366,.T.);
#1786=ORIENTED_EDGE('',*,*,#1392,.F.);
#1787=ORIENTED_EDGE('',*,*,#1393,.T.);
#1788=ORIENTED_EDGE('',*,*,#1394,.T.);
#1789=ORIENTED_EDGE('',*,*,#1395,.T.);
#1790=ORIENTED_EDGE('',*,*,#1378,.T.);
#1791=ORIENTED_EDGE('',*,*,#1396,.F.);
#1792=ORIENTED_EDGE('',*,*,#1397,.T.);
#1793=ORIENTED_EDGE('',*,*,#1398,.F.);
#1794=ORIENTED_EDGE('',*,*,#1397,.F.);
#1795=ORIENTED_EDGE('',*,*,#1399,.F.);
#1796=ORIENTED_EDGE('',*,*,#1400,.T.);
#1797=ORIENTED_EDGE('',*,*,#1393,.F.);
#1798=ORIENTED_EDGE('',*,*,#1400,.F.);
#1799=ORIENTED_EDGE('',*,*,#1399,.T.);
#1800=ORIENTED_EDGE('',*,*,#1396,.T.);
#1801=ORIENTED_EDGE('',*,*,#1375,.T.);
#1802=ORIENTED_EDGE('',*,*,#1401,.F.);
#1803=ORIENTED_EDGE('',*,*,#1402,.T.);
#1804=ORIENTED_EDGE('',*,*,#1403,.F.);
#1805=ORIENTED_EDGE('',*,*,#1402,.F.);
#1806=ORIENTED_EDGE('',*,*,#1404,.F.);
#1807=ORIENTED_EDGE('',*,*,#1405,.T.);
#1808=ORIENTED_EDGE('',*,*,#1395,.F.);
#1809=ORIENTED_EDGE('',*,*,#1405,.F.);
#1810=ORIENTED_EDGE('',*,*,#1404,.T.);
#1811=ORIENTED_EDGE('',*,*,#1401,.T.);
#1812=ORIENTED_EDGE('',*,*,#1398,.T.);
#1813=ORIENTED_EDGE('',*,*,#1406,.F.);
#1814=ORIENTED_EDGE('',*,*,#1407,.T.);
#1815=ORIENTED_EDGE('',*,*,#1408,.F.);
#1816=ORIENTED_EDGE('',*,*,#1407,.F.);
#1817=ORIENTED_EDGE('',*,*,#1409,.F.);
#1818=ORIENTED_EDGE('',*,*,#1410,.T.);
#1819=ORIENTED_EDGE('',*,*,#1394,.F.);
#1820=ORIENTED_EDGE('',*,*,#1410,.F.);
#1821=ORIENTED_EDGE('',*,*,#1409,.T.);
#1822=ORIENTED_EDGE('',*,*,#1406,.T.);
#1823=ORIENTED_EDGE('',*,*,#1403,.T.);
#1824=ORIENTED_EDGE('',*,*,#1342,.T.);
#1825=ORIENTED_EDGE('',*,*,#1372,.T.);
#1826=ORIENTED_EDGE('',*,*,#1411,.F.);
#1827=ORIENTED_EDGE('',*,*,#1412,.F.);
#1828=ORIENTED_EDGE('',*,*,#1379,.F.);
#1829=ORIENTED_EDGE('',*,*,#1368,.T.);
#1830=ORIENTED_EDGE('',*,*,#1357,.T.);
#1831=ORIENTED_EDGE('',*,*,#1362,.T.);
#1832=ORIENTED_EDGE('',*,*,#1380,.F.);
#1833=ORIENTED_EDGE('',*,*,#1412,.T.);
#1834=ORIENTED_EDGE('',*,*,#1413,.F.);
#1835=ORIENTED_EDGE('',*,*,#1414,.F.);
#1836=ORIENTED_EDGE('',*,*,#1381,.F.);
#1837=ORIENTED_EDGE('',*,*,#1414,.T.);
#1838=ORIENTED_EDGE('',*,*,#1415,.F.);
#1839=ORIENTED_EDGE('',*,*,#1416,.F.);
#1840=ORIENTED_EDGE('',*,*,#1382,.F.);
#1841=ORIENTED_EDGE('',*,*,#1416,.T.);
#1842=ORIENTED_EDGE('',*,*,#1417,.F.);
#1843=ORIENTED_EDGE('',*,*,#1418,.F.);
#1844=ORIENTED_EDGE('',*,*,#1387,.F.);
#1845=ORIENTED_EDGE('',*,*,#1419,.T.);
#1846=ORIENTED_EDGE('',*,*,#1383,.F.);
#1847=ORIENTED_EDGE('',*,*,#1418,.T.);
#1848=ORIENTED_EDGE('',*,*,#1420,.F.);
#1849=ORIENTED_EDGE('',*,*,#1421,.F.);
#1850=ORIENTED_EDGE('',*,*,#1337,.T.);
#1851=ORIENTED_EDGE('',*,*,#1339,.T.);
#1852=ORIENTED_EDGE('',*,*,#1332,.T.);
#1853=ORIENTED_EDGE('',*,*,#1340,.T.);
#1854=ORIENTED_EDGE('',*,*,#1388,.F.);
#1855=ORIENTED_EDGE('',*,*,#1421,.T.);
#1856=ORIENTED_EDGE('',*,*,#1422,.F.);
#1857=ORIENTED_EDGE('',*,*,#1423,.F.);
#1858=ORIENTED_EDGE('',*,*,#1389,.F.);
#1859=ORIENTED_EDGE('',*,*,#1423,.T.);
#1860=ORIENTED_EDGE('',*,*,#1424,.F.);
#1861=ORIENTED_EDGE('',*,*,#1425,.F.);
#1862=ORIENTED_EDGE('',*,*,#1390,.F.);
#1863=ORIENTED_EDGE('',*,*,#1425,.T.);
#1864=ORIENTED_EDGE('',*,*,#1426,.F.);
#1865=ORIENTED_EDGE('',*,*,#1427,.F.);
#1866=ORIENTED_EDGE('',*,*,#1361,.T.);
#1867=ORIENTED_EDGE('',*,*,#1367,.F.);
#1868=ORIENTED_EDGE('',*,*,#1391,.F.);
#1869=ORIENTED_EDGE('',*,*,#1427,.T.);
#1870=ORIENTED_EDGE('',*,*,#1428,.F.);
#1871=ORIENTED_EDGE('',*,*,#1363,.F.);
#1872=ORIENTED_EDGE('',*,*,#1348,.T.);
#1873=ORIENTED_EDGE('',*,*,#1358,.T.);
#1874=ORIENTED_EDGE('',*,*,#1429,.T.);
#1875=ORIENTED_EDGE('',*,*,#1419,.F.);
#1876=ORIENTED_EDGE('',*,*,#1430,.F.);
#1877=ORIENTED_EDGE('',*,*,#1431,.T.);
#1878=ORIENTED_EDGE('',*,*,#1364,.T.);
#1879=ORIENTED_EDGE('',*,*,#1428,.T.);
#1880=ORIENTED_EDGE('',*,*,#1426,.T.);
#1881=ORIENTED_EDGE('',*,*,#1424,.T.);
#1882=ORIENTED_EDGE('',*,*,#1422,.T.);
#1883=ORIENTED_EDGE('',*,*,#1420,.T.);
#1884=ORIENTED_EDGE('',*,*,#1417,.T.);
#1885=ORIENTED_EDGE('',*,*,#1415,.T.);
#1886=ORIENTED_EDGE('',*,*,#1413,.T.);
#1887=ORIENTED_EDGE('',*,*,#1411,.T.);
#1888=ORIENTED_EDGE('',*,*,#1371,.T.);
#1889=ORIENTED_EDGE('',*,*,#1432,.T.);
#1890=ORIENTED_EDGE('',*,*,#1433,.T.);
#1891=ORIENTED_EDGE('',*,*,#1434,.T.);
#1892=ORIENTED_EDGE('',*,*,#1435,.T.);
#1893=ORIENTED_EDGE('',*,*,#1436,.T.);
#1894=ORIENTED_EDGE('',*,*,#1437,.T.);
#1895=ORIENTED_EDGE('',*,*,#1438,.T.);
#1896=ORIENTED_EDGE('',*,*,#1439,.T.);
#1897=ORIENTED_EDGE('',*,*,#1440,.T.);
#1898=ORIENTED_EDGE('',*,*,#1408,.T.);
#1899=ORIENTED_EDGE('',*,*,#1441,.F.);
#1900=ORIENTED_EDGE('',*,*,#1385,.T.);
#1901=ORIENTED_EDGE('',*,*,#1442,.F.);
#1902=ORIENTED_EDGE('',*,*,#1443,.F.);
#1903=ORIENTED_EDGE('',*,*,#1444,.F.);
#1904=ORIENTED_EDGE('',*,*,#1445,.F.);
#1905=ORIENTED_EDGE('',*,*,#1444,.T.);
#1906=ORIENTED_EDGE('',*,*,#1446,.F.);
#1907=ORIENTED_EDGE('',*,*,#1447,.T.);
#1908=ORIENTED_EDGE('',*,*,#1448,.F.);
#1909=ORIENTED_EDGE('',*,*,#1449,.T.);
#1910=ORIENTED_EDGE('',*,*,#1450,.T.);
#1911=ORIENTED_EDGE('',*,*,#1451,.F.);
#1912=ORIENTED_EDGE('',*,*,#1452,.F.);
#1913=ORIENTED_EDGE('',*,*,#1445,.T.);
#1914=ORIENTED_EDGE('',*,*,#1448,.T.);
#1915=ORIENTED_EDGE('',*,*,#1453,.T.);
#1916=ORIENTED_EDGE('',*,*,#1454,.T.);
#1917=ORIENTED_EDGE('',*,*,#1451,.T.);
#1918=ORIENTED_EDGE('',*,*,#1455,.T.);
#1919=ORIENTED_EDGE('',*,*,#1456,.T.);
#1920=ORIENTED_EDGE('',*,*,#1457,.T.);
#1921=ORIENTED_EDGE('',*,*,#1458,.T.);
#1922=ORIENTED_EDGE('',*,*,#1459,.T.);
#1923=ORIENTED_EDGE('',*,*,#1460,.T.);
#1924=ORIENTED_EDGE('',*,*,#1458,.F.);
#1925=ORIENTED_EDGE('',*,*,#1461,.F.);
#1926=ORIENTED_EDGE('',*,*,#1437,.F.);
#1927=ORIENTED_EDGE('',*,*,#1461,.T.);
#1928=ORIENTED_EDGE('',*,*,#1457,.F.);
#1929=ORIENTED_EDGE('',*,*,#1462,.F.);
#1930=ORIENTED_EDGE('',*,*,#1438,.F.);
#1931=ORIENTED_EDGE('',*,*,#1462,.T.);
#1932=ORIENTED_EDGE('',*,*,#1456,.F.);
#1933=ORIENTED_EDGE('',*,*,#1463,.F.);
#1934=ORIENTED_EDGE('',*,*,#1439,.F.);
#1935=ORIENTED_EDGE('',*,*,#1441,.T.);
#1936=ORIENTED_EDGE('',*,*,#1454,.F.);
#1937=ORIENTED_EDGE('',*,*,#1464,.F.);
#1938=ORIENTED_EDGE('',*,*,#1430,.T.);
#1939=ORIENTED_EDGE('',*,*,#1386,.T.);
#1940=ORIENTED_EDGE('',*,*,#1443,.T.);
#1941=ORIENTED_EDGE('',*,*,#1465,.T.);
#1942=ORIENTED_EDGE('',*,*,#1466,.F.);
#1943=ORIENTED_EDGE('',*,*,#1446,.T.);
#1944=ORIENTED_EDGE('',*,*,#1467,.T.);
#1945=ORIENTED_EDGE('',*,*,#1468,.T.);
#1946=ORIENTED_EDGE('',*,*,#1469,.F.);
#1947=ORIENTED_EDGE('',*,*,#1470,.F.);
#1948=ORIENTED_EDGE('',*,*,#1432,.F.);
#1949=ORIENTED_EDGE('',*,*,#1370,.F.);
#1950=ORIENTED_EDGE('',*,*,#1392,.T.);
#1951=ORIENTED_EDGE('',*,*,#1365,.T.);
#1952=ORIENTED_EDGE('',*,*,#1440,.F.);
#1953=ORIENTED_EDGE('',*,*,#1463,.T.);
#1954=ORIENTED_EDGE('',*,*,#1455,.F.);
#1955=ORIENTED_EDGE('',*,*,#1450,.F.);
#1956=ORIENTED_EDGE('',*,*,#1471,.T.);
#1957=ORIENTED_EDGE('',*,*,#1467,.F.);
#1958=ORIENTED_EDGE('',*,*,#1449,.F.);
#1959=ORIENTED_EDGE('',*,*,#1472,.T.);
#1960=ORIENTED_EDGE('',*,*,#1471,.F.);
#1961=ORIENTED_EDGE('',*,*,#1473,.T.);
#1962=ORIENTED_EDGE('',*,*,#1474,.F.);
#1963=ORIENTED_EDGE('',*,*,#1468,.F.);
#1964=ORIENTED_EDGE('',*,*,#1474,.T.);
#1965=ORIENTED_EDGE('',*,*,#1475,.T.);
#1966=ORIENTED_EDGE('',*,*,#1476,.T.);
#1967=ORIENTED_EDGE('',*,*,#1477,.T.);
#1968=ORIENTED_EDGE('',*,*,#1478,.T.);
#1969=ORIENTED_EDGE('',*,*,#1469,.T.);
#1970=ORIENTED_EDGE('',*,*,#1479,.F.);
#1971=ORIENTED_EDGE('',*,*,#1475,.F.);
#1972=ORIENTED_EDGE('',*,*,#1473,.F.);
#1973=ORIENTED_EDGE('',*,*,#1472,.F.);
#1974=ORIENTED_EDGE('',*,*,#1452,.T.);
#1975=ORIENTED_EDGE('',*,*,#1459,.F.);
#1976=ORIENTED_EDGE('',*,*,#1460,.F.);
#1977=ORIENTED_EDGE('',*,*,#1436,.F.);
#1978=ORIENTED_EDGE('',*,*,#1431,.F.);
#1979=ORIENTED_EDGE('',*,*,#1464,.T.);
#1980=ORIENTED_EDGE('',*,*,#1453,.F.);
#1981=ORIENTED_EDGE('',*,*,#1447,.F.);
#1982=ORIENTED_EDGE('',*,*,#1466,.T.);
#1983=ORIENTED_EDGE('',*,*,#1480,.F.);
#1984=ORIENTED_EDGE('',*,*,#1442,.T.);
#1985=ORIENTED_EDGE('',*,*,#1384,.F.);
#1986=ORIENTED_EDGE('',*,*,#1429,.F.);
#1987=ORIENTED_EDGE('',*,*,#1480,.T.);
#1988=ORIENTED_EDGE('',*,*,#1465,.F.);
#1989=ORIENTED_EDGE('',*,*,#1470,.T.);
#1990=ORIENTED_EDGE('',*,*,#1478,.F.);
#1991=ORIENTED_EDGE('',*,*,#1481,.F.);
#1992=ORIENTED_EDGE('',*,*,#1433,.F.);
#1993=ORIENTED_EDGE('',*,*,#1481,.T.);
#1994=ORIENTED_EDGE('',*,*,#1477,.F.);
#1995=ORIENTED_EDGE('',*,*,#1482,.F.);
#1996=ORIENTED_EDGE('',*,*,#1434,.F.);
#1997=ORIENTED_EDGE('',*,*,#1482,.T.);
#1998=ORIENTED_EDGE('',*,*,#1476,.F.);
#1999=ORIENTED_EDGE('',*,*,#1479,.T.);
#2000=ORIENTED_EDGE('',*,*,#1435,.F.);
#2001=ORIENTED_EDGE('',*,*,#1483,.F.);
#2002=ORIENTED_EDGE('',*,*,#1484,.T.);
#2003=ORIENTED_EDGE('',*,*,#1485,.F.);
#2004=ORIENTED_EDGE('',*,*,#1484,.F.);
#2005=ORIENTED_EDGE('',*,*,#1483,.T.);
#2006=ORIENTED_EDGE('',*,*,#1486,.F.);
#2007=ORIENTED_EDGE('',*,*,#1487,.T.);
#2008=ORIENTED_EDGE('',*,*,#1488,.F.);
#2009=ORIENTED_EDGE('',*,*,#1487,.F.);
#2010=ORIENTED_EDGE('',*,*,#1486,.T.);
#2011=ORIENTED_EDGE('',*,*,#1489,.F.);
#2012=ORIENTED_EDGE('',*,*,#1490,.T.);
#2013=ORIENTED_EDGE('',*,*,#1491,.F.);
#2014=ORIENTED_EDGE('',*,*,#1490,.F.);
#2015=ORIENTED_EDGE('',*,*,#1489,.T.);
#2016=ORIENTED_EDGE('',*,*,#1492,.F.);
#2017=ORIENTED_EDGE('',*,*,#1493,.T.);
#2018=ORIENTED_EDGE('',*,*,#1494,.F.);
#2019=ORIENTED_EDGE('',*,*,#1493,.F.);
#2020=ORIENTED_EDGE('',*,*,#1492,.T.);
#2021=ORIENTED_EDGE('',*,*,#1495,.F.);
#2022=ORIENTED_EDGE('',*,*,#1496,.T.);
#2023=ORIENTED_EDGE('',*,*,#1497,.T.);
#2024=ORIENTED_EDGE('',*,*,#1498,.T.);
#2025=ORIENTED_EDGE('',*,*,#1499,.T.);
#2026=ORIENTED_EDGE('',*,*,#1500,.T.);
#2027=ORIENTED_EDGE('',*,*,#1501,.T.);
#2028=ORIENTED_EDGE('',*,*,#1502,.F.);
#2029=ORIENTED_EDGE('',*,*,#1503,.F.);
#2030=ORIENTED_EDGE('',*,*,#1504,.F.);
#2031=ORIENTED_EDGE('',*,*,#1496,.F.);
#2032=ORIENTED_EDGE('',*,*,#1504,.T.);
#2033=ORIENTED_EDGE('',*,*,#1505,.F.);
#2034=ORIENTED_EDGE('',*,*,#1506,.F.);
#2035=ORIENTED_EDGE('',*,*,#1497,.F.);
#2036=ORIENTED_EDGE('',*,*,#1506,.T.);
#2037=ORIENTED_EDGE('',*,*,#1507,.F.);
#2038=ORIENTED_EDGE('',*,*,#1508,.F.);
#2039=ORIENTED_EDGE('',*,*,#1498,.F.);
#2040=ORIENTED_EDGE('',*,*,#1508,.T.);
#2041=ORIENTED_EDGE('',*,*,#1509,.F.);
#2042=ORIENTED_EDGE('',*,*,#1510,.F.);
#2043=ORIENTED_EDGE('',*,*,#1499,.F.);
#2044=ORIENTED_EDGE('',*,*,#1510,.T.);
#2045=ORIENTED_EDGE('',*,*,#1511,.F.);
#2046=ORIENTED_EDGE('',*,*,#1512,.F.);
#2047=ORIENTED_EDGE('',*,*,#1500,.F.);
#2048=ORIENTED_EDGE('',*,*,#1512,.T.);
#2049=ORIENTED_EDGE('',*,*,#1513,.F.);
#2050=ORIENTED_EDGE('',*,*,#1514,.F.);
#2051=ORIENTED_EDGE('',*,*,#1501,.F.);
#2052=ORIENTED_EDGE('',*,*,#1515,.F.);
#2053=ORIENTED_EDGE('',*,*,#1513,.T.);
#2054=ORIENTED_EDGE('',*,*,#1511,.T.);
#2055=ORIENTED_EDGE('',*,*,#1509,.T.);
#2056=ORIENTED_EDGE('',*,*,#1507,.T.);
#2057=ORIENTED_EDGE('',*,*,#1505,.T.);
#2058=ORIENTED_EDGE('',*,*,#1503,.T.);
#2059=ORIENTED_EDGE('',*,*,#1516,.F.);
#2060=ORIENTED_EDGE('',*,*,#1517,.F.);
#2061=ORIENTED_EDGE('',*,*,#1518,.F.);
#2062=ORIENTED_EDGE('',*,*,#1519,.F.);
#2063=ORIENTED_EDGE('',*,*,#1520,.F.);
#2064=ORIENTED_EDGE('',*,*,#1521,.F.);
#2065=ORIENTED_EDGE('',*,*,#1522,.F.);
#2066=ORIENTED_EDGE('',*,*,#1519,.T.);
#2067=ORIENTED_EDGE('',*,*,#1523,.T.);
#2068=ORIENTED_EDGE('',*,*,#1524,.F.);
#2069=ORIENTED_EDGE('',*,*,#1525,.F.);
#2070=ORIENTED_EDGE('',*,*,#1518,.T.);
#2071=ORIENTED_EDGE('',*,*,#1526,.T.);
#2072=ORIENTED_EDGE('',*,*,#1527,.F.);
#2073=ORIENTED_EDGE('',*,*,#1523,.F.);
#2074=ORIENTED_EDGE('',*,*,#1517,.T.);
#2075=ORIENTED_EDGE('',*,*,#1528,.T.);
#2076=ORIENTED_EDGE('',*,*,#1529,.F.);
#2077=ORIENTED_EDGE('',*,*,#1526,.F.);
#2078=ORIENTED_EDGE('',*,*,#1516,.T.);
#2079=ORIENTED_EDGE('',*,*,#1530,.T.);
#2080=ORIENTED_EDGE('',*,*,#1531,.F.);
#2081=ORIENTED_EDGE('',*,*,#1528,.F.);
#2082=ORIENTED_EDGE('',*,*,#1520,.T.);
#2083=ORIENTED_EDGE('',*,*,#1525,.T.);
#2084=ORIENTED_EDGE('',*,*,#1532,.F.);
#2085=ORIENTED_EDGE('',*,*,#1533,.F.);
#2086=ORIENTED_EDGE('',*,*,#1522,.T.);
#2087=ORIENTED_EDGE('',*,*,#1534,.F.);
#2088=ORIENTED_EDGE('',*,*,#1535,.F.);
#2089=ORIENTED_EDGE('',*,*,#1530,.F.);
#2090=ORIENTED_EDGE('',*,*,#1535,.T.);
#2091=ORIENTED_EDGE('',*,*,#1536,.F.);
#2092=ORIENTED_EDGE('',*,*,#1532,.T.);
#2093=ORIENTED_EDGE('',*,*,#1524,.T.);
#2094=ORIENTED_EDGE('',*,*,#1527,.T.);
#2095=ORIENTED_EDGE('',*,*,#1529,.T.);
#2096=ORIENTED_EDGE('',*,*,#1531,.T.);
#2097=ORIENTED_EDGE('',*,*,#1537,.F.);
#2098=ORIENTED_EDGE('',*,*,#1538,.F.);
#2099=ORIENTED_EDGE('',*,*,#1539,.F.);
#2100=ORIENTED_EDGE('',*,*,#1540,.T.);
#2101=ORIENTED_EDGE('',*,*,#1541,.F.);
#2102=ORIENTED_EDGE('',*,*,#1540,.F.);
#2103=ORIENTED_EDGE('',*,*,#1542,.F.);
#2104=ORIENTED_EDGE('',*,*,#1543,.T.);
#2105=ORIENTED_EDGE('',*,*,#1544,.F.);
#2106=ORIENTED_EDGE('',*,*,#1543,.F.);
#2107=ORIENTED_EDGE('',*,*,#1545,.F.);
#2108=ORIENTED_EDGE('',*,*,#1546,.T.);
#2109=ORIENTED_EDGE('',*,*,#1547,.F.);
#2110=ORIENTED_EDGE('',*,*,#1546,.F.);
#2111=ORIENTED_EDGE('',*,*,#1548,.F.);
#2112=ORIENTED_EDGE('',*,*,#1538,.T.);
#2113=ORIENTED_EDGE('',*,*,#1549,.F.);
#2114=ORIENTED_EDGE('',*,*,#1550,.F.);
#2115=ORIENTED_EDGE('',*,*,#1551,.F.);
#2116=ORIENTED_EDGE('',*,*,#1552,.T.);
#2117=ORIENTED_EDGE('',*,*,#1553,.F.);
#2118=ORIENTED_EDGE('',*,*,#1552,.F.);
#2119=ORIENTED_EDGE('',*,*,#1554,.F.);
#2120=ORIENTED_EDGE('',*,*,#1555,.T.);
#2121=ORIENTED_EDGE('',*,*,#1556,.F.);
#2122=ORIENTED_EDGE('',*,*,#1555,.F.);
#2123=ORIENTED_EDGE('',*,*,#1557,.F.);
#2124=ORIENTED_EDGE('',*,*,#1558,.T.);
#2125=ORIENTED_EDGE('',*,*,#1559,.F.);
#2126=ORIENTED_EDGE('',*,*,#1558,.F.);
#2127=ORIENTED_EDGE('',*,*,#1560,.F.);
#2128=ORIENTED_EDGE('',*,*,#1550,.T.);
#2129=ORIENTED_EDGE('',*,*,#1561,.F.);
#2130=ORIENTED_EDGE('',*,*,#1562,.F.);
#2131=ORIENTED_EDGE('',*,*,#1563,.F.);
#2132=ORIENTED_EDGE('',*,*,#1564,.T.);
#2133=ORIENTED_EDGE('',*,*,#1565,.F.);
#2134=ORIENTED_EDGE('',*,*,#1564,.F.);
#2135=ORIENTED_EDGE('',*,*,#1566,.F.);
#2136=ORIENTED_EDGE('',*,*,#1567,.T.);
#2137=ORIENTED_EDGE('',*,*,#1568,.F.);
#2138=ORIENTED_EDGE('',*,*,#1567,.F.);
#2139=ORIENTED_EDGE('',*,*,#1569,.F.);
#2140=ORIENTED_EDGE('',*,*,#1570,.T.);
#2141=ORIENTED_EDGE('',*,*,#1571,.F.);
#2142=ORIENTED_EDGE('',*,*,#1570,.F.);
#2143=ORIENTED_EDGE('',*,*,#1572,.F.);
#2144=ORIENTED_EDGE('',*,*,#1562,.T.);
#2145=ORIENTED_EDGE('',*,*,#1573,.F.);
#2146=ORIENTED_EDGE('',*,*,#1574,.F.);
#2147=ORIENTED_EDGE('',*,*,#1575,.F.);
#2148=ORIENTED_EDGE('',*,*,#1576,.T.);
#2149=ORIENTED_EDGE('',*,*,#1577,.F.);
#2150=ORIENTED_EDGE('',*,*,#1576,.F.);
#2151=ORIENTED_EDGE('',*,*,#1578,.F.);
#2152=ORIENTED_EDGE('',*,*,#1579,.T.);
#2153=ORIENTED_EDGE('',*,*,#1580,.F.);
#2154=ORIENTED_EDGE('',*,*,#1579,.F.);
#2155=ORIENTED_EDGE('',*,*,#1581,.F.);
#2156=ORIENTED_EDGE('',*,*,#1582,.T.);
#2157=ORIENTED_EDGE('',*,*,#1583,.F.);
#2158=ORIENTED_EDGE('',*,*,#1582,.F.);
#2159=ORIENTED_EDGE('',*,*,#1584,.F.);
#2160=ORIENTED_EDGE('',*,*,#1574,.T.);
#2161=ORIENTED_EDGE('',*,*,#1585,.F.);
#2162=ORIENTED_EDGE('',*,*,#1586,.F.);
#2163=ORIENTED_EDGE('',*,*,#1587,.F.);
#2164=ORIENTED_EDGE('',*,*,#1588,.T.);
#2165=ORIENTED_EDGE('',*,*,#1589,.F.);
#2166=ORIENTED_EDGE('',*,*,#1588,.F.);
#2167=ORIENTED_EDGE('',*,*,#1590,.F.);
#2168=ORIENTED_EDGE('',*,*,#1591,.T.);
#2169=ORIENTED_EDGE('',*,*,#1592,.F.);
#2170=ORIENTED_EDGE('',*,*,#1591,.F.);
#2171=ORIENTED_EDGE('',*,*,#1593,.F.);
#2172=ORIENTED_EDGE('',*,*,#1594,.T.);
#2173=ORIENTED_EDGE('',*,*,#1595,.F.);
#2174=ORIENTED_EDGE('',*,*,#1594,.F.);
#2175=ORIENTED_EDGE('',*,*,#1596,.F.);
#2176=ORIENTED_EDGE('',*,*,#1586,.T.);
#2177=ORIENTED_EDGE('',*,*,#1597,.F.);
#2178=ORIENTED_EDGE('',*,*,#1598,.F.);
#2179=ORIENTED_EDGE('',*,*,#1599,.F.);
#2180=ORIENTED_EDGE('',*,*,#1600,.T.);
#2181=ORIENTED_EDGE('',*,*,#1601,.F.);
#2182=ORIENTED_EDGE('',*,*,#1600,.F.);
#2183=ORIENTED_EDGE('',*,*,#1602,.F.);
#2184=ORIENTED_EDGE('',*,*,#1603,.T.);
#2185=ORIENTED_EDGE('',*,*,#1604,.F.);
#2186=ORIENTED_EDGE('',*,*,#1603,.F.);
#2187=ORIENTED_EDGE('',*,*,#1605,.F.);
#2188=ORIENTED_EDGE('',*,*,#1606,.T.);
#2189=ORIENTED_EDGE('',*,*,#1607,.F.);
#2190=ORIENTED_EDGE('',*,*,#1606,.F.);
#2191=ORIENTED_EDGE('',*,*,#1608,.F.);
#2192=ORIENTED_EDGE('',*,*,#1598,.T.);
#2193=ORIENTED_EDGE('',*,*,#1609,.F.);
#2194=ORIENTED_EDGE('',*,*,#1610,.F.);
#2195=ORIENTED_EDGE('',*,*,#1611,.F.);
#2196=ORIENTED_EDGE('',*,*,#1612,.T.);
#2197=ORIENTED_EDGE('',*,*,#1613,.F.);
#2198=ORIENTED_EDGE('',*,*,#1612,.F.);
#2199=ORIENTED_EDGE('',*,*,#1614,.F.);
#2200=ORIENTED_EDGE('',*,*,#1615,.T.);
#2201=ORIENTED_EDGE('',*,*,#1616,.F.);
#2202=ORIENTED_EDGE('',*,*,#1615,.F.);
#2203=ORIENTED_EDGE('',*,*,#1617,.F.);
#2204=ORIENTED_EDGE('',*,*,#1618,.T.);
#2205=ORIENTED_EDGE('',*,*,#1619,.F.);
#2206=ORIENTED_EDGE('',*,*,#1618,.F.);
#2207=ORIENTED_EDGE('',*,*,#1620,.F.);
#2208=ORIENTED_EDGE('',*,*,#1610,.T.);
#2209=ORIENTED_EDGE('',*,*,#1621,.F.);
#2210=ORIENTED_EDGE('',*,*,#1622,.F.);
#2211=ORIENTED_EDGE('',*,*,#1623,.F.);
#2212=ORIENTED_EDGE('',*,*,#1624,.T.);
#2213=ORIENTED_EDGE('',*,*,#1625,.F.);
#2214=ORIENTED_EDGE('',*,*,#1624,.F.);
#2215=ORIENTED_EDGE('',*,*,#1626,.F.);
#2216=ORIENTED_EDGE('',*,*,#1627,.T.);
#2217=ORIENTED_EDGE('',*,*,#1628,.F.);
#2218=ORIENTED_EDGE('',*,*,#1627,.F.);
#2219=ORIENTED_EDGE('',*,*,#1629,.F.);
#2220=ORIENTED_EDGE('',*,*,#1630,.T.);
#2221=ORIENTED_EDGE('',*,*,#1631,.F.);
#2222=ORIENTED_EDGE('',*,*,#1630,.F.);
#2223=ORIENTED_EDGE('',*,*,#1632,.F.);
#2224=ORIENTED_EDGE('',*,*,#1622,.T.);
#2225=ORIENTED_EDGE('',*,*,#1633,.F.);
#2226=ORIENTED_EDGE('',*,*,#1634,.F.);
#2227=ORIENTED_EDGE('',*,*,#1635,.F.);
#2228=ORIENTED_EDGE('',*,*,#1636,.T.);
#2229=ORIENTED_EDGE('',*,*,#1637,.F.);
#2230=ORIENTED_EDGE('',*,*,#1636,.F.);
#2231=ORIENTED_EDGE('',*,*,#1638,.F.);
#2232=ORIENTED_EDGE('',*,*,#1639,.T.);
#2233=ORIENTED_EDGE('',*,*,#1640,.F.);
#2234=ORIENTED_EDGE('',*,*,#1639,.F.);
#2235=ORIENTED_EDGE('',*,*,#1641,.F.);
#2236=ORIENTED_EDGE('',*,*,#1642,.T.);
#2237=ORIENTED_EDGE('',*,*,#1643,.F.);
#2238=ORIENTED_EDGE('',*,*,#1642,.F.);
#2239=ORIENTED_EDGE('',*,*,#1644,.F.);
#2240=ORIENTED_EDGE('',*,*,#1634,.T.);
#2241=ORIENTED_EDGE('',*,*,#1645,.F.);
#2242=ORIENTED_EDGE('',*,*,#1646,.F.);
#2243=ORIENTED_EDGE('',*,*,#1647,.F.);
#2244=ORIENTED_EDGE('',*,*,#1648,.T.);
#2245=ORIENTED_EDGE('',*,*,#1649,.F.);
#2246=ORIENTED_EDGE('',*,*,#1648,.F.);
#2247=ORIENTED_EDGE('',*,*,#1650,.F.);
#2248=ORIENTED_EDGE('',*,*,#1651,.T.);
#2249=ORIENTED_EDGE('',*,*,#1652,.F.);
#2250=ORIENTED_EDGE('',*,*,#1651,.F.);
#2251=ORIENTED_EDGE('',*,*,#1653,.F.);
#2252=ORIENTED_EDGE('',*,*,#1654,.T.);
#2253=ORIENTED_EDGE('',*,*,#1655,.F.);
#2254=ORIENTED_EDGE('',*,*,#1654,.F.);
#2255=ORIENTED_EDGE('',*,*,#1656,.F.);
#2256=ORIENTED_EDGE('',*,*,#1646,.T.);
#2257=ORIENTED_EDGE('',*,*,#1657,.T.);
#2258=ORIENTED_EDGE('',*,*,#1658,.T.);
#2259=ORIENTED_EDGE('',*,*,#1659,.F.);
#2260=ORIENTED_EDGE('',*,*,#1660,.F.);
#2261=ORIENTED_EDGE('',*,*,#1661,.T.);
#2262=ORIENTED_EDGE('',*,*,#1660,.T.);
#2263=ORIENTED_EDGE('',*,*,#1662,.F.);
#2264=ORIENTED_EDGE('',*,*,#1663,.F.);
#2265=ORIENTED_EDGE('',*,*,#1664,.T.);
#2266=ORIENTED_EDGE('',*,*,#1663,.T.);
#2267=ORIENTED_EDGE('',*,*,#1665,.F.);
#2268=ORIENTED_EDGE('',*,*,#1666,.F.);
#2269=ORIENTED_EDGE('',*,*,#1667,.T.);
#2270=ORIENTED_EDGE('',*,*,#1666,.T.);
#2271=ORIENTED_EDGE('',*,*,#1668,.F.);
#2272=ORIENTED_EDGE('',*,*,#1658,.F.);
#2273=ORIENTED_EDGE('',*,*,#1669,.T.);
#2274=ORIENTED_EDGE('',*,*,#1670,.T.);
#2275=ORIENTED_EDGE('',*,*,#1671,.F.);
#2276=ORIENTED_EDGE('',*,*,#1672,.F.);
#2277=ORIENTED_EDGE('',*,*,#1673,.F.);
#2278=ORIENTED_EDGE('',*,*,#1672,.T.);
#2279=ORIENTED_EDGE('',*,*,#1674,.F.);
#2280=ORIENTED_EDGE('',*,*,#1675,.F.);
#2281=ORIENTED_EDGE('',*,*,#1676,.T.);
#2282=ORIENTED_EDGE('',*,*,#1675,.T.);
#2283=ORIENTED_EDGE('',*,*,#1677,.F.);
#2284=ORIENTED_EDGE('',*,*,#1678,.F.);
#2285=ORIENTED_EDGE('',*,*,#1679,.F.);
#2286=ORIENTED_EDGE('',*,*,#1678,.T.);
#2287=ORIENTED_EDGE('',*,*,#1680,.F.);
#2288=ORIENTED_EDGE('',*,*,#1681,.F.);
#2289=ORIENTED_EDGE('',*,*,#1682,.T.);
#2290=ORIENTED_EDGE('',*,*,#1681,.T.);
#2291=ORIENTED_EDGE('',*,*,#1683,.F.);
#2292=ORIENTED_EDGE('',*,*,#1684,.F.);
#2293=ORIENTED_EDGE('',*,*,#1685,.F.);
#2294=ORIENTED_EDGE('',*,*,#1684,.T.);
#2295=ORIENTED_EDGE('',*,*,#1686,.F.);
#2296=ORIENTED_EDGE('',*,*,#1687,.F.);
#2297=ORIENTED_EDGE('',*,*,#1688,.T.);
#2298=ORIENTED_EDGE('',*,*,#1687,.T.);
#2299=ORIENTED_EDGE('',*,*,#1689,.F.);
#2300=ORIENTED_EDGE('',*,*,#1690,.F.);
#2301=ORIENTED_EDGE('',*,*,#1691,.T.);
#2302=ORIENTED_EDGE('',*,*,#1690,.T.);
#2303=ORIENTED_EDGE('',*,*,#1692,.F.);
#2304=ORIENTED_EDGE('',*,*,#1670,.F.);
#2305=ORIENTED_EDGE('',*,*,#1692,.T.);
#2306=ORIENTED_EDGE('',*,*,#1689,.T.);
#2307=ORIENTED_EDGE('',*,*,#1686,.T.);
#2308=ORIENTED_EDGE('',*,*,#1683,.T.);
#2309=ORIENTED_EDGE('',*,*,#1680,.T.);
#2310=ORIENTED_EDGE('',*,*,#1677,.T.);
#2311=ORIENTED_EDGE('',*,*,#1674,.T.);
#2312=ORIENTED_EDGE('',*,*,#1671,.T.);
#2313=ORIENTED_EDGE('',*,*,#1668,.T.);
#2314=ORIENTED_EDGE('',*,*,#1665,.T.);
#2315=ORIENTED_EDGE('',*,*,#1662,.T.);
#2316=ORIENTED_EDGE('',*,*,#1659,.T.);
#2317=ORIENTED_EDGE('',*,*,#1653,.T.);
#2318=ORIENTED_EDGE('',*,*,#1650,.T.);
#2319=ORIENTED_EDGE('',*,*,#1647,.T.);
#2320=ORIENTED_EDGE('',*,*,#1656,.T.);
#2321=ORIENTED_EDGE('',*,*,#1641,.T.);
#2322=ORIENTED_EDGE('',*,*,#1638,.T.);
#2323=ORIENTED_EDGE('',*,*,#1635,.T.);
#2324=ORIENTED_EDGE('',*,*,#1644,.T.);
#2325=ORIENTED_EDGE('',*,*,#1629,.T.);
#2326=ORIENTED_EDGE('',*,*,#1626,.T.);
#2327=ORIENTED_EDGE('',*,*,#1623,.T.);
#2328=ORIENTED_EDGE('',*,*,#1632,.T.);
#2329=ORIENTED_EDGE('',*,*,#1617,.T.);
#2330=ORIENTED_EDGE('',*,*,#1614,.T.);
#2331=ORIENTED_EDGE('',*,*,#1611,.T.);
#2332=ORIENTED_EDGE('',*,*,#1620,.T.);
#2333=ORIENTED_EDGE('',*,*,#1605,.T.);
#2334=ORIENTED_EDGE('',*,*,#1602,.T.);
#2335=ORIENTED_EDGE('',*,*,#1599,.T.);
#2336=ORIENTED_EDGE('',*,*,#1608,.T.);
#2337=ORIENTED_EDGE('',*,*,#1593,.T.);
#2338=ORIENTED_EDGE('',*,*,#1590,.T.);
#2339=ORIENTED_EDGE('',*,*,#1587,.T.);
#2340=ORIENTED_EDGE('',*,*,#1596,.T.);
#2341=ORIENTED_EDGE('',*,*,#1581,.T.);
#2342=ORIENTED_EDGE('',*,*,#1578,.T.);
#2343=ORIENTED_EDGE('',*,*,#1575,.T.);
#2344=ORIENTED_EDGE('',*,*,#1584,.T.);
#2345=ORIENTED_EDGE('',*,*,#1569,.T.);
#2346=ORIENTED_EDGE('',*,*,#1566,.T.);
#2347=ORIENTED_EDGE('',*,*,#1563,.T.);
#2348=ORIENTED_EDGE('',*,*,#1572,.T.);
#2349=ORIENTED_EDGE('',*,*,#1557,.T.);
#2350=ORIENTED_EDGE('',*,*,#1554,.T.);
#2351=ORIENTED_EDGE('',*,*,#1551,.T.);
#2352=ORIENTED_EDGE('',*,*,#1560,.T.);
#2353=ORIENTED_EDGE('',*,*,#1545,.T.);
#2354=ORIENTED_EDGE('',*,*,#1542,.T.);
#2355=ORIENTED_EDGE('',*,*,#1539,.T.);
#2356=ORIENTED_EDGE('',*,*,#1548,.T.);
#2357=ORIENTED_EDGE('',*,*,#1691,.F.);
#2358=ORIENTED_EDGE('',*,*,#1669,.F.);
#2359=ORIENTED_EDGE('',*,*,#1673,.T.);
#2360=ORIENTED_EDGE('',*,*,#1676,.F.);
#2361=ORIENTED_EDGE('',*,*,#1679,.T.);
#2362=ORIENTED_EDGE('',*,*,#1682,.F.);
#2363=ORIENTED_EDGE('',*,*,#1685,.T.);
#2364=ORIENTED_EDGE('',*,*,#1688,.F.);
#2365=ORIENTED_EDGE('',*,*,#1488,.T.);
#2366=ORIENTED_EDGE('',*,*,#1494,.T.);
#2367=ORIENTED_EDGE('',*,*,#1657,.F.);
#2368=ORIENTED_EDGE('',*,*,#1661,.F.);
#2369=ORIENTED_EDGE('',*,*,#1664,.F.);
#2370=ORIENTED_EDGE('',*,*,#1667,.F.);
#2371=ORIENTED_EDGE('',*,*,#1652,.T.);
#2372=ORIENTED_EDGE('',*,*,#1655,.T.);
#2373=ORIENTED_EDGE('',*,*,#1645,.T.);
#2374=ORIENTED_EDGE('',*,*,#1649,.T.);
#2375=ORIENTED_EDGE('',*,*,#1640,.T.);
#2376=ORIENTED_EDGE('',*,*,#1643,.T.);
#2377=ORIENTED_EDGE('',*,*,#1633,.T.);
#2378=ORIENTED_EDGE('',*,*,#1637,.T.);
#2379=ORIENTED_EDGE('',*,*,#1628,.T.);
#2380=ORIENTED_EDGE('',*,*,#1631,.T.);
#2381=ORIENTED_EDGE('',*,*,#1621,.T.);
#2382=ORIENTED_EDGE('',*,*,#1625,.T.);
#2383=ORIENTED_EDGE('',*,*,#1616,.T.);
#2384=ORIENTED_EDGE('',*,*,#1619,.T.);
#2385=ORIENTED_EDGE('',*,*,#1609,.T.);
#2386=ORIENTED_EDGE('',*,*,#1613,.T.);
#2387=ORIENTED_EDGE('',*,*,#1604,.T.);
#2388=ORIENTED_EDGE('',*,*,#1607,.T.);
#2389=ORIENTED_EDGE('',*,*,#1597,.T.);
#2390=ORIENTED_EDGE('',*,*,#1601,.T.);
#2391=ORIENTED_EDGE('',*,*,#1592,.T.);
#2392=ORIENTED_EDGE('',*,*,#1595,.T.);
#2393=ORIENTED_EDGE('',*,*,#1585,.T.);
#2394=ORIENTED_EDGE('',*,*,#1589,.T.);
#2395=ORIENTED_EDGE('',*,*,#1580,.T.);
#2396=ORIENTED_EDGE('',*,*,#1583,.T.);
#2397=ORIENTED_EDGE('',*,*,#1573,.T.);
#2398=ORIENTED_EDGE('',*,*,#1577,.T.);
#2399=ORIENTED_EDGE('',*,*,#1568,.T.);
#2400=ORIENTED_EDGE('',*,*,#1571,.T.);
#2401=ORIENTED_EDGE('',*,*,#1561,.T.);
#2402=ORIENTED_EDGE('',*,*,#1565,.T.);
#2403=ORIENTED_EDGE('',*,*,#1556,.T.);
#2404=ORIENTED_EDGE('',*,*,#1559,.T.);
#2405=ORIENTED_EDGE('',*,*,#1549,.T.);
#2406=ORIENTED_EDGE('',*,*,#1553,.T.);
#2407=ORIENTED_EDGE('',*,*,#1544,.T.);
#2408=ORIENTED_EDGE('',*,*,#1547,.T.);
#2409=ORIENTED_EDGE('',*,*,#1537,.T.);
#2410=ORIENTED_EDGE('',*,*,#1541,.T.);
#2411=ORIENTED_EDGE('',*,*,#1533,.T.);
#2412=ORIENTED_EDGE('',*,*,#1536,.T.);
#2413=ORIENTED_EDGE('',*,*,#1534,.T.);
#2414=ORIENTED_EDGE('',*,*,#1521,.T.);
#2415=ORIENTED_EDGE('',*,*,#1495,.T.);
#2416=ORIENTED_EDGE('',*,*,#1514,.T.);
#2417=ORIENTED_EDGE('',*,*,#1515,.T.);
#2418=ORIENTED_EDGE('',*,*,#1502,.T.);
#2419=ORIENTED_EDGE('',*,*,#1491,.T.);
#2420=ORIENTED_EDGE('',*,*,#1485,.T.);
#2421=PLANE('',#2712);
#2422=PLANE('',#2713);
#2423=PLANE('',#2714);
#2424=PLANE('',#2715);
#2425=PLANE('',#2716);
#2426=PLANE('',#2717);
#2427=PLANE('',#2718);
#2428=PLANE('',#2719);
#2429=PLANE('',#2720);
#2430=PLANE('',#2721);
#2431=PLANE('',#2722);
#2432=PLANE('',#2723);
#2433=PLANE('',#2724);
#2434=PLANE('',#2725);
#2435=PLANE('',#2726);
#2436=PLANE('',#2733);
#2437=PLANE('',#2734);
#2438=PLANE('',#2747);
#2439=PLANE('',#2748);
#2440=PLANE('',#2754);
#2441=PLANE('',#2755);
#2442=PLANE('',#2761);
#2443=PLANE('',#2762);
#2444=PLANE('',#2763);
#2445=PLANE('',#2766);
#2446=PLANE('',#2769);
#2447=PLANE('',#2772);
#2448=PLANE('',#2775);
#2449=PLANE('',#2776);
#2450=PLANE('',#2777);
#2451=PLANE('',#2782);
#2452=PLANE('',#2783);
#2453=PLANE('',#2784);
#2454=PLANE('',#2785);
#2455=PLANE('',#2786);
#2456=PLANE('',#2787);
#2457=PLANE('',#2791);
#2458=PLANE('',#2793);
#2459=PLANE('',#2794);
#2460=PLANE('',#2795);
#2461=PLANE('',#2796);
#2462=PLANE('',#2797);
#2463=PLANE('',#2798);
#2464=PLANE('',#2801);
#2465=PLANE('',#2802);
#2466=PLANE('',#2804);
#2467=PLANE('',#2810);
#2468=PLANE('',#2814);
#2469=PLANE('',#2818);
#2470=PLANE('',#2822);
#2471=PLANE('',#2823);
#2472=PLANE('',#2826);
#2473=PLANE('',#2829);
#2474=PLANE('',#2832);
#2475=PLANE('',#2833);
#2476=PLANE('',#2834);
#2477=PLANE('',#2835);
#2478=PLANE('',#2840);
#2479=PLANE('',#2843);
#2480=PLANE('',#2844);
#2481=PLANE('',#2845);
#2482=PLANE('',#2846);
#2483=PLANE('',#2847);
#2484=PLANE('',#2848);
#2485=PLANE('',#2849);
#2486=PLANE('',#2850);
#2487=PLANE('',#2851);
#2488=PLANE('',#2852);
#2489=PLANE('',#2853);
#2490=PLANE('',#2854);
#2491=PLANE('',#2855);
#2492=PLANE('',#2856);
#2493=PLANE('',#2857);
#2494=PLANE('',#2858);
#2495=PLANE('',#2859);
#2496=PLANE('',#2860);
#2497=PLANE('',#2861);
#2498=PLANE('',#2862);
#2499=PLANE('',#2863);
#2500=PLANE('',#2864);
#2501=PLANE('',#2865);
#2502=PLANE('',#2866);
#2503=PLANE('',#2867);
#2504=PLANE('',#2868);
#2505=PLANE('',#2869);
#2506=PLANE('',#2870);
#2507=PLANE('',#2871);
#2508=PLANE('',#2872);
#2509=PLANE('',#2873);
#2510=PLANE('',#2874);
#2511=PLANE('',#2875);
#2512=PLANE('',#2876);
#2513=PLANE('',#2877);
#2514=PLANE('',#2878);
#2515=PLANE('',#2879);
#2516=PLANE('',#2880);
#2517=PLANE('',#2881);
#2518=PLANE('',#2882);
#2519=PLANE('',#2883);
#2520=PLANE('',#2884);
#2521=PLANE('',#2885);
#2522=PLANE('',#2886);
#2523=PLANE('',#2887);
#2524=PLANE('',#2888);
#2525=PLANE('',#2889);
#2526=PLANE('',#2890);
#2527=PLANE('',#2894);
#2528=PLANE('',#2898);
#2529=PLANE('',#2902);
#2530=PLANE('',#2906);
#2531=PLANE('',#2907);
#2532=PLANE('',#2908);
#2533=ADVANCED_FACE('',(#153),#2421,.F.);
#2534=ADVANCED_FACE('',(#154),#2422,.F.);
#2535=ADVANCED_FACE('',(#155),#2423,.F.);
#2536=ADVANCED_FACE('',(#156),#2424,.F.);
#2537=ADVANCED_FACE('',(#157),#2425,.F.);
#2538=ADVANCED_FACE('',(#158),#2426,.F.);
#2539=ADVANCED_FACE('',(#159),#2427,.F.);
#2540=ADVANCED_FACE('',(#160),#2428,.F.);
#2541=ADVANCED_FACE('',(#161),#2429,.F.);
#2542=ADVANCED_FACE('',(#162),#2430,.F.);
#2543=ADVANCED_FACE('',(#163),#2431,.F.);
#2544=ADVANCED_FACE('',(#164),#2432,.F.);
#2545=ADVANCED_FACE('',(#165),#2433,.F.);
#2546=ADVANCED_FACE('',(#166),#2434,.T.);
#2547=ADVANCED_FACE('',(#167),#2435,.T.);
#2548=ADVANCED_FACE('',(#168),#125,.F.);
#2549=ADVANCED_FACE('',(#169),#126,.T.);
#2550=ADVANCED_FACE('',(#170,#31),#2436,.F.);
#2551=ADVANCED_FACE('',(#171,#32,#33,#34,#35),#2437,.F.);
#2552=ADVANCED_FACE('',(#172),#127,.F.);
#2553=ADVANCED_FACE('',(#173),#128,.T.);
#2554=ADVANCED_FACE('',(#174,#36),#2438,.F.);
#2555=ADVANCED_FACE('',(#175),#2439,.F.);
#2556=ADVANCED_FACE('',(#176),#129,.F.);
#2557=ADVANCED_FACE('',(#177),#130,.T.);
#2558=ADVANCED_FACE('',(#178,#37),#2440,.F.);
#2559=ADVANCED_FACE('',(#179),#2441,.F.);
#2560=ADVANCED_FACE('',(#180),#131,.F.);
#2561=ADVANCED_FACE('',(#181),#132,.T.);
#2562=ADVANCED_FACE('',(#182,#38),#2442,.F.);
#2563=ADVANCED_FACE('',(#183),#2443,.F.);
#2564=ADVANCED_FACE('',(#184),#2444,.T.);
#2565=ADVANCED_FACE('',(#185),#133,.F.);
#2566=ADVANCED_FACE('',(#186),#2445,.T.);
#2567=ADVANCED_FACE('',(#187),#134,.F.);
#2568=ADVANCED_FACE('',(#188,#39),#2446,.T.);
#2569=ADVANCED_FACE('',(#189),#135,.F.);
#2570=ADVANCED_FACE('',(#190),#2447,.T.);
#2571=ADVANCED_FACE('',(#191),#136,.F.);
#2572=ADVANCED_FACE('',(#192),#2448,.T.);
#2573=ADVANCED_FACE('',(#193),#2449,.T.);
#2574=ADVANCED_FACE('',(#194),#2450,.F.);
#2575=ADVANCED_FACE('',(#195),#2451,.F.);
#2576=ADVANCED_FACE('',(#196),#2452,.T.);
#2577=ADVANCED_FACE('',(#197),#2453,.T.);
#2578=ADVANCED_FACE('',(#198),#2454,.T.);
#2579=ADVANCED_FACE('',(#199),#2455,.T.);
#2580=ADVANCED_FACE('',(#200),#2456,.T.);
#2581=ADVANCED_FACE('',(#201),#137,.T.);
#2582=ADVANCED_FACE('',(#202),#2457,.T.);
#2583=ADVANCED_FACE('',(#203),#138,.T.);
#2584=ADVANCED_FACE('',(#204),#2458,.T.);
#2585=ADVANCED_FACE('',(#205),#2459,.F.);
#2586=ADVANCED_FACE('',(#206),#2460,.T.);
#2587=ADVANCED_FACE('',(#207),#2461,.F.);
#2588=ADVANCED_FACE('',(#208),#2462,.F.);
#2589=ADVANCED_FACE('',(#209),#2463,.T.);
#2590=ADVANCED_FACE('',(#210,#40),#2464,.T.);
#2591=ADVANCED_FACE('',(#211),#2465,.T.);
#2592=ADVANCED_FACE('',(#212),#139,.T.);
#2593=ADVANCED_FACE('',(#213),#2466,.T.);
#2594=ADVANCED_FACE('',(#214),#140,.T.);
#2595=ADVANCED_FACE('',(#215),#141,.T.);
#2596=ADVANCED_FACE('',(#216),#2467,.F.);
#2597=ADVANCED_FACE('',(#217),#142,.T.);
#2598=ADVANCED_FACE('',(#218),#2468,.F.);
#2599=ADVANCED_FACE('',(#219),#143,.T.);
#2600=ADVANCED_FACE('',(#220),#2469,.F.);
#2601=ADVANCED_FACE('',(#221),#144,.T.);
#2602=ADVANCED_FACE('',(#222),#2470,.F.);
#2603=ADVANCED_FACE('',(#223),#2471,.F.);
#2604=ADVANCED_FACE('',(#224),#2472,.T.);
#2605=ADVANCED_FACE('',(#225),#145,.T.);
#2606=ADVANCED_FACE('',(#226),#2473,.T.);
#2607=ADVANCED_FACE('',(#227),#146,.T.);
#2608=ADVANCED_FACE('',(#228),#2474,.T.);
#2609=ADVANCED_FACE('',(#229),#2475,.T.);
#2610=ADVANCED_FACE('',(#230),#2476,.T.);
#2611=ADVANCED_FACE('',(#231),#2477,.T.);
#2612=ADVANCED_FACE('',(#232),#147,.T.);
#2613=ADVANCED_FACE('',(#233),#2478,.T.);
#2614=ADVANCED_FACE('',(#234),#148,.T.);
#2615=ADVANCED_FACE('',(#235),#2479,.T.);
#2616=ADVANCED_FACE('',(#236),#2480,.T.);
#2617=ADVANCED_FACE('',(#237),#2481,.T.);
#2618=ADVANCED_FACE('',(#238),#2482,.F.);
#2619=ADVANCED_FACE('',(#239),#2483,.F.);
#2620=ADVANCED_FACE('',(#240),#2484,.F.);
#2621=ADVANCED_FACE('',(#241),#2485,.F.);
#2622=ADVANCED_FACE('',(#242),#2486,.F.);
#2623=ADVANCED_FACE('',(#243),#2487,.F.);
#2624=ADVANCED_FACE('',(#244),#2488,.F.);
#2625=ADVANCED_FACE('',(#245),#2489,.F.);
#2626=ADVANCED_FACE('',(#246),#2490,.F.);
#2627=ADVANCED_FACE('',(#247),#2491,.F.);
#2628=ADVANCED_FACE('',(#248),#2492,.F.);
#2629=ADVANCED_FACE('',(#249),#2493,.F.);
#2630=ADVANCED_FACE('',(#250),#2494,.F.);
#2631=ADVANCED_FACE('',(#251),#2495,.F.);
#2632=ADVANCED_FACE('',(#252),#2496,.F.);
#2633=ADVANCED_FACE('',(#253),#2497,.F.);
#2634=ADVANCED_FACE('',(#254),#2498,.F.);
#2635=ADVANCED_FACE('',(#255),#2499,.F.);
#2636=ADVANCED_FACE('',(#256),#2500,.F.);
#2637=ADVANCED_FACE('',(#257),#2501,.F.);
#2638=ADVANCED_FACE('',(#258),#2502,.F.);
#2639=ADVANCED_FACE('',(#259),#2503,.F.);
#2640=ADVANCED_FACE('',(#260),#2504,.F.);
#2641=ADVANCED_FACE('',(#261),#2505,.F.);
#2642=ADVANCED_FACE('',(#262),#2506,.F.);
#2643=ADVANCED_FACE('',(#263),#2507,.F.);
#2644=ADVANCED_FACE('',(#264),#2508,.F.);
#2645=ADVANCED_FACE('',(#265),#2509,.F.);
#2646=ADVANCED_FACE('',(#266),#2510,.F.);
#2647=ADVANCED_FACE('',(#267),#2511,.F.);
#2648=ADVANCED_FACE('',(#268),#2512,.F.);
#2649=ADVANCED_FACE('',(#269),#2513,.F.);
#2650=ADVANCED_FACE('',(#270),#2514,.F.);
#2651=ADVANCED_FACE('',(#271),#2515,.F.);
#2652=ADVANCED_FACE('',(#272),#2516,.F.);
#2653=ADVANCED_FACE('',(#273),#2517,.F.);
#2654=ADVANCED_FACE('',(#274),#2518,.F.);
#2655=ADVANCED_FACE('',(#275),#2519,.F.);
#2656=ADVANCED_FACE('',(#276),#2520,.F.);
#2657=ADVANCED_FACE('',(#277),#2521,.F.);
#2658=ADVANCED_FACE('',(#278),#2522,.F.);
#2659=ADVANCED_FACE('',(#279),#2523,.T.);
#2660=ADVANCED_FACE('',(#280),#2524,.T.);
#2661=ADVANCED_FACE('',(#281),#2525,.T.);
#2662=ADVANCED_FACE('',(#282),#2526,.T.);
#2663=ADVANCED_FACE('',(#283),#149,.T.);
#2664=ADVANCED_FACE('',(#284),#2527,.T.);
#2665=ADVANCED_FACE('',(#285),#150,.T.);
#2666=ADVANCED_FACE('',(#286),#2528,.T.);
#2667=ADVANCED_FACE('',(#287),#151,.T.);
#2668=ADVANCED_FACE('',(#288),#2529,.T.);
#2669=ADVANCED_FACE('',(#289),#152,.T.);
#2670=ADVANCED_FACE('',(#290),#2530,.T.);
#2671=ADVANCED_FACE('',(#291,#41,#42,#43,#44,#45,#46,#47,#48,#49,#50,#51),
#2531,.T.);
#2672=ADVANCED_FACE('',(#292,#52,#53,#54,#55,#56,#57,#58,#59,#60,#61,#62,
#63,#64,#65,#66,#67,#68),#2532,.F.);
#2673=CLOSED_SHELL('',(#2533,#2534,#2535,#2536,#2537,#2538,#2539,#2540,
#2541,#2542,#2543,#2544,#2545,#2546,#2547,#2548,#2549,#2550,#2551,#2552,
#2553,#2554,#2555,#2556,#2557,#2558,#2559,#2560,#2561,#2562,#2563,#2564,
#2565,#2566,#2567,#2568,#2569,#2570,#2571,#2572,#2573,#2574,#2575,#2576,
#2577,#2578,#2579,#2580,#2581,#2582,#2583,#2584,#2585,#2586,#2587,#2588,
#2589,#2590,#2591,#2592,#2593,#2594));
#2674=CLOSED_SHELL('',(#2595,#2596,#2597,#2598,#2599,#2600,#2601,#2602,
#2603,#2604,#2605,#2606,#2607,#2608,#2609,#2610,#2611,#2612,#2613,#2614,
#2615,#2616,#2617,#2618,#2619,#2620,#2621,#2622,#2623,#2624,#2625,#2626,
#2627,#2628,#2629,#2630,#2631,#2632,#2633,#2634,#2635,#2636,#2637,#2638,
#2639,#2640,#2641,#2642,#2643,#2644,#2645,#2646,#2647,#2648,#2649,#2650,
#2651,#2652,#2653,#2654,#2655,#2656,#2657,#2658,#2659,#2660,#2661,#2662,
#2663,#2664,#2665,#2666,#2667,#2668,#2669,#2670,#2671,#2672));
#2675=DERIVED_UNIT_ELEMENT(#2681,1.);
#2676=DERIVED_UNIT_ELEMENT(#4390,-3.);
#2677=DERIVED_UNIT_ELEMENT(#2681,1.);
#2678=DERIVED_UNIT_ELEMENT(#4390,-3.);
#2679=DERIVED_UNIT_ELEMENT(#2681,1.);
#2680=DERIVED_UNIT_ELEMENT(#4390,-3.);
#2681=(
MASS_UNIT()
NAMED_UNIT(*)
SI_UNIT(.KILO.,.GRAM.)
);
#2682=DERIVED_UNIT((#2675,#2676));
#2683=DERIVED_UNIT((#2677,#2678));
#2684=DERIVED_UNIT((#2679,#2680));
#2685=MEASURE_REPRESENTATION_ITEM('density measure',
POSITIVE_RATIO_MEASURE(7850.),#2682);
#2686=MEASURE_REPRESENTATION_ITEM('density measure',
POSITIVE_RATIO_MEASURE(7850.),#2683);
#2687=MEASURE_REPRESENTATION_ITEM('density measure',
POSITIVE_RATIO_MEASURE(7850.),#2684);
#2688=PROPERTY_DEFINITION_REPRESENTATION(#2703,#2694);
#2689=PROPERTY_DEFINITION_REPRESENTATION(#2704,#2695);
#2690=PROPERTY_DEFINITION_REPRESENTATION(#2705,#2696);
#2691=PROPERTY_DEFINITION_REPRESENTATION(#2706,#2697);
#2692=PROPERTY_DEFINITION_REPRESENTATION(#2707,#2698);
#2693=PROPERTY_DEFINITION_REPRESENTATION(#2708,#2699);
#2694=REPRESENTATION('material name',(#2700),#4385);
#2695=REPRESENTATION('density',(#2685),#4385);
#2696=REPRESENTATION('material name',(#2701),#4386);
#2697=REPRESENTATION('density',(#2686),#4386);
#2698=REPRESENTATION('material name',(#2702),#4387);
#2699=REPRESENTATION('density',(#2687),#4387);
#2700=DESCRIPTIVE_REPRESENTATION_ITEM('Steel','Steel');
#2701=DESCRIPTIVE_REPRESENTATION_ITEM('Steel','Steel');
#2702=DESCRIPTIVE_REPRESENTATION_ITEM('Steel','Steel');
#2703=PROPERTY_DEFINITION('material property','material name',#4410);
#2704=PROPERTY_DEFINITION('material property','density of part',#4410);
#2705=PROPERTY_DEFINITION('material property','material name',#4411);
#2706=PROPERTY_DEFINITION('material property','density of part',#4411);
#2707=PROPERTY_DEFINITION('material property','material name',#4412);
#2708=PROPERTY_DEFINITION('material property','density of part',#4412);
#2709=AXIS2_PLACEMENT_3D('',#3626,#2912,#2913);
#2710=AXIS2_PLACEMENT_3D('',#3627,#2914,#2915);
#2711=AXIS2_PLACEMENT_3D('',#3628,#2916,#2917);
#2712=AXIS2_PLACEMENT_3D('',#3629,#2918,#2919);
#2713=AXIS2_PLACEMENT_3D('',#3638,#2924,#2925);
#2714=AXIS2_PLACEMENT_3D('',#3644,#2929,#2930);
#2715=AXIS2_PLACEMENT_3D('',#3650,#2934,#2935);
#2716=AXIS2_PLACEMENT_3D('',#3652,#2937,#2938);
#2717=AXIS2_PLACEMENT_3D('',#3654,#2940,#2941);
#2718=AXIS2_PLACEMENT_3D('',#3663,#2946,#2947);
#2719=AXIS2_PLACEMENT_3D('',#3672,#2952,#2953);
#2720=AXIS2_PLACEMENT_3D('',#3678,#2957,#2958);
#2721=AXIS2_PLACEMENT_3D('',#3684,#2962,#2963);
#2722=AXIS2_PLACEMENT_3D('',#3690,#2967,#2968);
#2723=AXIS2_PLACEMENT_3D('',#3694,#2971,#2972);
#2724=AXIS2_PLACEMENT_3D('',#3698,#2975,#2976);
#2725=AXIS2_PLACEMENT_3D('',#3700,#2978,#2979);
#2726=AXIS2_PLACEMENT_3D('',#3710,#2985,#2986);
#2727=AXIS2_PLACEMENT_3D('',#3720,#2992,#2993);
#2728=AXIS2_PLACEMENT_3D('',#3722,#2994,#2995);
#2729=AXIS2_PLACEMENT_3D('',#3725,#2997,#2998);
#2730=AXIS2_PLACEMENT_3D('',#3726,#2999,#3000);
#2731=AXIS2_PLACEMENT_3D('',#3728,#3001,#3002);
#2732=AXIS2_PLACEMENT_3D('',#3731,#3004,#3005);
#2733=AXIS2_PLACEMENT_3D('',#3732,#3006,#3007);
#2734=AXIS2_PLACEMENT_3D('',#3733,#3008,#3009);
#2735=AXIS2_PLACEMENT_3D('',#3737,#3011,#3012);
#2736=AXIS2_PLACEMENT_3D('',#3741,#3014,#3015);
#2737=AXIS2_PLACEMENT_3D('',#3753,#3021,#3022);
#2738=AXIS2_PLACEMENT_3D('',#3757,#3024,#3025);
#2739=AXIS2_PLACEMENT_3D('',#3761,#3028,#3029);
#2740=AXIS2_PLACEMENT_3D('',#3763,#3030,#3031);
#2741=AXIS2_PLACEMENT_3D('',#3765,#3032,#3033);
#2742=AXIS2_PLACEMENT_3D('',#3766,#3034,#3035);
#2743=AXIS2_PLACEMENT_3D('',#3768,#3036,#3037);
#2744=AXIS2_PLACEMENT_3D('',#3771,#3039,#3040);
#2745=AXIS2_PLACEMENT_3D('',#3772,#3041,#3042);
#2746=AXIS2_PLACEMENT_3D('',#3774,#3043,#3044);
#2747=AXIS2_PLACEMENT_3D('',#3776,#3046,#3047);
#2748=AXIS2_PLACEMENT_3D('',#3777,#3048,#3049);
#2749=AXIS2_PLACEMENT_3D('',#3778,#3050,#3051);
#2750=AXIS2_PLACEMENT_3D('',#3780,#3052,#3053);
#2751=AXIS2_PLACEMENT_3D('',#3783,#3055,#3056);
#2752=AXIS2_PLACEMENT_3D('',#3784,#3057,#3058);
#2753=AXIS2_PLACEMENT_3D('',#3786,#3059,#3060);
#2754=AXIS2_PLACEMENT_3D('',#3788,#3062,#3063);
#2755=AXIS2_PLACEMENT_3D('',#3789,#3064,#3065);
#2756=AXIS2_PLACEMENT_3D('',#3790,#3066,#3067);
#2757=AXIS2_PLACEMENT_3D('',#3792,#3068,#3069);
#2758=AXIS2_PLACEMENT_3D('',#3795,#3071,#3072);
#2759=AXIS2_PLACEMENT_3D('',#3796,#3073,#3074);
#2760=AXIS2_PLACEMENT_3D('',#3798,#3075,#3076);
#2761=AXIS2_PLACEMENT_3D('',#3800,#3078,#3079);
#2762=AXIS2_PLACEMENT_3D('',#3801,#3080,#3081);
#2763=AXIS2_PLACEMENT_3D('',#3802,#3082,#3083);
#2764=AXIS2_PLACEMENT_3D('',#3806,#3086,#3087);
#2765=AXIS2_PLACEMENT_3D('',#3808,#3088,#3089);
#2766=AXIS2_PLACEMENT_3D('',#3810,#3091,#3092);
#2767=AXIS2_PLACEMENT_3D('',#3814,#3095,#3096);
#2768=AXIS2_PLACEMENT_3D('',#3816,#3097,#3098);
#2769=AXIS2_PLACEMENT_3D('',#3818,#3100,#3101);
#2770=AXIS2_PLACEMENT_3D('',#3823,#3105,#3106);
#2771=AXIS2_PLACEMENT_3D('',#3825,#3107,#3108);
#2772=AXIS2_PLACEMENT_3D('',#3827,#3110,#3111);
#2773=AXIS2_PLACEMENT_3D('',#3831,#3114,#3115);
#2774=AXIS2_PLACEMENT_3D('',#3833,#3116,#3117);
#2775=AXIS2_PLACEMENT_3D('',#3835,#3119,#3120);
#2776=AXIS2_PLACEMENT_3D('',#3837,#3122,#3123);
#2777=AXIS2_PLACEMENT_3D('',#3843,#3127,#3128);
#2778=AXIS2_PLACEMENT_3D('',#3847,#3130,#3131);
#2779=AXIS2_PLACEMENT_3D('',#3851,#3133,#3134);
#2780=AXIS2_PLACEMENT_3D('',#3855,#3136,#3137);
#2781=AXIS2_PLACEMENT_3D('',#3859,#3139,#3140);
#2782=AXIS2_PLACEMENT_3D('',#3861,#3142,#3143);
#2783=AXIS2_PLACEMENT_3D('',#3862,#3144,#3145);
#2784=AXIS2_PLACEMENT_3D('',#3872,#3151,#3152);
#2785=AXIS2_PLACEMENT_3D('',#3878,#3156,#3157);
#2786=AXIS2_PLACEMENT_3D('',#3887,#3162,#3163);
#2787=AXIS2_PLACEMENT_3D('',#3891,#3166,#3167);
#2788=AXIS2_PLACEMENT_3D('',#3895,#3169,#3170);
#2789=AXIS2_PLACEMENT_3D('',#3899,#3172,#3173);
#2790=AXIS2_PLACEMENT_3D('',#3901,#3175,#3176);
#2791=AXIS2_PLACEMENT_3D('',#3904,#3179,#3180);
#2792=AXIS2_PLACEMENT_3D('',#3906,#3182,#3183);
#2793=AXIS2_PLACEMENT_3D('',#3908,#3185,#3186);
#2794=AXIS2_PLACEMENT_3D('',#3910,#3188,#3189);
#2795=AXIS2_PLACEMENT_3D('',#3914,#3192,#3193);
#2796=AXIS2_PLACEMENT_3D('',#3922,#3198,#3199);
#2797=AXIS2_PLACEMENT_3D('',#3926,#3202,#3203);
#2798=AXIS2_PLACEMENT_3D('',#3930,#3206,#3207);
#2799=AXIS2_PLACEMENT_3D('',#3934,#3209,#3210);
#2800=AXIS2_PLACEMENT_3D('',#3937,#3212,#3213);
#2801=AXIS2_PLACEMENT_3D('',#3938,#3214,#3215);
#2802=AXIS2_PLACEMENT_3D('',#3941,#3218,#3219);
#2803=AXIS2_PLACEMENT_3D('',#3942,#3220,#3221);
#2804=AXIS2_PLACEMENT_3D('',#3944,#3223,#3224);
#2805=AXIS2_PLACEMENT_3D('',#3946,#3226,#3227);
#2806=AXIS2_PLACEMENT_3D('',#3947,#3228,#3229);
#2807=AXIS2_PLACEMENT_3D('',#3948,#3230,#3231);
#2808=AXIS2_PLACEMENT_3D('',#3950,#3232,#3233);
#2809=AXIS2_PLACEMENT_3D('',#3953,#3235,#3236);
#2810=AXIS2_PLACEMENT_3D('',#3954,#3237,#3238);
#2811=AXIS2_PLACEMENT_3D('',#3955,#3239,#3240);
#2812=AXIS2_PLACEMENT_3D('',#3957,#3241,#3242);
#2813=AXIS2_PLACEMENT_3D('',#3960,#3244,#3245);
#2814=AXIS2_PLACEMENT_3D('',#3961,#3246,#3247);
#2815=AXIS2_PLACEMENT_3D('',#3962,#3248,#3249);
#2816=AXIS2_PLACEMENT_3D('',#3964,#3250,#3251);
#2817=AXIS2_PLACEMENT_3D('',#3967,#3253,#3254);
#2818=AXIS2_PLACEMENT_3D('',#3968,#3255,#3256);
#2819=AXIS2_PLACEMENT_3D('',#3969,#3257,#3258);
#2820=AXIS2_PLACEMENT_3D('',#3971,#3259,#3260);
#2821=AXIS2_PLACEMENT_3D('',#3974,#3262,#3263);
#2822=AXIS2_PLACEMENT_3D('',#3975,#3264,#3265);
#2823=AXIS2_PLACEMENT_3D('',#3976,#3266,#3267);
#2824=AXIS2_PLACEMENT_3D('',#3983,#3270,#3271);
#2825=AXIS2_PLACEMENT_3D('',#3987,#3273,#3274);
#2826=AXIS2_PLACEMENT_3D('',#3991,#3277,#3278);
#2827=AXIS2_PLACEMENT_3D('',#3997,#3282,#3283);
#2828=AXIS2_PLACEMENT_3D('',#3999,#3284,#3285);
#2829=AXIS2_PLACEMENT_3D('',#4001,#3287,#3288);
#2830=AXIS2_PLACEMENT_3D('',#4005,#3291,#3292);
#2831=AXIS2_PLACEMENT_3D('',#4007,#3293,#3294);
#2832=AXIS2_PLACEMENT_3D('',#4009,#3296,#3297);
#2833=AXIS2_PLACEMENT_3D('',#4013,#3300,#3301);
#2834=AXIS2_PLACEMENT_3D('',#4017,#3304,#3305);
#2835=AXIS2_PLACEMENT_3D('',#4019,#3307,#3308);
#2836=AXIS2_PLACEMENT_3D('',#4024,#3310,#3311);
#2837=AXIS2_PLACEMENT_3D('',#4028,#3313,#3314);
#2838=AXIS2_PLACEMENT_3D('',#4034,#3318,#3319);
#2839=AXIS2_PLACEMENT_3D('',#4038,#3321,#3322);
#2840=AXIS2_PLACEMENT_3D('',#4040,#3324,#3325);
#2841=AXIS2_PLACEMENT_3D('',#4044,#3328,#3329);
#2842=AXIS2_PLACEMENT_3D('',#4047,#3331,#3332);
#2843=AXIS2_PLACEMENT_3D('',#4048,#3333,#3334);
#2844=AXIS2_PLACEMENT_3D('',#4052,#3337,#3338);
#2845=AXIS2_PLACEMENT_3D('',#4056,#3341,#3342);
#2846=AXIS2_PLACEMENT_3D('',#4060,#3345,#3346);
#2847=AXIS2_PLACEMENT_3D('',#4062,#3348,#3349);
#2848=AXIS2_PLACEMENT_3D('',#4071,#3354,#3355);
#2849=AXIS2_PLACEMENT_3D('',#4077,#3359,#3360);
#2850=AXIS2_PLACEMENT_3D('',#4083,#3364,#3365);
#2851=AXIS2_PLACEMENT_3D('',#4086,#3368,#3369);
#2852=AXIS2_PLACEMENT_3D('',#4095,#3374,#3375);
#2853=AXIS2_PLACEMENT_3D('',#4101,#3379,#3380);
#2854=AXIS2_PLACEMENT_3D('',#4107,#3384,#3385);
#2855=AXIS2_PLACEMENT_3D('',#4110,#3388,#3389);
#2856=AXIS2_PLACEMENT_3D('',#4119,#3394,#3395);
#2857=AXIS2_PLACEMENT_3D('',#4125,#3399,#3400);
#2858=AXIS2_PLACEMENT_3D('',#4131,#3404,#3405);
#2859=AXIS2_PLACEMENT_3D('',#4134,#3408,#3409);
#2860=AXIS2_PLACEMENT_3D('',#4143,#3414,#3415);
#2861=AXIS2_PLACEMENT_3D('',#4149,#3419,#3420);
#2862=AXIS2_PLACEMENT_3D('',#4155,#3424,#3425);
#2863=AXIS2_PLACEMENT_3D('',#4158,#3428,#3429);
#2864=AXIS2_PLACEMENT_3D('',#4167,#3434,#3435);
#2865=AXIS2_PLACEMENT_3D('',#4173,#3439,#3440);
#2866=AXIS2_PLACEMENT_3D('',#4179,#3444,#3445);
#2867=AXIS2_PLACEMENT_3D('',#4182,#3448,#3449);
#2868=AXIS2_PLACEMENT_3D('',#4191,#3454,#3455);
#2869=AXIS2_PLACEMENT_3D('',#4197,#3459,#3460);
#2870=AXIS2_PLACEMENT_3D('',#4203,#3464,#3465);
#2871=AXIS2_PLACEMENT_3D('',#4206,#3468,#3469);
#2872=AXIS2_PLACEMENT_3D('',#4215,#3474,#3475);
#2873=AXIS2_PLACEMENT_3D('',#4221,#3479,#3480);
#2874=AXIS2_PLACEMENT_3D('',#4227,#3484,#3485);
#2875=AXIS2_PLACEMENT_3D('',#4230,#3488,#3489);
#2876=AXIS2_PLACEMENT_3D('',#4239,#3494,#3495);
#2877=AXIS2_PLACEMENT_3D('',#4245,#3499,#3500);
#2878=AXIS2_PLACEMENT_3D('',#4251,#3504,#3505);
#2879=AXIS2_PLACEMENT_3D('',#4254,#3508,#3509);
#2880=AXIS2_PLACEMENT_3D('',#4263,#3514,#3515);
#2881=AXIS2_PLACEMENT_3D('',#4269,#3519,#3520);
#2882=AXIS2_PLACEMENT_3D('',#4275,#3524,#3525);
#2883=AXIS2_PLACEMENT_3D('',#4278,#3528,#3529);
#2884=AXIS2_PLACEMENT_3D('',#4287,#3534,#3535);
#2885=AXIS2_PLACEMENT_3D('',#4293,#3539,#3540);
#2886=AXIS2_PLACEMENT_3D('',#4299,#3544,#3545);
#2887=AXIS2_PLACEMENT_3D('',#4302,#3548,#3549);
#2888=AXIS2_PLACEMENT_3D('',#4311,#3554,#3555);
#2889=AXIS2_PLACEMENT_3D('',#4317,#3559,#3560);
#2890=AXIS2_PLACEMENT_3D('',#4323,#3564,#3565);
#2891=AXIS2_PLACEMENT_3D('',#4326,#3568,#3569);
#2892=AXIS2_PLACEMENT_3D('',#4329,#3570,#3571);
#2893=AXIS2_PLACEMENT_3D('',#4333,#3573,#3574);
#2894=AXIS2_PLACEMENT_3D('',#4335,#3576,#3577);
#2895=AXIS2_PLACEMENT_3D('',#4341,#3581,#3582);
#2896=AXIS2_PLACEMENT_3D('',#4343,#3583,#3584);
#2897=AXIS2_PLACEMENT_3D('',#4345,#3585,#3586);
#2898=AXIS2_PLACEMENT_3D('',#4347,#3588,#3589);
#2899=AXIS2_PLACEMENT_3D('',#4353,#3593,#3594);
#2900=AXIS2_PLACEMENT_3D('',#4355,#3595,#3596);
#2901=AXIS2_PLACEMENT_3D('',#4357,#3597,#3598);
#2902=AXIS2_PLACEMENT_3D('',#4359,#3600,#3601);
#2903=AXIS2_PLACEMENT_3D('',#4365,#3605,#3606);
#2904=AXIS2_PLACEMENT_3D('',#4367,#3607,#3608);
#2905=AXIS2_PLACEMENT_3D('',#4369,#3609,#3610);
#2906=AXIS2_PLACEMENT_3D('',#4371,#3612,#3613);
#2907=AXIS2_PLACEMENT_3D('',#4374,#3616,#3617);
#2908=AXIS2_PLACEMENT_3D('',#4375,#3618,#3619);
#2909=AXIS2_PLACEMENT_3D('',#4376,#3620,#3621);
#2910=AXIS2_PLACEMENT_3D('',#4377,#3622,#3623);
#2911=AXIS2_PLACEMENT_3D('',#4378,#3624,#3625);
#2912=DIRECTION('axis',(0.,0.,1.));
#2913=DIRECTION('refdir',(1.,0.,0.));
#2914=DIRECTION('axis',(0.,0.,1.));
#2915=DIRECTION('refdir',(1.,0.,0.));
#2916=DIRECTION('axis',(0.,0.,1.));
#2917=DIRECTION('refdir',(1.,0.,0.));
#2918=DIRECTION('center_axis',(0.,0.,1.));
#2919=DIRECTION('ref_axis',(0.,-1.,0.));
#2920=DIRECTION('',(0.,1.,0.));
#2921=DIRECTION('',(1.,0.,0.));
#2922=DIRECTION('',(0.,-1.,0.));
#2923=DIRECTION('',(1.,-3.39208565967232E-14,0.));
#2924=DIRECTION('center_axis',(0.,1.,0.));
#2925=DIRECTION('ref_axis',(0.,0.,1.));
#2926=DIRECTION('',(0.,0.,-1.));
#2927=DIRECTION('',(1.,0.,0.));
#2928=DIRECTION('',(0.,0.,1.));
#2929=DIRECTION('center_axis',(0.,0.,-1.));
#2930=DIRECTION('ref_axis',(0.,1.,0.));
#2931=DIRECTION('',(0.,-1.,0.));
#2932=DIRECTION('',(-1.,3.39208565967232E-14,0.));
#2933=DIRECTION('',(0.,1.,0.));
#2934=DIRECTION('center_axis',(-1.,0.,0.));
#2935=DIRECTION('ref_axis',(0.,-1.,0.));
#2936=DIRECTION('',(0.,0.,1.));
#2937=DIRECTION('center_axis',(1.,0.,0.));
#2938=DIRECTION('ref_axis',(0.,0.,-1.));
#2939=DIRECTION('',(0.,0.,-1.));
#2940=DIRECTION('center_axis',(0.,0.,1.));
#2941=DIRECTION('ref_axis',(0.,-1.,0.));
#2942=DIRECTION('',(3.49720252756943E-14,-1.,0.));
#2943=DIRECTION('',(-1.,-3.23618200121943E-14,0.));
#2944=DIRECTION('',(0.,-1.,0.));
#2945=DIRECTION('',(1.,0.,0.));
#2946=DIRECTION('center_axis',(0.,0.,1.));
#2947=DIRECTION('ref_axis',(0.,-1.,0.));
#2948=DIRECTION('',(-3.49720252756938E-14,1.,0.));
#2949=DIRECTION('',(1.,0.,0.));
#2950=DIRECTION('',(0.,1.,0.));
#2951=DIRECTION('',(-1.,-3.23618200121943E-14,0.));
#2952=DIRECTION('center_axis',(0.,-1.,0.));
#2953=DIRECTION('ref_axis',(0.,0.,-1.));
#2954=DIRECTION('',(0.,0.,-1.));
#2955=DIRECTION('',(0.,0.,-1.));
#2956=DIRECTION('',(1.,0.,0.));
#2957=DIRECTION('center_axis',(0.,-1.,0.));
#2958=DIRECTION('ref_axis',(0.,0.,-1.));
#2959=DIRECTION('',(0.,0.,1.));
#2960=DIRECTION('',(1.,0.,0.));
#2961=DIRECTION('',(0.,0.,1.));
#2962=DIRECTION('center_axis',(0.,0.,-1.));
#2963=DIRECTION('ref_axis',(0.,1.,0.));
#2964=DIRECTION('',(-3.49720252756943E-14,1.,0.));
#2965=DIRECTION('',(0.,1.,0.));
#2966=DIRECTION('',(1.,3.23618200121943E-14,0.));
#2967=DIRECTION('center_axis',(-1.,0.,0.));
#2968=DIRECTION('ref_axis',(0.,0.,1.));
#2969=DIRECTION('',(0.,0.,-1.));
#2970=DIRECTION('',(0.,-1.,0.));
#2971=DIRECTION('center_axis',(0.,0.,-1.));
#2972=DIRECTION('ref_axis',(0.,1.,0.));
#2973=DIRECTION('',(3.49720252756938E-14,-1.,0.));
#2974=DIRECTION('',(1.,3.23618200121943E-14,0.));
#2975=DIRECTION('center_axis',(1.,0.,0.));
#2976=DIRECTION('ref_axis',(0.,0.,-1.));
#2977=DIRECTION('',(0.,0.,1.));
#2978=DIRECTION('center_axis',(1.,3.49720252756938E-14,0.));
#2979=DIRECTION('ref_axis',(-3.49720252756938E-14,1.,0.));
#2980=DIRECTION('',(0.,0.,1.));
#2981=DIRECTION('',(-3.49720252756938E-14,1.,0.));
#2982=DIRECTION('',(0.,0.,1.));
#2983=DIRECTION('',(3.49720252756938E-14,-1.,0.));
#2984=DIRECTION('',(0.,0.,1.));
#2985=DIRECTION('center_axis',(-1.,-3.49720252756943E-14,0.));
#2986=DIRECTION('ref_axis',(3.49720252756943E-14,-1.,0.));
#2987=DIRECTION('',(0.,0.,1.));
#2988=DIRECTION('',(-3.49720252756943E-14,1.,0.));
#2989=DIRECTION('',(0.,0.,1.));
#2990=DIRECTION('',(3.49720252756943E-14,-1.,0.));
#2991=DIRECTION('',(0.,0.,1.));
#2992=DIRECTION('center_axis',(0.,0.,1.));
#2993=DIRECTION('ref_axis',(1.,0.,0.));
#2994=DIRECTION('center_axis',(0.,0.,-1.));
#2995=DIRECTION('ref_axis',(1.,0.,0.));
#2996=DIRECTION('',(0.,0.,-1.));
#2997=DIRECTION('center_axis',(0.,0.,1.));
#2998=DIRECTION('ref_axis',(1.,0.,0.));
#2999=DIRECTION('center_axis',(0.,0.,1.));
#3000=DIRECTION('ref_axis',(1.,0.,0.));
#3001=DIRECTION('center_axis',(0.,0.,1.));
#3002=DIRECTION('ref_axis',(1.,0.,0.));
#3003=DIRECTION('',(0.,0.,-1.));
#3004=DIRECTION('center_axis',(0.,0.,-1.));
#3005=DIRECTION('ref_axis',(1.,0.,0.));
#3006=DIRECTION('center_axis',(0.,0.,-1.));
#3007=DIRECTION('ref_axis',(1.,0.,0.));
#3008=DIRECTION('center_axis',(0.,0.,-1.));
#3009=DIRECTION('ref_axis',(1.,0.,0.));
#3010=DIRECTION('',(1.,3.23618200121943E-14,0.));
#3011=DIRECTION('center_axis',(0.,0.,1.));
#3012=DIRECTION('ref_axis',(0.999999999999944,-3.35139888511977E-7,0.));
#3013=DIRECTION('',(-5.79246792994833E-15,1.,0.));
#3014=DIRECTION('center_axis',(0.,0.,1.));
#3015=DIRECTION('ref_axis',(3.3513902697922E-7,0.999999999999944,0.));
#3016=DIRECTION('',(-1.,3.39208565967232E-14,0.));
#3017=DIRECTION('',(-3.09304239141194E-14,-1.,0.));
#3018=DIRECTION('',(1.,0.,0.));
#3019=DIRECTION('',(4.06938014391589E-14,-1.,0.));
#3020=DIRECTION('',(-1.,3.39208565967232E-14,0.));
#3021=DIRECTION('center_axis',(0.,0.,1.));
#3022=DIRECTION('ref_axis',(-0.999999999999944,3.35139021903608E-7,0.));
#3023=DIRECTION('',(7.72329057326436E-16,-1.,0.));
#3024=DIRECTION('center_axis',(0.,0.,1.));
#3025=DIRECTION('ref_axis',(-3.3513988216756E-7,-0.999999999999944,0.));
#3026=DIRECTION('',(1.,3.23618200121943E-14,0.));
#3027=DIRECTION('',(-1.,-3.51491880125889E-14,0.));
#3028=DIRECTION('center_axis',(0.,0.,-1.));
#3029=DIRECTION('ref_axis',(1.,0.,0.));
#3030=DIRECTION('center_axis',(0.,0.,-1.));
#3031=DIRECTION('ref_axis',(1.,0.,0.));
#3032=DIRECTION('center_axis',(0.,0.,-1.));
#3033=DIRECTION('ref_axis',(1.,0.,0.));
#3034=DIRECTION('center_axis',(0.,0.,1.));
#3035=DIRECTION('ref_axis',(1.,0.,0.));
#3036=DIRECTION('center_axis',(0.,0.,-1.));
#3037=DIRECTION('ref_axis',(1.,0.,0.));
#3038=DIRECTION('',(0.,0.,-1.));
#3039=DIRECTION('center_axis',(0.,0.,1.));
#3040=DIRECTION('ref_axis',(1.,0.,0.));
#3041=DIRECTION('center_axis',(0.,0.,1.));
#3042=DIRECTION('ref_axis',(1.,0.,0.));
#3043=DIRECTION('center_axis',(0.,0.,1.));
#3044=DIRECTION('ref_axis',(1.,0.,0.));
#3045=DIRECTION('',(0.,0.,-1.));
#3046=DIRECTION('center_axis',(0.,0.,-1.));
#3047=DIRECTION('ref_axis',(1.,0.,0.));
#3048=DIRECTION('center_axis',(0.,0.,-1.));
#3049=DIRECTION('ref_axis',(1.,0.,0.));
#3050=DIRECTION('center_axis',(0.,0.,1.));
#3051=DIRECTION('ref_axis',(1.,0.,0.));
#3052=DIRECTION('center_axis',(0.,0.,-1.));
#3053=DIRECTION('ref_axis',(1.,0.,0.));
#3054=DIRECTION('',(0.,0.,-1.));
#3055=DIRECTION('center_axis',(0.,0.,1.));
#3056=DIRECTION('ref_axis',(1.,0.,0.));
#3057=DIRECTION('center_axis',(0.,0.,1.));
#3058=DIRECTION('ref_axis',(1.,0.,0.));
#3059=DIRECTION('center_axis',(0.,0.,1.));
#3060=DIRECTION('ref_axis',(1.,0.,0.));
#3061=DIRECTION('',(0.,0.,-1.));
#3062=DIRECTION('center_axis',(0.,0.,-1.));
#3063=DIRECTION('ref_axis',(1.,0.,0.));
#3064=DIRECTION('center_axis',(0.,0.,-1.));
#3065=DIRECTION('ref_axis',(1.,0.,0.));
#3066=DIRECTION('center_axis',(0.,0.,1.));
#3067=DIRECTION('ref_axis',(1.,0.,0.));
#3068=DIRECTION('center_axis',(0.,0.,-1.));
#3069=DIRECTION('ref_axis',(1.,0.,0.));
#3070=DIRECTION('',(0.,0.,-1.));
#3071=DIRECTION('center_axis',(0.,0.,1.));
#3072=DIRECTION('ref_axis',(1.,0.,0.));
#3073=DIRECTION('center_axis',(0.,0.,1.));
#3074=DIRECTION('ref_axis',(1.,0.,0.));
#3075=DIRECTION('center_axis',(0.,0.,1.));
#3076=DIRECTION('ref_axis',(1.,0.,0.));
#3077=DIRECTION('',(0.,0.,-1.));
#3078=DIRECTION('center_axis',(0.,0.,-1.));
#3079=DIRECTION('ref_axis',(1.,0.,0.));
#3080=DIRECTION('center_axis',(0.,0.,-1.));
#3081=DIRECTION('ref_axis',(1.,0.,0.));
#3082=DIRECTION('center_axis',(-3.23618200121943E-14,1.,0.));
#3083=DIRECTION('ref_axis',(-1.,-3.23618200121943E-14,0.));
#3084=DIRECTION('',(-1.,-3.23618200121943E-14,0.));
#3085=DIRECTION('',(0.,0.,1.));
#3086=DIRECTION('center_axis',(0.,0.,1.));
#3087=DIRECTION('ref_axis',(0.999999999999944,-3.35139888511977E-7,0.));
#3088=DIRECTION('center_axis',(0.,0.,-1.));
#3089=DIRECTION('ref_axis',(0.999999999999944,-3.35139888511977E-7,0.));
#3090=DIRECTION('',(0.,0.,1.));
#3091=DIRECTION('center_axis',(-1.,-5.79246792994833E-15,0.));
#3092=DIRECTION('ref_axis',(5.79246792994833E-15,-1.,0.));
#3093=DIRECTION('',(5.79246792994833E-15,-1.,0.));
#3094=DIRECTION('',(0.,0.,1.));
#3095=DIRECTION('center_axis',(0.,0.,1.));
#3096=DIRECTION('ref_axis',(3.3513902697922E-7,0.999999999999944,0.));
#3097=DIRECTION('center_axis',(0.,0.,-1.));
#3098=DIRECTION('ref_axis',(3.3513902697922E-7,0.999999999999944,0.));
#3099=DIRECTION('',(0.,0.,1.));
#3100=DIRECTION('center_axis',(-3.39208565967232E-14,-1.,0.));
#3101=DIRECTION('ref_axis',(1.,-3.39208565967232E-14,0.));
#3102=DIRECTION('',(1.,-3.39208565967232E-14,0.));
#3103=DIRECTION('',(1.,-3.39208565967232E-14,0.));
#3104=DIRECTION('',(0.,0.,1.));
#3105=DIRECTION('center_axis',(0.,0.,1.));
#3106=DIRECTION('ref_axis',(-0.999999999999944,3.35139021903608E-7,0.));
#3107=DIRECTION('center_axis',(0.,0.,-1.));
#3108=DIRECTION('ref_axis',(-0.999999999999944,3.35139021903608E-7,0.));
#3109=DIRECTION('',(0.,0.,1.));
#3110=DIRECTION('center_axis',(1.,7.72329057326436E-16,0.));
#3111=DIRECTION('ref_axis',(-7.72329057326436E-16,1.,0.));
#3112=DIRECTION('',(-7.72329057326436E-16,1.,0.));
#3113=DIRECTION('',(0.,0.,1.));
#3114=DIRECTION('center_axis',(0.,0.,1.));
#3115=DIRECTION('ref_axis',(-3.3513988216756E-7,-0.999999999999944,0.));
#3116=DIRECTION('center_axis',(0.,0.,-1.));
#3117=DIRECTION('ref_axis',(-3.3513988216756E-7,-0.999999999999944,0.));
#3118=DIRECTION('',(0.,0.,1.));
#3119=DIRECTION('center_axis',(-3.23618200121943E-14,1.,0.));
#3120=DIRECTION('ref_axis',(-1.,-3.23618200121943E-14,0.));
#3121=DIRECTION('',(-1.,-3.23618200121943E-14,0.));
#3122=DIRECTION('center_axis',(0.,0.,-1.));
#3123=DIRECTION('ref_axis',(1.,0.,0.));
#3124=DIRECTION('',(-3.09304239141194E-14,-1.,0.));
#3125=DIRECTION('',(4.06938014391589E-14,-1.,0.));
#3126=DIRECTION('',(1.,-3.1086244236939E-14,0.));
#3127=DIRECTION('center_axis',(0.,0.,-1.));
#3128=DIRECTION('ref_axis',(1.,0.,0.));
#3129=DIRECTION('',(1.,3.51491880125889E-14,0.));
#3130=DIRECTION('center_axis',(0.,0.,1.));
#3131=DIRECTION('ref_axis',(0.999999999999977,-2.13270862520169E-7,0.));
#3132=DIRECTION('',(-1.13918533050761E-14,1.,0.));
#3133=DIRECTION('center_axis',(0.,0.,1.));
#3134=DIRECTION('ref_axis',(2.13270327190997E-7,0.999999999999977,0.));
#3135=DIRECTION('',(-1.,3.1086244236939E-14,0.));
#3136=DIRECTION('center_axis',(0.,0.,1.));
#3137=DIRECTION('ref_axis',(-0.999999999999977,2.13270313464419E-7,0.));
#3138=DIRECTION('',(6.56479681987388E-15,-1.,0.));
#3139=DIRECTION('center_axis',(0.,0.,1.));
#3140=DIRECTION('ref_axis',(-2.13270848793665E-7,-0.999999999999977,0.));
#3141=DIRECTION('',(1.,3.51491880125889E-14,0.));
#3142=DIRECTION('center_axis',(0.,0.,-1.));
#3143=DIRECTION('ref_axis',(1.,0.,0.));
#3144=DIRECTION('center_axis',(0.,1.,0.));
#3145=DIRECTION('ref_axis',(0.,0.,1.));
#3146=DIRECTION('',(0.,0.,-1.));
#3147=DIRECTION('',(0.,0.,1.));
#3148=DIRECTION('',(0.707106781186638,0.,0.707106781186457));
#3149=DIRECTION('',(1.,0.,0.));
#3150=DIRECTION('',(0.707106781186548,0.,-0.707106781186547));
#3151=DIRECTION('center_axis',(0.,0.,1.));
#3152=DIRECTION('ref_axis',(1.,0.,0.));
#3153=DIRECTION('',(4.07471327634364E-14,-1.,0.));
#3154=DIRECTION('',(-1.,3.10862446895043E-14,0.));
#3155=DIRECTION('',(-4.07471327634347E-14,1.,0.));
#3156=DIRECTION('center_axis',(-0.707106781186496,-2.49112354624287E-14,
-0.707106781186599));
#3157=DIRECTION('ref_axis',(-0.707106781186599,0.,0.707106781186496));
#3158=DIRECTION('',(3.11641548450066E-16,-1.,0.));
#3159=DIRECTION('',(-0.707106781186511,5.49532360539349E-15,0.707106781186584));
#3160=DIRECTION('',(3.52298070464388E-14,-1.,0.));
#3161=DIRECTION('',(-0.707106781186599,-1.201120730893E-13,0.707106781186496));
#3162=DIRECTION('center_axis',(0.707106781186547,2.88125738909332E-14,0.707106781186548));
#3163=DIRECTION('ref_axis',(0.707106781186548,0.,-0.707106781186547));
#3164=DIRECTION('',(-0.707106781186548,-1.19327026859967E-13,0.707106781186547));
#3165=DIRECTION('',(4.06938014391589E-14,-1.,0.));
#3166=DIRECTION('center_axis',(0.,0.,-1.));
#3167=DIRECTION('ref_axis',(1.,0.,0.));
#3168=DIRECTION('',(-1.,-3.51491880125889E-14,0.));
#3169=DIRECTION('center_axis',(0.,0.,-1.));
#3170=DIRECTION('ref_axis',(-2.13270848793665E-7,-0.999999999999977,0.));
#3171=DIRECTION('',(-6.56479681987388E-15,1.,0.));
#3172=DIRECTION('center_axis',(0.,0.,-1.));
#3173=DIRECTION('ref_axis',(-0.999999999999977,2.13270313464419E-7,0.));
#3174=DIRECTION('',(1.,-3.1086244236939E-14,0.));
#3175=DIRECTION('center_axis',(0.,0.,-1.));
#3176=DIRECTION('ref_axis',(-0.999999999999977,2.13270313464419E-7,0.));
#3177=DIRECTION('',(0.,0.,-1.));
#3178=DIRECTION('',(0.,0.,-1.));
#3179=DIRECTION('center_axis',(-1.,-6.56479681987388E-15,0.));
#3180=DIRECTION('ref_axis',(-6.56479681987388E-15,1.,0.));
#3181=DIRECTION('',(0.,0.,-1.));
#3182=DIRECTION('center_axis',(0.,0.,-1.));
#3183=DIRECTION('ref_axis',(-2.13270848793665E-7,-0.999999999999977,0.));
#3184=DIRECTION('',(0.,0.,-1.));
#3185=DIRECTION('center_axis',(1.,4.06938014391589E-14,0.));
#3186=DIRECTION('ref_axis',(4.06938014391589E-14,-1.,0.));
#3187=DIRECTION('',(0.,0.,-1.));
#3188=DIRECTION('center_axis',(0.707106781186457,2.88125738909308E-14,-0.707106781186638));
#3189=DIRECTION('ref_axis',(-0.707106781186638,0.,-0.707106781186457));
#3190=DIRECTION('',(3.09304239141194E-14,1.,0.));
#3191=DIRECTION('',(0.707106781186638,-2.198129442157E-14,0.707106781186457));
#3192=DIRECTION('center_axis',(3.51491880125889E-14,-1.,0.));
#3193=DIRECTION('ref_axis',(-1.,-3.51491880125889E-14,0.));
#3194=DIRECTION('',(1.,4.0767389464239E-14,0.));
#3195=DIRECTION('',(0.70710678118662,2.94392336003178E-14,0.707106781186475));
#3196=DIRECTION('',(-1.,-3.51491880125889E-14,0.));
#3197=DIRECTION('',(0.,0.,-1.));
#3198=DIRECTION('center_axis',(3.27056760041877E-30,-9.05974404414998E-34,
1.));
#3199=DIRECTION('ref_axis',(1.,0.,-3.27056760041877E-30));
#3200=DIRECTION('',(4.07471327634366E-14,-1.,0.));
#3201=DIRECTION('',(1.,-3.10862446895043E-14,0.));
#3202=DIRECTION('center_axis',(-0.707106781186461,-2.47986846997958E-14,
0.707106781186634));
#3203=DIRECTION('ref_axis',(0.707106781186634,0.,0.707106781186461));
#3204=DIRECTION('',(0.707106781186634,-4.1214927040444E-14,0.707106781186461));
#3205=DIRECTION('',(-3.50706362314697E-14,1.,0.));
#3206=DIRECTION('center_axis',(0.,0.,-1.));
#3207=DIRECTION('ref_axis',(1.,0.,0.));
#3208=DIRECTION('',(1.,-3.1086244236939E-14,0.));
#3209=DIRECTION('center_axis',(0.,0.,-1.));
#3210=DIRECTION('ref_axis',(2.13270327190997E-7,0.999999999999977,0.));
#3211=DIRECTION('',(1.13918533050761E-14,-1.,0.));
#3212=DIRECTION('center_axis',(0.,0.,-1.));
#3213=DIRECTION('ref_axis',(0.999999999999977,-2.13270862520169E-7,0.));
#3214=DIRECTION('center_axis',(3.1086244236939E-14,1.,0.));
#3215=DIRECTION('ref_axis',(1.,-3.1086244236939E-14,0.));
#3216=DIRECTION('',(0.,0.,1.));
#3217=DIRECTION('',(0.,0.,-1.));
#3218=DIRECTION('center_axis',(-1.,3.09304239141194E-14,0.));
#3219=DIRECTION('ref_axis',(3.09304239141194E-14,1.,0.));
#3220=DIRECTION('center_axis',(0.,0.,-1.));
#3221=DIRECTION('ref_axis',(0.999999999999977,-2.13270862520169E-7,0.));
#3222=DIRECTION('',(0.,0.,-1.));
#3223=DIRECTION('center_axis',(1.,1.13918533050761E-14,0.));
#3224=DIRECTION('ref_axis',(1.13918533050761E-14,-1.,0.));
#3225=DIRECTION('',(0.,0.,-1.));
#3226=DIRECTION('center_axis',(0.,0.,-1.));
#3227=DIRECTION('ref_axis',(2.13270327190997E-7,0.999999999999977,0.));
#3228=DIRECTION('axis',(0.,0.,1.));
#3229=DIRECTION('refdir',(1.,0.,0.));
#3230=DIRECTION('center_axis',(0.,0.,-1.));
#3231=DIRECTION('ref_axis',(-1.,0.,0.));
#3232=DIRECTION('center_axis',(0.,0.,-1.));
#3233=DIRECTION('ref_axis',(-1.,0.,0.));
#3234=DIRECTION('',(0.,0.,1.));
#3235=DIRECTION('center_axis',(0.,0.,1.));
#3236=DIRECTION('ref_axis',(-1.,0.,0.));
#3237=DIRECTION('center_axis',(0.,0.,1.));
#3238=DIRECTION('ref_axis',(-1.,0.,0.));
#3239=DIRECTION('center_axis',(0.,0.,-1.));
#3240=DIRECTION('ref_axis',(-1.,0.,0.));
#3241=DIRECTION('center_axis',(0.,0.,-1.));
#3242=DIRECTION('ref_axis',(-1.,0.,0.));
#3243=DIRECTION('',(0.,0.,1.));
#3244=DIRECTION('center_axis',(0.,0.,1.));
#3245=DIRECTION('ref_axis',(-1.,0.,0.));
#3246=DIRECTION('center_axis',(0.,0.,1.));
#3247=DIRECTION('ref_axis',(-1.,0.,0.));
#3248=DIRECTION('center_axis',(0.,0.,-1.));
#3249=DIRECTION('ref_axis',(-1.,0.,0.));
#3250=DIRECTION('center_axis',(0.,0.,-1.));
#3251=DIRECTION('ref_axis',(-1.,0.,0.));
#3252=DIRECTION('',(0.,0.,1.));
#3253=DIRECTION('center_axis',(0.,0.,1.));
#3254=DIRECTION('ref_axis',(-1.,0.,0.));
#3255=DIRECTION('center_axis',(0.,0.,1.));
#3256=DIRECTION('ref_axis',(-1.,0.,0.));
#3257=DIRECTION('center_axis',(0.,0.,-1.));
#3258=DIRECTION('ref_axis',(-1.,0.,0.));
#3259=DIRECTION('center_axis',(0.,0.,-1.));
#3260=DIRECTION('ref_axis',(-1.,0.,0.));
#3261=DIRECTION('',(0.,0.,1.));
#3262=DIRECTION('center_axis',(0.,0.,1.));
#3263=DIRECTION('ref_axis',(-1.,0.,0.));
#3264=DIRECTION('center_axis',(0.,0.,1.));
#3265=DIRECTION('ref_axis',(-1.,0.,0.));
#3266=DIRECTION('center_axis',(1.,0.,0.));
#3267=DIRECTION('ref_axis',(0.,1.,0.));
#3268=DIRECTION('',(0.,-1.,0.));
#3269=DIRECTION('',(0.,-1.59528786271629E-15,-1.));
#3270=DIRECTION('center_axis',(-1.,0.,0.));
#3271=DIRECTION('ref_axis',(0.,-0.647648395377581,-0.761939338769725));
#3272=DIRECTION('',(0.,-0.761939338769721,0.647648395377585));
#3273=DIRECTION('center_axis',(-1.,0.,0.));
#3274=DIRECTION('ref_axis',(0.,0.,1.));
#3275=DIRECTION('',(0.,1.,-3.05028043693165E-15));
#3276=DIRECTION('',(0.,0.,1.));
#3277=DIRECTION('center_axis',(0.,1.,-1.59528786271629E-15));
#3278=DIRECTION('ref_axis',(0.,1.59528786271629E-15,1.));
#3279=DIRECTION('',(-1.,0.,0.));
#3280=DIRECTION('',(0.,1.59528786271629E-15,1.));
#3281=DIRECTION('',(1.,0.,0.));
#3282=DIRECTION('center_axis',(1.,0.,0.));
#3283=DIRECTION('ref_axis',(0.,-0.647648395377581,-0.761939338769725));
#3284=DIRECTION('center_axis',(1.,0.,0.));
#3285=DIRECTION('ref_axis',(0.,-0.647648395377581,-0.761939338769725));
#3286=DIRECTION('',(1.,0.,0.));
#3287=DIRECTION('center_axis',(0.,-0.647648395377585,-0.761939338769721));
#3288=DIRECTION('ref_axis',(0.,0.761939338769721,-0.647648395377585));
#3289=DIRECTION('',(0.,0.761939338769721,-0.647648395377585));
#3290=DIRECTION('',(1.,0.,0.));
#3291=DIRECTION('center_axis',(1.,0.,0.));
#3292=DIRECTION('ref_axis',(0.,0.,1.));
#3293=DIRECTION('center_axis',(1.,0.,0.));
#3294=DIRECTION('ref_axis',(0.,0.,1.));
#3295=DIRECTION('',(1.,0.,0.));
#3296=DIRECTION('center_axis',(0.,3.05028043693165E-15,1.));
#3297=DIRECTION('ref_axis',(0.,-1.,3.05028043693165E-15));
#3298=DIRECTION('',(0.,-1.,3.05028043693165E-15));
#3299=DIRECTION('',(1.,0.,0.));
#3300=DIRECTION('center_axis',(0.,-1.,0.));
#3301=DIRECTION('ref_axis',(0.,0.,-1.));
#3302=DIRECTION('',(0.,0.,-1.));
#3303=DIRECTION('',(1.,0.,0.));
#3304=DIRECTION('center_axis',(1.,0.,0.));
#3305=DIRECTION('ref_axis',(0.,1.,0.));
#3306=DIRECTION('',(0.,1.,0.));
#3307=DIRECTION('center_axis',(-1.,0.,0.));
#3308=DIRECTION('ref_axis',(0.,-1.,0.));
#3309=DIRECTION('',(0.,-1.,0.));
#3310=DIRECTION('center_axis',(1.,0.,0.));
#3311=DIRECTION('ref_axis',(0.,4.4408920985006E-14,1.));
#3312=DIRECTION('',(0.,0.777244865448055,0.629198235164908));
#3313=DIRECTION('center_axis',(1.,0.,0.));
#3314=DIRECTION('ref_axis',(0.,0.629198235164911,-0.777244865448053));
#3315=DIRECTION('',(0.,1.59149625169153E-15,-1.));
#3316=DIRECTION('',(0.,-1.,0.));
#3317=DIRECTION('',(0.,0.,1.));
#3318=DIRECTION('center_axis',(1.,0.,0.));
#3319=DIRECTION('ref_axis',(0.,0.629198235164911,-0.777244865448053));
#3320=DIRECTION('',(1.,0.,0.));
#3321=DIRECTION('center_axis',(1.,0.,0.));
#3322=DIRECTION('ref_axis',(0.,0.629198235164911,-0.777244865448053));
#3323=DIRECTION('',(1.,0.,0.));
#3324=DIRECTION('center_axis',(0.,0.629198235164908,-0.777244865448055));
#3325=DIRECTION('ref_axis',(0.,0.777244865448055,0.629198235164908));
#3326=DIRECTION('',(1.,0.,0.));
#3327=DIRECTION('',(0.,0.777244865448055,0.629198235164908));
#3328=DIRECTION('center_axis',(1.,0.,0.));
#3329=DIRECTION('ref_axis',(0.,4.4408920985006E-14,1.));
#3330=DIRECTION('',(1.,0.,0.));
#3331=DIRECTION('center_axis',(1.,0.,0.));
#3332=DIRECTION('ref_axis',(0.,4.4408920985006E-14,1.));
#3333=DIRECTION('center_axis',(0.,0.,1.));
#3334=DIRECTION('ref_axis',(0.,-1.,0.));
#3335=DIRECTION('',(1.,0.,0.));
#3336=DIRECTION('',(0.,-1.,0.));
#3337=DIRECTION('center_axis',(0.,-1.,-1.59149625169153E-15));
#3338=DIRECTION('ref_axis',(0.,1.59149625169153E-15,-1.));
#3339=DIRECTION('',(0.,1.59149625169153E-15,-1.));
#3340=DIRECTION('',(1.,0.,0.));
#3341=DIRECTION('center_axis',(0.,1.,0.));
#3342=DIRECTION('ref_axis',(0.,0.,1.));
#3343=DIRECTION('',(-1.,0.,0.));
#3344=DIRECTION('',(0.,0.,1.));
#3345=DIRECTION('center_axis',(-1.,0.,0.));
#3346=DIRECTION('ref_axis',(0.,-1.,0.));
#3347=DIRECTION('',(0.,1.,0.));
#3348=DIRECTION('center_axis',(0.,-1.,0.));
#3349=DIRECTION('ref_axis',(-1.,0.,0.));
#3350=DIRECTION('',(1.,0.,0.));
#3351=DIRECTION('',(0.,0.,-1.));
#3352=DIRECTION('',(-1.,0.,0.));
#3353=DIRECTION('',(0.,0.,-1.));
#3354=DIRECTION('center_axis',(1.,0.,0.));
#3355=DIRECTION('ref_axis',(0.,-1.,0.));
#3356=DIRECTION('',(0.,1.,0.));
#3357=DIRECTION('',(0.,-1.,0.));
#3358=DIRECTION('',(0.,0.,-1.));
#3359=DIRECTION('center_axis',(0.,1.,0.));
#3360=DIRECTION('ref_axis',(1.,0.,0.));
#3361=DIRECTION('',(-1.,0.,0.));
#3362=DIRECTION('',(1.,0.,0.));
#3363=DIRECTION('',(0.,0.,-1.));
#3364=DIRECTION('center_axis',(-1.,0.,0.));
#3365=DIRECTION('ref_axis',(0.,1.,0.));
#3366=DIRECTION('',(0.,-1.,0.));
#3367=DIRECTION('',(0.,1.,0.));
#3368=DIRECTION('center_axis',(0.,1.,0.));
#3369=DIRECTION('ref_axis',(1.,0.,0.));
#3370=DIRECTION('',(-1.,0.,0.));
#3371=DIRECTION('',(0.,0.,-1.));
#3372=DIRECTION('',(1.,0.,0.));
#3373=DIRECTION('',(0.,0.,-1.));
#3374=DIRECTION('center_axis',(-1.,0.,0.));
#3375=DIRECTION('ref_axis',(0.,1.,0.));
#3376=DIRECTION('',(0.,-1.,0.));
#3377=DIRECTION('',(0.,1.,0.));
#3378=DIRECTION('',(0.,0.,-1.));
#3379=DIRECTION('center_axis',(0.,-1.,0.));
#3380=DIRECTION('ref_axis',(-1.,0.,0.));
#3381=DIRECTION('',(1.,0.,0.));
#3382=DIRECTION('',(-1.,0.,0.));
#3383=DIRECTION('',(0.,0.,-1.));
#3384=DIRECTION('center_axis',(1.,0.,0.));
#3385=DIRECTION('ref_axis',(0.,-1.,0.));
#3386=DIRECTION('',(0.,1.,0.));
#3387=DIRECTION('',(0.,-1.,0.));
#3388=DIRECTION('center_axis',(0.,-1.,0.));
#3389=DIRECTION('ref_axis',(-1.,0.,0.));
#3390=DIRECTION('',(1.,0.,0.));
#3391=DIRECTION('',(0.,0.,-1.));
#3392=DIRECTION('',(-1.,0.,0.));
#3393=DIRECTION('',(0.,0.,-1.));
#3394=DIRECTION('center_axis',(1.,0.,0.));
#3395=DIRECTION('ref_axis',(0.,-1.,0.));
#3396=DIRECTION('',(0.,1.,0.));
#3397=DIRECTION('',(0.,-1.,0.));
#3398=DIRECTION('',(0.,0.,-1.));
#3399=DIRECTION('center_axis',(0.,1.,0.));
#3400=DIRECTION('ref_axis',(1.,0.,0.));
#3401=DIRECTION('',(-1.,0.,0.));
#3402=DIRECTION('',(1.,0.,0.));
#3403=DIRECTION('',(0.,0.,-1.));
#3404=DIRECTION('center_axis',(-1.,0.,0.));
#3405=DIRECTION('ref_axis',(0.,1.,0.));
#3406=DIRECTION('',(0.,-1.,0.));
#3407=DIRECTION('',(0.,1.,0.));
#3408=DIRECTION('center_axis',(0.,-1.,0.));
#3409=DIRECTION('ref_axis',(-1.,0.,0.));
#3410=DIRECTION('',(1.,0.,0.));
#3411=DIRECTION('',(0.,0.,-1.));
#3412=DIRECTION('',(-1.,0.,0.));
#3413=DIRECTION('',(0.,0.,-1.));
#3414=DIRECTION('center_axis',(1.,0.,0.));
#3415=DIRECTION('ref_axis',(0.,-1.,0.));
#3416=DIRECTION('',(0.,1.,0.));
#3417=DIRECTION('',(0.,-1.,0.));
#3418=DIRECTION('',(0.,0.,-1.));
#3419=DIRECTION('center_axis',(0.,1.,0.));
#3420=DIRECTION('ref_axis',(1.,0.,0.));
#3421=DIRECTION('',(-1.,0.,0.));
#3422=DIRECTION('',(1.,0.,0.));
#3423=DIRECTION('',(0.,0.,-1.));
#3424=DIRECTION('center_axis',(-1.,0.,0.));
#3425=DIRECTION('ref_axis',(0.,1.,0.));
#3426=DIRECTION('',(0.,-1.,0.));
#3427=DIRECTION('',(0.,1.,0.));
#3428=DIRECTION('center_axis',(0.,-1.,0.));
#3429=DIRECTION('ref_axis',(-1.,0.,0.));
#3430=DIRECTION('',(1.,0.,0.));
#3431=DIRECTION('',(0.,0.,-1.));
#3432=DIRECTION('',(-1.,0.,0.));
#3433=DIRECTION('',(0.,0.,-1.));
#3434=DIRECTION('center_axis',(1.,0.,0.));
#3435=DIRECTION('ref_axis',(0.,-1.,0.));
#3436=DIRECTION('',(0.,1.,0.));
#3437=DIRECTION('',(0.,-1.,0.));
#3438=DIRECTION('',(0.,0.,-1.));
#3439=DIRECTION('center_axis',(0.,1.,0.));
#3440=DIRECTION('ref_axis',(1.,0.,0.));
#3441=DIRECTION('',(-1.,0.,0.));
#3442=DIRECTION('',(1.,0.,0.));
#3443=DIRECTION('',(0.,0.,-1.));
#3444=DIRECTION('center_axis',(-1.,0.,0.));
#3445=DIRECTION('ref_axis',(0.,1.,0.));
#3446=DIRECTION('',(0.,-1.,0.));
#3447=DIRECTION('',(0.,1.,0.));
#3448=DIRECTION('center_axis',(0.,-1.,0.));
#3449=DIRECTION('ref_axis',(-1.,0.,0.));
#3450=DIRECTION('',(1.,0.,0.));
#3451=DIRECTION('',(0.,0.,-1.));
#3452=DIRECTION('',(-1.,0.,0.));
#3453=DIRECTION('',(0.,0.,-1.));
#3454=DIRECTION('center_axis',(1.,0.,0.));
#3455=DIRECTION('ref_axis',(0.,-1.,0.));
#3456=DIRECTION('',(0.,1.,0.));
#3457=DIRECTION('',(0.,-1.,0.));
#3458=DIRECTION('',(0.,0.,-1.));
#3459=DIRECTION('center_axis',(0.,1.,0.));
#3460=DIRECTION('ref_axis',(1.,0.,0.));
#3461=DIRECTION('',(-1.,0.,0.));
#3462=DIRECTION('',(1.,0.,0.));
#3463=DIRECTION('',(0.,0.,-1.));
#3464=DIRECTION('center_axis',(-1.,0.,0.));
#3465=DIRECTION('ref_axis',(0.,1.,0.));
#3466=DIRECTION('',(0.,-1.,0.));
#3467=DIRECTION('',(0.,1.,0.));
#3468=DIRECTION('center_axis',(-1.,0.,0.));
#3469=DIRECTION('ref_axis',(0.,1.,0.));
#3470=DIRECTION('',(0.,-1.,0.));
#3471=DIRECTION('',(0.,0.,-1.));
#3472=DIRECTION('',(0.,1.,0.));
#3473=DIRECTION('',(0.,0.,-1.));
#3474=DIRECTION('center_axis',(0.,-1.,0.));
#3475=DIRECTION('ref_axis',(-1.,0.,0.));
#3476=DIRECTION('',(1.,0.,0.));
#3477=DIRECTION('',(-1.,0.,0.));
#3478=DIRECTION('',(0.,0.,-1.));
#3479=DIRECTION('center_axis',(1.,0.,0.));
#3480=DIRECTION('ref_axis',(0.,-1.,0.));
#3481=DIRECTION('',(0.,1.,0.));
#3482=DIRECTION('',(0.,-1.,0.));
#3483=DIRECTION('',(0.,0.,-1.));
#3484=DIRECTION('center_axis',(0.,1.,0.));
#3485=DIRECTION('ref_axis',(1.,0.,0.));
#3486=DIRECTION('',(-1.,0.,0.));
#3487=DIRECTION('',(1.,0.,0.));
#3488=DIRECTION('center_axis',(1.,0.,0.));
#3489=DIRECTION('ref_axis',(0.,-1.,0.));
#3490=DIRECTION('',(0.,1.,0.));
#3491=DIRECTION('',(0.,0.,-1.));
#3492=DIRECTION('',(0.,-1.,0.));
#3493=DIRECTION('',(0.,0.,-1.));
#3494=DIRECTION('center_axis',(-1.38777878078145E-16,1.,0.));
#3495=DIRECTION('ref_axis',(1.,1.38777878078145E-16,0.));
#3496=DIRECTION('',(-1.,-1.38777878078145E-16,0.));
#3497=DIRECTION('',(1.,1.38777878078145E-16,0.));
#3498=DIRECTION('',(0.,0.,-1.));
#3499=DIRECTION('center_axis',(-1.,0.,0.));
#3500=DIRECTION('ref_axis',(0.,1.,0.));
#3501=DIRECTION('',(0.,-1.,0.));
#3502=DIRECTION('',(0.,1.,0.));
#3503=DIRECTION('',(0.,0.,-1.));
#3504=DIRECTION('center_axis',(0.,-1.,0.));
#3505=DIRECTION('ref_axis',(-1.,0.,0.));
#3506=DIRECTION('',(1.,0.,0.));
#3507=DIRECTION('',(-1.,0.,0.));
#3508=DIRECTION('center_axis',(5.55111512312578E-17,-1.,0.));
#3509=DIRECTION('ref_axis',(-1.,-5.55111512312578E-17,0.));
#3510=DIRECTION('',(1.,5.55111512312578E-17,0.));
#3511=DIRECTION('',(0.,0.,-1.));
#3512=DIRECTION('',(-1.,-5.55111512312578E-17,0.));
#3513=DIRECTION('',(0.,0.,-1.));
#3514=DIRECTION('center_axis',(1.,0.,0.));
#3515=DIRECTION('ref_axis',(0.,-1.,0.));
#3516=DIRECTION('',(0.,1.,0.));
#3517=DIRECTION('',(0.,-1.,0.));
#3518=DIRECTION('',(0.,0.,-1.));
#3519=DIRECTION('center_axis',(0.,1.,0.));
#3520=DIRECTION('ref_axis',(1.,0.,0.));
#3521=DIRECTION('',(-1.,0.,0.));
#3522=DIRECTION('',(1.,0.,0.));
#3523=DIRECTION('',(0.,0.,-1.));
#3524=DIRECTION('center_axis',(-1.,0.,0.));
#3525=DIRECTION('ref_axis',(0.,1.,0.));
#3526=DIRECTION('',(0.,-1.,0.));
#3527=DIRECTION('',(0.,1.,0.));
#3528=DIRECTION('center_axis',(6.93889390390724E-17,-1.,0.));
#3529=DIRECTION('ref_axis',(-1.,-6.93889390390724E-17,0.));
#3530=DIRECTION('',(1.,6.93889390390724E-17,0.));
#3531=DIRECTION('',(0.,0.,-1.));
#3532=DIRECTION('',(-1.,-6.93889390390724E-17,0.));
#3533=DIRECTION('',(0.,0.,-1.));
#3534=DIRECTION('center_axis',(1.,0.,0.));
#3535=DIRECTION('ref_axis',(0.,-1.,0.));
#3536=DIRECTION('',(0.,1.,0.));
#3537=DIRECTION('',(0.,-1.,0.));
#3538=DIRECTION('',(0.,0.,-1.));
#3539=DIRECTION('center_axis',(0.,1.,0.));
#3540=DIRECTION('ref_axis',(1.,0.,0.));
#3541=DIRECTION('',(-1.,0.,0.));
#3542=DIRECTION('',(1.,0.,0.));
#3543=DIRECTION('',(0.,0.,-1.));
#3544=DIRECTION('center_axis',(-1.,0.,0.));
#3545=DIRECTION('ref_axis',(0.,1.,0.));
#3546=DIRECTION('',(0.,-1.,0.));
#3547=DIRECTION('',(0.,1.,0.));
#3548=DIRECTION('center_axis',(-1.,0.,0.));
#3549=DIRECTION('ref_axis',(0.,-1.,0.));
#3550=DIRECTION('',(0.,-1.,0.));
#3551=DIRECTION('',(0.,0.,1.));
#3552=DIRECTION('',(0.,-1.,0.));
#3553=DIRECTION('',(0.,0.,1.));
#3554=DIRECTION('center_axis',(0.,-1.,0.));
#3555=DIRECTION('ref_axis',(1.,0.,0.));
#3556=DIRECTION('',(1.,0.,0.));
#3557=DIRECTION('',(1.,0.,0.));
#3558=DIRECTION('',(0.,0.,1.));
#3559=DIRECTION('center_axis',(1.,0.,0.));
#3560=DIRECTION('ref_axis',(0.,1.,0.));
#3561=DIRECTION('',(0.,1.,0.));
#3562=DIRECTION('',(0.,1.,0.));
#3563=DIRECTION('',(0.,0.,1.));
#3564=DIRECTION('center_axis',(0.,1.,0.));
#3565=DIRECTION('ref_axis',(-1.,0.,0.));
#3566=DIRECTION('',(-1.,0.,0.));
#3567=DIRECTION('',(-1.,0.,0.));
#3568=DIRECTION('center_axis',(0.,0.,1.));
#3569=DIRECTION('ref_axis',(4.62085592373918E-7,-0.999999999999893,0.));
#3570=DIRECTION('center_axis',(0.,0.,1.));
#3571=DIRECTION('ref_axis',(4.62085592373918E-7,-0.999999999999893,0.));
#3572=DIRECTION('',(0.,0.,1.));
#3573=DIRECTION('center_axis',(0.,0.,1.));
#3574=DIRECTION('ref_axis',(4.62085592373918E-7,-0.999999999999893,0.));
#3575=DIRECTION('',(0.,0.,1.));
#3576=DIRECTION('center_axis',(3.51491880125889E-14,-1.,0.));
#3577=DIRECTION('ref_axis',(1.,3.51491880125889E-14,0.));
#3578=DIRECTION('',(-1.,-3.51491880125889E-14,0.));
#3579=DIRECTION('',(1.,3.51491880125889E-14,0.));
#3580=DIRECTION('',(0.,0.,1.));
#3581=DIRECTION('center_axis',(0.,0.,1.));
#3582=DIRECTION('ref_axis',(-0.999999999999893,-4.62086776073009E-7,0.));
#3583=DIRECTION('center_axis',(0.,0.,1.));
#3584=DIRECTION('ref_axis',(-0.999999999999893,-4.62086776073009E-7,0.));
#3585=DIRECTION('center_axis',(0.,0.,1.));
#3586=DIRECTION('ref_axis',(-0.999999999999893,-4.62086776073009E-7,0.));
#3587=DIRECTION('',(0.,0.,1.));
#3588=DIRECTION('center_axis',(-1.,-6.56479681987388E-15,0.));
#3589=DIRECTION('ref_axis',(6.56479681987388E-15,-1.,0.));
#3590=DIRECTION('',(-6.56479681987388E-15,1.,0.));
#3591=DIRECTION('',(6.56479681987388E-15,-1.,0.));
#3592=DIRECTION('',(0.,0.,1.));
#3593=DIRECTION('center_axis',(0.,0.,1.));
#3594=DIRECTION('ref_axis',(-4.62086777688013E-7,0.999999999999893,0.));
#3595=DIRECTION('center_axis',(0.,0.,1.));
#3596=DIRECTION('ref_axis',(-4.62086777688013E-7,0.999999999999893,0.));
#3597=DIRECTION('center_axis',(0.,0.,1.));
#3598=DIRECTION('ref_axis',(-4.62086777688013E-7,0.999999999999893,0.));
#3599=DIRECTION('',(0.,0.,1.));
#3600=DIRECTION('center_axis',(3.1086244236939E-14,1.,0.));
#3601=DIRECTION('ref_axis',(-1.,3.1086244236939E-14,0.));
#3602=DIRECTION('',(1.,-3.1086244236939E-14,0.));
#3603=DIRECTION('',(-1.,3.1086244236939E-14,0.));
#3604=DIRECTION('',(0.,0.,1.));
#3605=DIRECTION('center_axis',(0.,0.,1.));
#3606=DIRECTION('ref_axis',(0.999999999999893,4.62085593181364E-7,0.));
#3607=DIRECTION('center_axis',(0.,0.,1.));
#3608=DIRECTION('ref_axis',(0.999999999999893,4.62085593181364E-7,0.));
#3609=DIRECTION('center_axis',(0.,0.,1.));
#3610=DIRECTION('ref_axis',(0.999999999999893,4.62085593181364E-7,0.));
#3611=DIRECTION('',(0.,0.,1.));
#3612=DIRECTION('center_axis',(1.,1.13918533050761E-14,0.));
#3613=DIRECTION('ref_axis',(-1.13918533050761E-14,1.,0.));
#3614=DIRECTION('',(-1.13918533050761E-14,1.,0.));
#3615=DIRECTION('',(-1.13918533050761E-14,1.,0.));
#3616=DIRECTION('center_axis',(0.,0.,1.));
#3617=DIRECTION('ref_axis',(-1.,0.,0.));
#3618=DIRECTION('center_axis',(0.,0.,1.));
#3619=DIRECTION('ref_axis',(-1.,0.,0.));
#3620=DIRECTION('',(0.,0.,1.));
#3621=DIRECTION('',(1.,0.,0.));
#3622=DIRECTION('',(0.,0.,1.));
#3623=DIRECTION('',(1.,0.,0.));
#3624=DIRECTION('',(0.,0.,1.));
#3625=DIRECTION('',(1.,0.,0.));
#3626=CARTESIAN_POINT('',(0.,0.,0.));
#3627=CARTESIAN_POINT('',(0.,0.,0.));
#3628=CARTESIAN_POINT('',(0.,0.,0.));
#3629=CARTESIAN_POINT('Origin',(17.,27.600000000003,4.));
#3630=CARTESIAN_POINT('',(17.,26.500000000003,4.));
#3631=CARTESIAN_POINT('',(17.,27.600000000003,4.));
#3632=CARTESIAN_POINT('',(17.,26.500000000003,4.));
#3633=CARTESIAN_POINT('',(21.5,27.600000000003,4.));
#3634=CARTESIAN_POINT('',(17.,27.600000000003,4.));
#3635=CARTESIAN_POINT('',(21.5,26.500000000003,4.));
#3636=CARTESIAN_POINT('',(21.5,26.500000000003,4.));
#3637=CARTESIAN_POINT('',(-15.0000000977491,26.5000000000019,4.));
#3638=CARTESIAN_POINT('Origin',(17.,27.600000000003,2.));
#3639=CARTESIAN_POINT('',(17.,27.600000000003,2.));
#3640=CARTESIAN_POINT('',(17.,27.600000000003,4.));
#3641=CARTESIAN_POINT('',(21.5,27.600000000003,2.));
#3642=CARTESIAN_POINT('',(17.,27.600000000003,2.));
#3643=CARTESIAN_POINT('',(21.5,27.600000000003,4.));
#3644=CARTESIAN_POINT('Origin',(17.,26.500000000003,2.));
#3645=CARTESIAN_POINT('',(17.,26.500000000003,2.));
#3646=CARTESIAN_POINT('',(17.,27.600000000003,2.));
#3647=CARTESIAN_POINT('',(21.5,26.500000000003,2.));
#3648=CARTESIAN_POINT('',(-15.0000000977491,26.5000000000019,2.));
#3649=CARTESIAN_POINT('',(21.5,27.600000000003,2.));
#3650=CARTESIAN_POINT('Origin',(17.,27.050000000003,3.));
#3651=CARTESIAN_POINT('',(17.,26.5000000000008,1.5));
#3652=CARTESIAN_POINT('Origin',(21.5,27.050000000003,3.));
#3653=CARTESIAN_POINT('',(21.5,26.5000000000006,1.5));
#3654=CARTESIAN_POINT('Origin',(0.,-26.5,4.));
#3655=CARTESIAN_POINT('',(6.11999999999997,-26.5,4.));
#3656=CARTESIAN_POINT('',(6.12000000000001,-27.6,4.));
#3657=CARTESIAN_POINT('',(6.11999999999997,-26.499999999999,4.));
#3658=CARTESIAN_POINT('',(9.,-26.5,4.));
#3659=CARTESIAN_POINT('',(23.5000000977489,-26.4999999999977,4.));
#3660=CARTESIAN_POINT('',(9.,-27.6,4.));
#3661=CARTESIAN_POINT('',(9.,-26.5,4.));
#3662=CARTESIAN_POINT('',(0.,-27.6,4.));
#3663=CARTESIAN_POINT('Origin',(0.,-26.5,4.));
#3664=CARTESIAN_POINT('',(-6.12,-27.6,4.));
#3665=CARTESIAN_POINT('',(-6.12000000000004,-26.4999999999987,4.));
#3666=CARTESIAN_POINT('',(-6.12,-27.4999999999994,4.));
#3667=CARTESIAN_POINT('',(-9.,-27.6,4.));
#3668=CARTESIAN_POINT('',(0.,-27.6,4.));
#3669=CARTESIAN_POINT('',(-9.,-26.5,4.));
#3670=CARTESIAN_POINT('',(-9.,-26.5,4.));
#3671=CARTESIAN_POINT('',(-3.06000000000002,-26.4999999999986,4.));
#3672=CARTESIAN_POINT('Origin',(0.,-27.6,4.));
#3673=CARTESIAN_POINT('',(6.12000000000001,-27.6,2.));
#3674=CARTESIAN_POINT('',(6.12000000000001,-27.6,2.));
#3675=CARTESIAN_POINT('',(9.,-27.6,2.));
#3676=CARTESIAN_POINT('',(9.,-27.6,4.));
#3677=CARTESIAN_POINT('',(0.,-27.6,2.));
#3678=CARTESIAN_POINT('Origin',(0.,-27.6,4.));
#3679=CARTESIAN_POINT('',(-6.12,-27.6,2.));
#3680=CARTESIAN_POINT('',(-6.12,-27.6,2.));
#3681=CARTESIAN_POINT('',(-9.,-27.6,2.));
#3682=CARTESIAN_POINT('',(0.,-27.6,2.));
#3683=CARTESIAN_POINT('',(-9.,-27.6,4.));
#3684=CARTESIAN_POINT('Origin',(0.,-27.6,2.));
#3685=CARTESIAN_POINT('',(6.11999999999997,-26.5,2.));
#3686=CARTESIAN_POINT('',(6.11999999999999,-27.049999999999,2.));
#3687=CARTESIAN_POINT('',(9.,-26.5,2.));
#3688=CARTESIAN_POINT('',(9.,-27.6,2.));
#3689=CARTESIAN_POINT('',(23.5000000977489,-26.4999999999977,2.));
#3690=CARTESIAN_POINT('Origin',(-9.,-27.05,3.));
#3691=CARTESIAN_POINT('',(-9.,-26.5,2.));
#3692=CARTESIAN_POINT('',(-9.,-26.4999999999988,1.5));
#3693=CARTESIAN_POINT('',(-9.,-27.6,2.));
#3694=CARTESIAN_POINT('Origin',(0.,-27.6,2.));
#3695=CARTESIAN_POINT('',(-6.12000000000004,-26.4999999999987,2.));
#3696=CARTESIAN_POINT('',(-6.11999999999998,-28.0499999999994,2.));
#3697=CARTESIAN_POINT('',(-3.06000000000004,-26.4999999999986,2.));
#3698=CARTESIAN_POINT('Origin',(9.,-27.05,3.));
#3699=CARTESIAN_POINT('',(9.,-26.4999999999982,1.5));
#3700=CARTESIAN_POINT('Origin',(-6.11999999999997,-28.4999999999986,0.));
#3701=CARTESIAN_POINT('',(-6.12000000000004,-26.4999999999987,5.));
#3702=CARTESIAN_POINT('',(-6.12000000000004,-26.4999999999987,0.));
#3703=CARTESIAN_POINT('',(-6.11999999999997,-28.4999999999986,5.));
#3704=CARTESIAN_POINT('',(-6.12000000000004,-26.4999999999987,5.));
#3705=CARTESIAN_POINT('',(-6.11999999999997,-28.4999999999986,0.));
#3706=CARTESIAN_POINT('',(-6.11999999999997,-28.4999999999986,0.));
#3707=CARTESIAN_POINT('',(-6.12000000000004,-26.4999999999987,0.));
#3708=CARTESIAN_POINT('',(-6.12000000000046,-14.2499999999993,0.));
#3709=CARTESIAN_POINT('',(-6.12000000000004,-26.4999999999987,0.));
#3710=CARTESIAN_POINT('Origin',(6.11999999999997,-26.4999999999983,0.));
#3711=CARTESIAN_POINT('',(6.11999999999997,-26.4999999999983,0.));
#3712=CARTESIAN_POINT('',(6.11999999999997,-26.4999999999983,0.));
#3713=CARTESIAN_POINT('',(6.12000000000004,-28.4999999999982,0.));
#3714=CARTESIAN_POINT('',(6.1199999999995,-13.249999999999,0.));
#3715=CARTESIAN_POINT('',(6.12000000000004,-28.4999999999982,5.));
#3716=CARTESIAN_POINT('',(6.12000000000004,-28.4999999999982,0.));
#3717=CARTESIAN_POINT('',(6.11999999999997,-26.4999999999983,5.));
#3718=CARTESIAN_POINT('',(6.11999999999997,-26.4999999999983,5.));
#3719=CARTESIAN_POINT('',(6.11999999999997,-26.4999999999983,0.));
#3720=CARTESIAN_POINT('Origin',(45.,21.,0.));
#3721=CARTESIAN_POINT('',(43.25,21.,4.5));
#3722=CARTESIAN_POINT('Origin',(45.,21.,4.5));
#3723=CARTESIAN_POINT('',(43.25,21.,0.));
#3724=CARTESIAN_POINT('',(43.25,21.,0.));
#3725=CARTESIAN_POINT('Origin',(45.,21.,0.));
#3726=CARTESIAN_POINT('Origin',(45.,21.,0.));
#3727=CARTESIAN_POINT('',(41.75,21.,4.5));
#3728=CARTESIAN_POINT('Origin',(45.,21.,4.5));
#3729=CARTESIAN_POINT('',(41.75,21.,0.));
#3730=CARTESIAN_POINT('',(41.75,21.,0.));
#3731=CARTESIAN_POINT('Origin',(45.,21.,0.));
#3732=CARTESIAN_POINT('Origin',(45.,21.,4.5));
#3733=CARTESIAN_POINT('Origin',(38.7499999999987,1.50102152929321E-12,0.));
#3734=CARTESIAN_POINT('',(47.0000001954978,-26.499999999997,0.));
#3735=CARTESIAN_POINT('',(42.8750000977487,-26.4999999999971,0.));
#3736=CARTESIAN_POINT('',(50.5,-23.,0.));
#3737=CARTESIAN_POINT('Origin',(46.999998827013,-22.99999882701,0.));
#3738=CARTESIAN_POINT('',(50.4999999999997,23.0000001954978,0.));
#3739=CARTESIAN_POINT('',(50.4999999999998,11.5000000977497,0.));
#3740=CARTESIAN_POINT('',(47.,26.4999999999998,0.));
#3741=CARTESIAN_POINT('Origin',(46.999998827013,22.999998827013,0.));
#3742=CARTESIAN_POINT('',(24.999999999999,26.5000000000005,0.));
#3743=CARTESIAN_POINT('',(-4.12500009774932,26.5000000000015,0.));
#3744=CARTESIAN_POINT('',(24.9999999999963,-25.9999999999986,0.));
#3745=CARTESIAN_POINT('',(24.9999999999991,28.5000000000006,0.));
#3746=CARTESIAN_POINT('',(-24.9999999999997,-25.9999999999986,0.));
#3747=CARTESIAN_POINT('',(47.0000013684833,-25.9999999999986,0.));
#3748=CARTESIAN_POINT('',(-25.0000000000009,26.5000000000022,0.));
#3749=CARTESIAN_POINT('',(-25.000000000001,28.5000000000022,0.));
#3750=CARTESIAN_POINT('',(-47.0000001954983,26.500000000003,0.));
#3751=CARTESIAN_POINT('',(-4.12500009774932,26.5000000000015,0.));
#3752=CARTESIAN_POINT('',(-50.5,23.,0.));
#3753=CARTESIAN_POINT('Origin',(-46.99999882701,22.999998827013,0.));
#3754=CARTESIAN_POINT('',(-50.5,-23.0000001954983,0.));
#3755=CARTESIAN_POINT('',(-50.5,-11.5000000977484,0.));
#3756=CARTESIAN_POINT('',(-47.,-26.5,0.));
#3757=CARTESIAN_POINT('Origin',(-46.99999882701,-22.99999882701,0.));
#3758=CARTESIAN_POINT('',(16.3149999999998,-26.499999999998,0.));
#3759=CARTESIAN_POINT('',(47.0000013684843,-28.4999999999967,0.));
#3760=CARTESIAN_POINT('',(-48.25,21.,0.));
#3761=CARTESIAN_POINT('Origin',(-45.,21.,0.));
#3762=CARTESIAN_POINT('',(-48.25,-21.,0.));
#3763=CARTESIAN_POINT('Origin',(-45.,-21.,0.));
#3764=CARTESIAN_POINT('',(41.75,-21.,0.));
#3765=CARTESIAN_POINT('Origin',(45.,-21.,0.));
#3766=CARTESIAN_POINT('Origin',(-45.,21.,0.));
#3767=CARTESIAN_POINT('',(-46.75,21.,4.5));
#3768=CARTESIAN_POINT('Origin',(-45.,21.,4.5));
#3769=CARTESIAN_POINT('',(-46.75,21.,0.));
#3770=CARTESIAN_POINT('',(-46.75,21.,0.));
#3771=CARTESIAN_POINT('Origin',(-45.,21.,0.));
#3772=CARTESIAN_POINT('Origin',(-45.,21.,0.));
#3773=CARTESIAN_POINT('',(-48.25,21.,4.5));
#3774=CARTESIAN_POINT('Origin',(-45.,21.,4.5));
#3775=CARTESIAN_POINT('',(-48.25,21.,0.));
#3776=CARTESIAN_POINT('Origin',(-45.,21.,4.5));
#3777=CARTESIAN_POINT('Origin',(38.7499999999987,1.50102152929321E-12,0.));
#3778=CARTESIAN_POINT('Origin',(45.,-21.,0.));
#3779=CARTESIAN_POINT('',(43.25,-21.,4.5));
#3780=CARTESIAN_POINT('Origin',(45.,-21.,4.5));
#3781=CARTESIAN_POINT('',(43.25,-21.,0.));
#3782=CARTESIAN_POINT('',(43.25,-21.,0.));
#3783=CARTESIAN_POINT('Origin',(45.,-21.,0.));
#3784=CARTESIAN_POINT('Origin',(45.,-21.,0.));
#3785=CARTESIAN_POINT('',(41.75,-21.,4.5));
#3786=CARTESIAN_POINT('Origin',(45.,-21.,4.5));
#3787=CARTESIAN_POINT('',(41.75,-21.,0.));
#3788=CARTESIAN_POINT('Origin',(45.,-21.,4.5));
#3789=CARTESIAN_POINT('Origin',(38.7499999999987,1.50102152929321E-12,0.));
#3790=CARTESIAN_POINT('Origin',(-45.,-21.,0.));
#3791=CARTESIAN_POINT('',(-46.75,-21.,4.5));
#3792=CARTESIAN_POINT('Origin',(-45.,-21.,4.5));
#3793=CARTESIAN_POINT('',(-46.75,-21.,0.));
#3794=CARTESIAN_POINT('',(-46.75,-21.,0.));
#3795=CARTESIAN_POINT('Origin',(-45.,-21.,0.));
#3796=CARTESIAN_POINT('Origin',(-45.,-21.,0.));
#3797=CARTESIAN_POINT('',(-48.25,-21.,4.5));
#3798=CARTESIAN_POINT('Origin',(-45.,-21.,4.5));
#3799=CARTESIAN_POINT('',(-48.25,-21.,0.));
#3800=CARTESIAN_POINT('Origin',(-45.,-21.,4.5));
#3801=CARTESIAN_POINT('Origin',(38.7499999999987,1.50102152929321E-12,0.));
#3802=CARTESIAN_POINT('Origin',(47.0000001954978,-26.499999999997,0.));
#3803=CARTESIAN_POINT('',(47.0000001954978,-26.499999999997,5.));
#3804=CARTESIAN_POINT('',(47.0000001954978,-26.499999999997,5.));
#3805=CARTESIAN_POINT('',(47.0000001954978,-26.499999999997,0.));
#3806=CARTESIAN_POINT('Origin',(46.999998827013,-22.99999882701,0.));
#3807=CARTESIAN_POINT('',(50.5,-23.,5.));
#3808=CARTESIAN_POINT('Origin',(46.999998827013,-22.99999882701,5.));
#3809=CARTESIAN_POINT('',(50.5,-23.,0.));
#3810=CARTESIAN_POINT('Origin',(50.4999999999997,23.0000001954978,0.));
#3811=CARTESIAN_POINT('',(50.4999999999997,23.0000001954978,5.));
#3812=CARTESIAN_POINT('',(50.4999999999997,23.0000001954978,5.));
#3813=CARTESIAN_POINT('',(50.4999999999997,23.0000001954978,0.));
#3814=CARTESIAN_POINT('Origin',(46.999998827013,22.999998827013,0.));
#3815=CARTESIAN_POINT('',(47.,26.4999999999998,5.));
#3816=CARTESIAN_POINT('Origin',(46.999998827013,22.999998827013,5.));
#3817=CARTESIAN_POINT('',(47.,26.4999999999998,0.));
#3818=CARTESIAN_POINT('Origin',(-47.0000001954983,26.500000000003,0.));
#3819=CARTESIAN_POINT('',(-47.0000001954983,26.500000000003,0.));
#3820=CARTESIAN_POINT('',(-47.0000001954983,26.500000000003,5.));
#3821=CARTESIAN_POINT('',(-47.0000001954983,26.500000000003,5.));
#3822=CARTESIAN_POINT('',(-47.0000001954983,26.500000000003,0.));
#3823=CARTESIAN_POINT('Origin',(-46.99999882701,22.999998827013,0.));
#3824=CARTESIAN_POINT('',(-50.5,23.,5.));
#3825=CARTESIAN_POINT('Origin',(-46.99999882701,22.999998827013,5.));
#3826=CARTESIAN_POINT('',(-50.5,23.,0.));
#3827=CARTESIAN_POINT('Origin',(-50.5,-23.0000001954983,0.));
#3828=CARTESIAN_POINT('',(-50.5,-23.0000001954983,5.));
#3829=CARTESIAN_POINT('',(-50.5,-23.0000001954983,5.));
#3830=CARTESIAN_POINT('',(-50.5,-23.0000001954983,0.));
#3831=CARTESIAN_POINT('Origin',(-46.99999882701,-22.99999882701,0.));
#3832=CARTESIAN_POINT('',(-47.,-26.5,5.));
#3833=CARTESIAN_POINT('Origin',(-46.99999882701,-22.99999882701,5.));
#3834=CARTESIAN_POINT('',(-47.,-26.5,0.));
#3835=CARTESIAN_POINT('Origin',(-6.12000000000004,-26.4999999999987,0.));
#3836=CARTESIAN_POINT('',(47.0000001954978,-26.499999999997,5.));
#3837=CARTESIAN_POINT('Origin',(-8.88178419700125E-15,1.31450406115619E-12,
0.));
#3838=CARTESIAN_POINT('',(24.9999999999991,28.5000000000006,0.));
#3839=CARTESIAN_POINT('',(24.9999999999991,28.5000000000006,0.));
#3840=CARTESIAN_POINT('',(-25.000000000001,28.5000000000022,0.));
#3841=CARTESIAN_POINT('',(-25.000000000001,28.5000000000022,0.));
#3842=CARTESIAN_POINT('',(-47.0000013684878,28.5000000000012,0.));
#3843=CARTESIAN_POINT('Origin',(-8.88178419700125E-15,1.31450406115619E-12,
5.));
#3844=CARTESIAN_POINT('',(47.0000013684843,-28.4999999999967,5.));
#3845=CARTESIAN_POINT('',(47.0000013684843,-28.4999999999967,5.));
#3846=CARTESIAN_POINT('',(52.5000000000001,-23.,5.));
#3847=CARTESIAN_POINT('Origin',(46.999998827013,-22.99999882701,5.));
#3848=CARTESIAN_POINT('',(52.4999999999996,23.0000013684843,5.));
#3849=CARTESIAN_POINT('',(52.4999999999996,23.0000013684843,5.));
#3850=CARTESIAN_POINT('',(47.0000000000001,28.4999999999983,5.));
#3851=CARTESIAN_POINT('Origin',(46.999998827013,22.999998827013,5.));
#3852=CARTESIAN_POINT('',(-47.0000013684878,28.5000000000027,5.));
#3853=CARTESIAN_POINT('',(-47.0000013684878,28.5000000000012,5.));
#3854=CARTESIAN_POINT('',(-52.5000000000001,23.,5.));
#3855=CARTESIAN_POINT('Origin',(-46.99999882701,22.999998827013,5.));
#3856=CARTESIAN_POINT('',(-52.4999999999998,-23.0000013684878,5.));
#3857=CARTESIAN_POINT('',(-52.4999999999998,-23.0000013684878,5.));
#3858=CARTESIAN_POINT('',(-46.9999999999999,-28.5,5.));
#3859=CARTESIAN_POINT('Origin',(-46.99999882701,-22.99999882701,5.));
#3860=CARTESIAN_POINT('',(47.0000013684843,-28.4999999999967,5.));
#3861=CARTESIAN_POINT('Origin',(38.7499999999987,1.50102152929321E-12,0.));
#3862=CARTESIAN_POINT('Origin',(-1.68753899743024E-12,-25.9999999999986,
-4.25));
#3863=CARTESIAN_POINT('',(-24.9999999999997,-25.9999999999986,-2.5));
#3864=CARTESIAN_POINT('',(-24.9999999999988,-25.9999999999986,-2.125));
#3865=CARTESIAN_POINT('',(24.9999999999963,-25.9999999999986,-2.5));
#3866=CARTESIAN_POINT('',(24.9999999999974,-25.9999999999986,-2.125));
#3867=CARTESIAN_POINT('',(18.9999999999989,-25.9999999999986,-8.5));
#3868=CARTESIAN_POINT('',(14.312499999998,-25.9999999999986,-13.1875000000006));
#3869=CARTESIAN_POINT('',(-18.9999999999997,-25.9999999999986,-8.5));
#3870=CARTESIAN_POINT('',(-9.64783808399261E-13,-25.9999999999986,-8.5));
#3871=CARTESIAN_POINT('',(-14.3124999999995,-25.9999999999986,-13.1874999999993));
#3872=CARTESIAN_POINT('Origin',(-2.42028619368284E-13,2.12341824123996E-7,
-8.5));
#3873=CARTESIAN_POINT('',(18.9999999999975,28.5000000000008,-8.5));
#3874=CARTESIAN_POINT('',(18.9999999999993,-14.2499998938276,-8.5));
#3875=CARTESIAN_POINT('',(-19.000000000001,28.500000000002,-8.5));
#3876=CARTESIAN_POINT('',(24.9999999999991,28.5000000000006,-8.5));
#3877=CARTESIAN_POINT('',(-18.9999999999993,-14.2499998938292,-8.5));
#3878=CARTESIAN_POINT('Origin',(-19.9999999999998,28.500000000002,-10.5));
#3879=CARTESIAN_POINT('',(-19.9999999999998,28.500000000002,-10.5));
#3880=CARTESIAN_POINT('',(-19.9999999999998,-28.4999999999994,-10.5));
#3881=CARTESIAN_POINT('',(-19.9999999999998,28.5000004246831,-10.5));
#3882=CARTESIAN_POINT('',(-27.999999999999,-28.4999999999994,-2.5));
#3883=CARTESIAN_POINT('',(-19.9999999999998,-28.4999999999994,-10.5));
#3884=CARTESIAN_POINT('',(-28.000000000001,28.5000000000006,-2.5));
#3885=CARTESIAN_POINT('',(-28.0000000000005,14.2500000000017,-2.5));
#3886=CARTESIAN_POINT('',(-19.9999999999998,28.500000000002,-10.5));
#3887=CARTESIAN_POINT('Origin',(-16.9999999999987,-28.4999999999993,-10.5));
#3888=CARTESIAN_POINT('',(-25.000000000001,28.5000000000022,-2.5));
#3889=CARTESIAN_POINT('',(-17.000000000001,28.5000000000019,-10.5));
#3890=CARTESIAN_POINT('',(-25.000000000001,28.5000000000022,-2.5));
#3891=CARTESIAN_POINT('Origin',(-38.7499999999994,1.31450406115619E-12,
-2.5));
#3892=CARTESIAN_POINT('',(-46.9999999999999,-28.5,-2.5));
#3893=CARTESIAN_POINT('',(47.0000013684843,-28.4999999999967,-2.5));
#3894=CARTESIAN_POINT('',(-52.4999999999998,-23.0000013684878,-2.5));
#3895=CARTESIAN_POINT('Origin',(-46.99999882701,-22.99999882701,-2.5));
#3896=CARTESIAN_POINT('',(-52.5000000000001,23.,-2.5));
#3897=CARTESIAN_POINT('',(-52.4999999999998,-23.0000013684878,-2.5));
#3898=CARTESIAN_POINT('',(-47.0000013684878,28.5000000000027,-2.5));
#3899=CARTESIAN_POINT('Origin',(-46.99999882701,22.999998827013,-2.5));
#3900=CARTESIAN_POINT('',(-47.0000013684878,28.5000000000012,-2.5));
#3901=CARTESIAN_POINT('Origin',(-46.99999882701,22.999998827013,0.));
#3902=CARTESIAN_POINT('',(-47.0000013684878,28.5000000000027,0.));
#3903=CARTESIAN_POINT('',(-52.5000000000001,23.,0.));
#3904=CARTESIAN_POINT('Origin',(-52.4999999999998,-23.0000013684878,0.));
#3905=CARTESIAN_POINT('',(-52.4999999999998,-23.0000013684878,0.));
#3906=CARTESIAN_POINT('Origin',(-46.99999882701,-22.99999882701,0.));
#3907=CARTESIAN_POINT('',(-46.9999999999999,-28.5,0.));
#3908=CARTESIAN_POINT('Origin',(-25.000000000001,28.5000000000022,0.));
#3909=CARTESIAN_POINT('',(-25.000000000001,28.5000000000022,0.));
#3910=CARTESIAN_POINT('Origin',(16.9999999999994,-28.4999999999979,-10.5));
#3911=CARTESIAN_POINT('',(24.9999999999991,28.5000000000006,-2.5));
#3912=CARTESIAN_POINT('',(24.9999999999991,28.5000000000006,-2.5));
#3913=CARTESIAN_POINT('',(16.999999999997,28.5000000000008,-10.5));
#3914=CARTESIAN_POINT('Origin',(47.0000013684843,-28.4999999999967,0.));
#3915=CARTESIAN_POINT('',(19.9999999999994,-28.4999999999978,-10.5));
#3916=CARTESIAN_POINT('',(24.9999999999973,-28.4999999999976,-10.5));
#3917=CARTESIAN_POINT('',(28.000000000001,-28.4999999999975,-2.5));
#3918=CARTESIAN_POINT('',(19.9999999999994,-28.4999999999978,-10.5));
#3919=CARTESIAN_POINT('',(47.0000013684843,-28.4999999999967,-2.5));
#3920=CARTESIAN_POINT('',(47.0000013684843,-28.4999999999967,-2.5));
#3921=CARTESIAN_POINT('',(47.0000013684843,-28.4999999999967,0.));
#3922=CARTESIAN_POINT('Origin',(18.4999999999982,1.46840872794485E-12,-10.5));
#3923=CARTESIAN_POINT('',(19.999999999997,28.5000000000008,-10.5));
#3924=CARTESIAN_POINT('',(19.999999999997,28.5000000000008,-10.5));
#3925=CARTESIAN_POINT('',(24.9999999999991,28.5000000000006,-10.5));
#3926=CARTESIAN_POINT('Origin',(19.999999999997,28.5000000000008,-10.5));
#3927=CARTESIAN_POINT('',(27.999999999999,28.5000000000003,-2.5));
#3928=CARTESIAN_POINT('',(19.999999999997,28.5000000000008,-10.5));
#3929=CARTESIAN_POINT('',(27.9999999999995,14.2500000000011,-2.5));
#3930=CARTESIAN_POINT('Origin',(38.7499999999987,1.50102152929321E-12,-2.5));
#3931=CARTESIAN_POINT('',(47.0000000000001,28.4999999999983,-2.5));
#3932=CARTESIAN_POINT('',(-47.0000013684878,28.5000000000012,-2.5));
#3933=CARTESIAN_POINT('',(52.4999999999996,23.0000013684843,-2.5));
#3934=CARTESIAN_POINT('Origin',(46.999998827013,22.999998827013,-2.5));
#3935=CARTESIAN_POINT('',(52.5000000000001,-23.,-2.5));
#3936=CARTESIAN_POINT('',(52.4999999999996,23.0000013684843,-2.5));
#3937=CARTESIAN_POINT('Origin',(46.999998827013,-22.99999882701,-2.5));
#3938=CARTESIAN_POINT('Origin',(24.9999999999991,28.499999999999,0.));
#3939=CARTESIAN_POINT('',(47.0000000000001,28.4999999999983,0.));
#3940=CARTESIAN_POINT('',(24.9999999999991,28.5000000000006,0.));
#3941=CARTESIAN_POINT('Origin',(24.9999999999973,-28.4999999999976,0.));
#3942=CARTESIAN_POINT('Origin',(46.999998827013,-22.99999882701,0.));
#3943=CARTESIAN_POINT('',(52.5000000000001,-23.,0.));
#3944=CARTESIAN_POINT('Origin',(52.4999999999996,23.0000013684843,0.));
#3945=CARTESIAN_POINT('',(52.4999999999996,23.0000013684843,0.));
#3946=CARTESIAN_POINT('Origin',(46.999998827013,22.999998827013,0.));
#3947=CARTESIAN_POINT('',(0.,0.,0.));
#3948=CARTESIAN_POINT('Origin',(45.,21.,5.));
#3949=CARTESIAN_POINT('',(46.5,21.,1.1));
#3950=CARTESIAN_POINT('Origin',(45.,21.,1.1));
#3951=CARTESIAN_POINT('',(46.5,21.,5.));
#3952=CARTESIAN_POINT('',(46.5,21.,5.));
#3953=CARTESIAN_POINT('Origin',(45.,21.,5.));
#3954=CARTESIAN_POINT('Origin',(45.,21.,1.1));
#3955=CARTESIAN_POINT('Origin',(-45.,-21.,5.));
#3956=CARTESIAN_POINT('',(-43.5,-21.,1.1));
#3957=CARTESIAN_POINT('Origin',(-45.,-21.,1.1));
#3958=CARTESIAN_POINT('',(-43.5,-21.,5.));
#3959=CARTESIAN_POINT('',(-43.5,-21.,5.));
#3960=CARTESIAN_POINT('Origin',(-45.,-21.,5.));
#3961=CARTESIAN_POINT('Origin',(-45.,-21.,1.1));
#3962=CARTESIAN_POINT('Origin',(45.,-21.,5.));
#3963=CARTESIAN_POINT('',(46.5,-21.,1.1));
#3964=CARTESIAN_POINT('Origin',(45.,-21.,1.1));
#3965=CARTESIAN_POINT('',(46.5,-21.,5.));
#3966=CARTESIAN_POINT('',(46.5,-21.,5.));
#3967=CARTESIAN_POINT('Origin',(45.,-21.,5.));
#3968=CARTESIAN_POINT('Origin',(45.,-21.,1.1));
#3969=CARTESIAN_POINT('Origin',(-45.,21.,5.));
#3970=CARTESIAN_POINT('',(-43.5,21.,1.1));
#3971=CARTESIAN_POINT('Origin',(-45.,21.,1.1));
#3972=CARTESIAN_POINT('',(-43.5,21.,5.));
#3973=CARTESIAN_POINT('',(-43.5,21.,5.));
#3974=CARTESIAN_POINT('Origin',(-45.,21.,5.));
#3975=CARTESIAN_POINT('Origin',(-45.,21.,1.1));
#3976=CARTESIAN_POINT('Origin',(-8.12,-26.1639740829017,3.55812213089727));
#3977=CARTESIAN_POINT('',(-8.12,-25.25,5.));
#3978=CARTESIAN_POINT('',(-8.12,-26.25,5.));
#3979=CARTESIAN_POINT('',(-8.12,-13.0819870414506,5.));
#3980=CARTESIAN_POINT('',(-8.12,-25.25,2.21624415003582));
#3981=CARTESIAN_POINT('',(-8.12,-25.25,5.00000011175871));
#3982=CARTESIAN_POINT('',(-8.12,-25.4147648395378,2.14005021615885));
#3983=CARTESIAN_POINT('Origin',(-8.12,-25.35,2.21624415003582));
#3984=CARTESIAN_POINT('',(-8.12,-27.0427130053411,3.52380606612303));
#3985=CARTESIAN_POINT('',(-8.12,-27.0427130053411,3.52380606612303));
#3986=CARTESIAN_POINT('',(-8.12,-26.9779481658034,3.7));
#3987=CARTESIAN_POINT('Origin',(-8.12,-26.9779481658034,3.6));
#3988=CARTESIAN_POINT('',(-8.12,-26.25,3.7));
#3989=CARTESIAN_POINT('',(-8.12,-26.25,3.7));
#3990=CARTESIAN_POINT('',(-8.12,-26.25,5.));
#3991=CARTESIAN_POINT('Origin',(-6.12,-25.25,2.21624415003582));
#3992=CARTESIAN_POINT('',(-5.12,-25.25,5.));
#3993=CARTESIAN_POINT('',(-3.05999999999998,-25.25,5.));
#3994=CARTESIAN_POINT('',(-5.12,-25.25,2.21624415003582));
#3995=CARTESIAN_POINT('',(-5.12,-25.25,5.00000011175871));
#3996=CARTESIAN_POINT('',(-6.12,-25.25,2.21624415003582));
#3997=CARTESIAN_POINT('Origin',(-6.12,-25.35,2.21624415003582));
#3998=CARTESIAN_POINT('',(-5.12,-25.4147648395378,2.14005021615885));
#3999=CARTESIAN_POINT('Origin',(-5.12,-25.35,2.21624415003582));
#4000=CARTESIAN_POINT('',(-6.12,-25.4147648395378,2.14005021615885));
#4001=CARTESIAN_POINT('Origin',(-6.12,-27.0427130053411,3.52380606612303));
#4002=CARTESIAN_POINT('',(-5.12,-27.0427130053411,3.52380606612303));
#4003=CARTESIAN_POINT('',(-5.12,-27.0427130053411,3.52380606612303));
#4004=CARTESIAN_POINT('',(-6.12,-27.0427130053411,3.52380606612303));
#4005=CARTESIAN_POINT('Origin',(-6.12,-26.9779481658034,3.6));
#4006=CARTESIAN_POINT('',(-5.12,-26.9779481658034,3.7));
#4007=CARTESIAN_POINT('Origin',(-5.12,-26.9779481658034,3.6));
#4008=CARTESIAN_POINT('',(-6.12,-26.9779481658034,3.7));
#4009=CARTESIAN_POINT('Origin',(-6.12,-26.25,3.7));
#4010=CARTESIAN_POINT('',(-5.12,-26.25,3.7));
#4011=CARTESIAN_POINT('',(-5.12,-26.25,3.7));
#4012=CARTESIAN_POINT('',(-6.12,-26.25,3.7));
#4013=CARTESIAN_POINT('Origin',(-6.12,-26.25,5.));
#4014=CARTESIAN_POINT('',(-5.12,-26.25,5.));
#4015=CARTESIAN_POINT('',(-5.12,-26.25,5.));
#4016=CARTESIAN_POINT('',(-3.05999999999998,-26.25,5.));
#4017=CARTESIAN_POINT('Origin',(-5.12,-26.1639740829017,3.55812213089727));
#4018=CARTESIAN_POINT('',(-5.12,-13.0819870414506,5.));
#4019=CARTESIAN_POINT('Origin',(17.25,26.1587690837256,3.55480587073085));
#4020=CARTESIAN_POINT('',(17.25,27.0175381674483,3.69999991729856));
#4021=CARTESIAN_POINT('',(17.25,26.200000000003,3.69999991729856));
#4022=CARTESIAN_POINT('',(17.25,26.588153625587,3.69999991729856));
#4023=CARTESIAN_POINT('',(17.25,27.0804579909648,3.52227543075375));
#4024=CARTESIAN_POINT('Origin',(17.25,27.0175381674483,3.59999991729855));
#4025=CARTESIAN_POINT('',(17.25,25.3629198235194,2.1318873666756));
#4026=CARTESIAN_POINT('',(17.25,25.9512427185583,2.60814876603802));
#4027=CARTESIAN_POINT('',(17.25,25.200000000003,2.2096118532204));
#4028=CARTESIAN_POINT('Origin',(17.25,25.300000000003,2.2096118532204));
#4029=CARTESIAN_POINT('',(17.25,25.200000000003,4.99999988824129));
#4030=CARTESIAN_POINT('',(17.25,25.200000000003,4.27740287948607));
#4031=CARTESIAN_POINT('',(17.25,26.200000000003,4.99999988824129));
#4032=CARTESIAN_POINT('',(17.25,26.200000000003,4.99999988824129));
#4033=CARTESIAN_POINT('',(17.25,26.200000000003,3.6274028940147));
#4034=CARTESIAN_POINT('Origin',(17.,25.300000000003,2.2096118532204));
#4035=CARTESIAN_POINT('',(20.5,25.3629198235194,2.1318873666756));
#4036=CARTESIAN_POINT('',(17.,25.3629198235194,2.1318873666756));
#4037=CARTESIAN_POINT('',(20.5,25.200000000003,2.2096118532204));
#4038=CARTESIAN_POINT('Origin',(20.5,25.300000000003,2.2096118532204));
#4039=CARTESIAN_POINT('',(17.,25.200000000003,2.2096118532204));
#4040=CARTESIAN_POINT('Origin',(17.,25.3629198235194,2.1318873666756));
#4041=CARTESIAN_POINT('',(20.5,27.0804579909648,3.52227543075375));
#4042=CARTESIAN_POINT('',(17.,27.0804579909648,3.52227543075375));
#4043=CARTESIAN_POINT('',(20.5,27.0804579909648,3.52227543075375));
#4044=CARTESIAN_POINT('Origin',(17.,27.0175381674483,3.59999991729855));
#4045=CARTESIAN_POINT('',(20.5,27.0175381674483,3.69999991729856));
#4046=CARTESIAN_POINT('',(17.,27.0175381674483,3.69999991729856));
#4047=CARTESIAN_POINT('Origin',(20.5,27.0175381674483,3.59999991729855));
#4048=CARTESIAN_POINT('Origin',(17.,27.0175381674483,3.69999991729856));
#4049=CARTESIAN_POINT('',(20.5,26.200000000003,3.69999991729856));
#4050=CARTESIAN_POINT('',(17.,26.200000000003,3.69999991729856));
#4051=CARTESIAN_POINT('',(20.5,26.200000000003,3.69999991729856));
#4052=CARTESIAN_POINT('Origin',(17.,25.200000000003,4.99999988824129));
#4053=CARTESIAN_POINT('',(20.5,25.200000000003,4.99999988824129));
#4054=CARTESIAN_POINT('',(20.5,25.200000000003,4.99999988824129));
#4055=CARTESIAN_POINT('',(8.50000000000002,25.200000000003,5.));
#4056=CARTESIAN_POINT('Origin',(17.,26.200000000003,3.69999991729856));
#4057=CARTESIAN_POINT('',(20.5,26.200000000003,4.99999988824129));
#4058=CARTESIAN_POINT('',(8.50000000000002,26.200000000003,5.));
#4059=CARTESIAN_POINT('',(20.5,26.200000000003,4.99999988824129));
#4060=CARTESIAN_POINT('Origin',(20.5,26.1587690837256,3.5548059266102));
#4061=CARTESIAN_POINT('',(20.5,13.0793845418631,5.));
#4062=CARTESIAN_POINT('Origin',(37.25,9.375,7.));
#4063=CARTESIAN_POINT('',(29.25,9.375,5.));
#4064=CARTESIAN_POINT('',(37.25,9.375,5.));
#4065=CARTESIAN_POINT('',(18.625,9.375,5.));
#4066=CARTESIAN_POINT('',(29.25,9.375,7.));
#4067=CARTESIAN_POINT('',(29.25,9.375,7.));
#4068=CARTESIAN_POINT('',(37.25,9.375,7.));
#4069=CARTESIAN_POINT('',(18.625,9.375,7.));
#4070=CARTESIAN_POINT('',(37.25,9.375,7.));
#4071=CARTESIAN_POINT('Origin',(37.25,17.375,7.));
#4072=CARTESIAN_POINT('',(37.25,17.375,5.));
#4073=CARTESIAN_POINT('',(37.25,8.68750000000024,5.));
#4074=CARTESIAN_POINT('',(37.25,17.375,7.));
#4075=CARTESIAN_POINT('',(37.25,8.68750000000024,7.));
#4076=CARTESIAN_POINT('',(37.25,17.375,7.));
#4077=CARTESIAN_POINT('Origin',(29.25,17.375,7.));
#4078=CARTESIAN_POINT('',(29.25,17.375,5.));
#4079=CARTESIAN_POINT('',(14.625,17.375,5.));
#4080=CARTESIAN_POINT('',(29.25,17.375,7.));
#4081=CARTESIAN_POINT('',(14.625,17.375,7.));
#4082=CARTESIAN_POINT('',(29.25,17.375,7.));
#4083=CARTESIAN_POINT('Origin',(29.25,9.375,7.));
#4084=CARTESIAN_POINT('',(29.25,4.68750000000023,5.));
#4085=CARTESIAN_POINT('',(29.25,4.68750000000023,7.));
#4086=CARTESIAN_POINT('Origin',(18.25,21.25,7.));
#4087=CARTESIAN_POINT('',(26.25,21.25,5.));
#4088=CARTESIAN_POINT('',(18.25,21.25,5.));
#4089=CARTESIAN_POINT('',(9.12500000000002,21.25,5.));
#4090=CARTESIAN_POINT('',(26.25,21.25,7.));
#4091=CARTESIAN_POINT('',(26.25,21.25,7.));
#4092=CARTESIAN_POINT('',(18.25,21.25,7.));
#4093=CARTESIAN_POINT('',(9.12500000000002,21.25,7.));
#4094=CARTESIAN_POINT('',(18.25,21.25,7.));
#4095=CARTESIAN_POINT('Origin',(18.25,13.25,7.));
#4096=CARTESIAN_POINT('',(18.25,13.25,5.));
#4097=CARTESIAN_POINT('',(18.25,6.62500000000023,5.));
#4098=CARTESIAN_POINT('',(18.25,13.25,7.));
#4099=CARTESIAN_POINT('',(18.25,6.62500000000023,7.));
#4100=CARTESIAN_POINT('',(18.25,13.25,7.));
#4101=CARTESIAN_POINT('Origin',(26.25,13.25,7.));
#4102=CARTESIAN_POINT('',(26.25,13.25,5.));
#4103=CARTESIAN_POINT('',(13.125,13.25,5.));
#4104=CARTESIAN_POINT('',(26.25,13.25,7.));
#4105=CARTESIAN_POINT('',(13.125,13.25,7.));
#4106=CARTESIAN_POINT('',(26.25,13.25,7.));
#4107=CARTESIAN_POINT('Origin',(26.25,21.25,7.));
#4108=CARTESIAN_POINT('',(26.25,10.6250000000002,5.));
#4109=CARTESIAN_POINT('',(26.25,10.6250000000002,7.));
#4110=CARTESIAN_POINT('Origin',(-29.25,-10.625,7.));
#4111=CARTESIAN_POINT('',(-37.25,-10.625,5.));
#4112=CARTESIAN_POINT('',(-29.25,-10.625,5.));
#4113=CARTESIAN_POINT('',(-14.625,-10.625,5.));
#4114=CARTESIAN_POINT('',(-37.25,-10.625,7.));
#4115=CARTESIAN_POINT('',(-37.25,-10.625,7.));
#4116=CARTESIAN_POINT('',(-29.25,-10.625,7.));
#4117=CARTESIAN_POINT('',(-14.625,-10.625,7.));
#4118=CARTESIAN_POINT('',(-29.25,-10.625,7.));
#4119=CARTESIAN_POINT('Origin',(-29.25,-2.625,7.));
#4120=CARTESIAN_POINT('',(-29.25,-2.625,5.));
#4121=CARTESIAN_POINT('',(-29.25,-1.31249999999976,5.));
#4122=CARTESIAN_POINT('',(-29.25,-2.625,7.));
#4123=CARTESIAN_POINT('',(-29.25,-1.31249999999976,7.));
#4124=CARTESIAN_POINT('',(-29.25,-2.625,7.));
#4125=CARTESIAN_POINT('Origin',(-37.25,-2.625,7.));
#4126=CARTESIAN_POINT('',(-37.25,-2.625,5.));
#4127=CARTESIAN_POINT('',(-18.625,-2.625,5.));
#4128=CARTESIAN_POINT('',(-37.25,-2.625,7.));
#4129=CARTESIAN_POINT('',(-18.625,-2.625,7.));
#4130=CARTESIAN_POINT('',(-37.25,-2.625,7.));
#4131=CARTESIAN_POINT('Origin',(-37.25,-10.625,7.));
#4132=CARTESIAN_POINT('',(-37.25,-5.31249999999976,5.));
#4133=CARTESIAN_POINT('',(-37.25,-5.31249999999976,7.));
#4134=CARTESIAN_POINT('Origin',(26.75,-0.624999999999998,7.));
#4135=CARTESIAN_POINT('',(18.75,-0.624999999999998,5.));
#4136=CARTESIAN_POINT('',(26.75,-0.624999999999998,5.));
#4137=CARTESIAN_POINT('',(13.375,-0.624999999999998,5.));
#4138=CARTESIAN_POINT('',(18.75,-0.624999999999998,7.));
#4139=CARTESIAN_POINT('',(18.75,-0.624999999999998,7.));
#4140=CARTESIAN_POINT('',(26.75,-0.624999999999998,7.));
#4141=CARTESIAN_POINT('',(13.375,-0.624999999999998,7.));
#4142=CARTESIAN_POINT('',(26.75,-0.624999999999998,7.));
#4143=CARTESIAN_POINT('Origin',(26.75,7.375,7.));
#4144=CARTESIAN_POINT('',(26.75,7.375,5.));
#4145=CARTESIAN_POINT('',(26.75,3.68750000000024,5.));
#4146=CARTESIAN_POINT('',(26.75,7.375,7.));
#4147=CARTESIAN_POINT('',(26.75,3.68750000000024,7.));
#4148=CARTESIAN_POINT('',(26.75,7.375,7.));
#4149=CARTESIAN_POINT('Origin',(18.75,7.375,7.));
#4150=CARTESIAN_POINT('',(18.75,7.375,5.));
#4151=CARTESIAN_POINT('',(9.37500000000002,7.375,5.));
#4152=CARTESIAN_POINT('',(18.75,7.375,7.));
#4153=CARTESIAN_POINT('',(9.37500000000002,7.375,7.));
#4154=CARTESIAN_POINT('',(18.75,7.375,7.));
#4155=CARTESIAN_POINT('Origin',(18.75,-0.624999999999998,7.));
#4156=CARTESIAN_POINT('',(18.75,-0.312499999999764,5.));
#4157=CARTESIAN_POINT('',(18.75,-0.312499999999764,7.));
#4158=CARTESIAN_POINT('Origin',(47.75,-0.550000000000002,7.));
#4159=CARTESIAN_POINT('',(39.75,-0.550000000000002,5.));
#4160=CARTESIAN_POINT('',(47.75,-0.550000000000002,5.));
#4161=CARTESIAN_POINT('',(23.875,-0.550000000000002,5.));
#4162=CARTESIAN_POINT('',(39.75,-0.550000000000002,7.));
#4163=CARTESIAN_POINT('',(39.75,-0.550000000000002,7.));
#4164=CARTESIAN_POINT('',(47.75,-0.550000000000002,7.));
#4165=CARTESIAN_POINT('',(23.875,-0.550000000000002,7.));
#4166=CARTESIAN_POINT('',(47.75,-0.550000000000002,7.));
#4167=CARTESIAN_POINT('Origin',(47.75,7.45,7.));
#4168=CARTESIAN_POINT('',(47.75,7.45,5.));
#4169=CARTESIAN_POINT('',(47.75,3.72500000000024,5.));
#4170=CARTESIAN_POINT('',(47.75,7.45,7.));
#4171=CARTESIAN_POINT('',(47.75,3.72500000000024,7.));
#4172=CARTESIAN_POINT('',(47.75,7.45,7.));
#4173=CARTESIAN_POINT('Origin',(39.75,7.45,7.));
#4174=CARTESIAN_POINT('',(39.75,7.45,5.));
#4175=CARTESIAN_POINT('',(19.875,7.45,5.));
#4176=CARTESIAN_POINT('',(39.75,7.45,7.));
#4177=CARTESIAN_POINT('',(19.875,7.45,7.));
#4178=CARTESIAN_POINT('',(39.75,7.45,7.));
#4179=CARTESIAN_POINT('Origin',(39.75,-0.550000000000002,7.));
#4180=CARTESIAN_POINT('',(39.75,-0.274999999999765,5.));
#4181=CARTESIAN_POINT('',(39.75,-0.274999999999765,7.));
#4182=CARTESIAN_POINT('Origin',(37.25,-10.625,7.));
#4183=CARTESIAN_POINT('',(29.25,-10.625,5.));
#4184=CARTESIAN_POINT('',(37.25,-10.625,5.));
#4185=CARTESIAN_POINT('',(18.625,-10.625,5.));
#4186=CARTESIAN_POINT('',(29.25,-10.625,7.));
#4187=CARTESIAN_POINT('',(29.25,-10.625,7.));
#4188=CARTESIAN_POINT('',(37.25,-10.625,7.));
#4189=CARTESIAN_POINT('',(18.625,-10.625,7.));
#4190=CARTESIAN_POINT('',(37.25,-10.625,7.));
#4191=CARTESIAN_POINT('Origin',(37.25,-2.625,7.));
#4192=CARTESIAN_POINT('',(37.25,-2.625,5.));
#4193=CARTESIAN_POINT('',(37.25,-1.31249999999976,5.));
#4194=CARTESIAN_POINT('',(37.25,-2.625,7.));
#4195=CARTESIAN_POINT('',(37.25,-1.31249999999976,7.));
#4196=CARTESIAN_POINT('',(37.25,-2.625,7.));
#4197=CARTESIAN_POINT('Origin',(29.25,-2.625,7.));
#4198=CARTESIAN_POINT('',(29.25,-2.625,5.));
#4199=CARTESIAN_POINT('',(14.625,-2.625,5.));
#4200=CARTESIAN_POINT('',(29.25,-2.625,7.));
#4201=CARTESIAN_POINT('',(14.625,-2.625,7.));
#4202=CARTESIAN_POINT('',(29.25,-2.625,7.));
#4203=CARTESIAN_POINT('Origin',(29.25,-10.625,7.));
#4204=CARTESIAN_POINT('',(29.25,-5.31249999999977,5.));
#4205=CARTESIAN_POINT('',(29.25,-5.31249999999977,7.));
#4206=CARTESIAN_POINT('Origin',(-37.25,9.375,7.));
#4207=CARTESIAN_POINT('',(-37.25,17.375,5.));
#4208=CARTESIAN_POINT('',(-37.25,9.375,5.));
#4209=CARTESIAN_POINT('',(-37.25,4.68750000000024,5.));
#4210=CARTESIAN_POINT('',(-37.25,17.375,7.));
#4211=CARTESIAN_POINT('',(-37.25,17.375,7.));
#4212=CARTESIAN_POINT('',(-37.25,9.375,7.));
#4213=CARTESIAN_POINT('',(-37.25,4.68750000000024,7.));
#4214=CARTESIAN_POINT('',(-37.25,9.375,7.));
#4215=CARTESIAN_POINT('Origin',(-29.25,9.375,7.));
#4216=CARTESIAN_POINT('',(-29.25,9.375,5.));
#4217=CARTESIAN_POINT('',(-14.625,9.375,5.));
#4218=CARTESIAN_POINT('',(-29.25,9.375,7.));
#4219=CARTESIAN_POINT('',(-14.625,9.375,7.));
#4220=CARTESIAN_POINT('',(-29.25,9.375,7.));
#4221=CARTESIAN_POINT('Origin',(-29.25,17.375,7.));
#4222=CARTESIAN_POINT('',(-29.25,17.375,5.));
#4223=CARTESIAN_POINT('',(-29.25,8.68750000000024,5.));
#4224=CARTESIAN_POINT('',(-29.25,17.375,7.));
#4225=CARTESIAN_POINT('',(-29.25,8.68750000000024,7.));
#4226=CARTESIAN_POINT('',(-29.25,17.375,7.));
#4227=CARTESIAN_POINT('Origin',(-37.25,17.375,7.));
#4228=CARTESIAN_POINT('',(-18.625,17.375,5.));
#4229=CARTESIAN_POINT('',(-18.625,17.375,7.));
#4230=CARTESIAN_POINT('Origin',(-18.75,7.375,7.));
#4231=CARTESIAN_POINT('',(-18.75,-0.625000000000001,5.));
#4232=CARTESIAN_POINT('',(-18.75,7.375,5.));
#4233=CARTESIAN_POINT('',(-18.75,3.68750000000024,5.));
#4234=CARTESIAN_POINT('',(-18.75,-0.625000000000001,7.));
#4235=CARTESIAN_POINT('',(-18.75,-0.625000000000001,7.));
#4236=CARTESIAN_POINT('',(-18.75,7.375,7.));
#4237=CARTESIAN_POINT('',(-18.75,3.68750000000024,7.));
#4238=CARTESIAN_POINT('',(-18.75,7.375,7.));
#4239=CARTESIAN_POINT('Origin',(-26.75,7.375,7.));
#4240=CARTESIAN_POINT('',(-26.75,7.375,5.));
#4241=CARTESIAN_POINT('',(-13.375,7.375,5.));
#4242=CARTESIAN_POINT('',(-26.75,7.375,7.));
#4243=CARTESIAN_POINT('',(-13.375,7.375,7.));
#4244=CARTESIAN_POINT('',(-26.75,7.375,7.));
#4245=CARTESIAN_POINT('Origin',(-26.75,-0.625000000000001,7.));
#4246=CARTESIAN_POINT('',(-26.75,-0.625000000000001,5.));
#4247=CARTESIAN_POINT('',(-26.75,-0.312499999999765,5.));
#4248=CARTESIAN_POINT('',(-26.75,-0.625000000000001,7.));
#4249=CARTESIAN_POINT('',(-26.75,-0.312499999999765,7.));
#4250=CARTESIAN_POINT('',(-26.75,-0.625000000000001,7.));
#4251=CARTESIAN_POINT('Origin',(-18.75,-0.625000000000001,7.));
#4252=CARTESIAN_POINT('',(-9.37499999999998,-0.625000000000001,5.));
#4253=CARTESIAN_POINT('',(-9.37499999999998,-0.625000000000001,7.));
#4254=CARTESIAN_POINT('Origin',(35.8500000000019,1.49999999999981,7.));
#4255=CARTESIAN_POINT('',(30.8500000000019,1.4999999999998,5.));
#4256=CARTESIAN_POINT('',(35.8500000000019,1.49999999999981,5.));
#4257=CARTESIAN_POINT('',(17.925000000001,1.4999999999998,5.));
#4258=CARTESIAN_POINT('',(30.8500000000019,1.4999999999998,7.));
#4259=CARTESIAN_POINT('',(30.8500000000019,1.4999999999998,7.));
#4260=CARTESIAN_POINT('',(35.8500000000019,1.49999999999981,7.));
#4261=CARTESIAN_POINT('',(17.925000000001,1.4999999999998,7.));
#4262=CARTESIAN_POINT('',(35.8500000000019,1.49999999999981,7.));
#4263=CARTESIAN_POINT('Origin',(35.8500000000019,6.4999999999998,7.));
#4264=CARTESIAN_POINT('',(35.8500000000019,6.4999999999998,5.));
#4265=CARTESIAN_POINT('',(35.8500000000019,3.25000000000014,5.));
#4266=CARTESIAN_POINT('',(35.8500000000019,6.4999999999998,7.));
#4267=CARTESIAN_POINT('',(35.8500000000019,3.25000000000014,7.));
#4268=CARTESIAN_POINT('',(35.8500000000019,6.4999999999998,7.));
#4269=CARTESIAN_POINT('Origin',(30.8500000000019,6.4999999999998,7.));
#4270=CARTESIAN_POINT('',(30.8500000000019,6.4999999999998,5.));
#4271=CARTESIAN_POINT('',(15.425000000001,6.4999999999998,5.));
#4272=CARTESIAN_POINT('',(30.8500000000019,6.4999999999998,7.));
#4273=CARTESIAN_POINT('',(15.425000000001,6.4999999999998,7.));
#4274=CARTESIAN_POINT('',(30.8500000000019,6.4999999999998,7.));
#4275=CARTESIAN_POINT('Origin',(30.8500000000019,1.4999999999998,7.));
#4276=CARTESIAN_POINT('',(30.8500000000019,0.750000000000138,5.));
#4277=CARTESIAN_POINT('',(30.8500000000019,0.750000000000138,7.));
#4278=CARTESIAN_POINT('Origin',(-39.75,-0.624999999999998,7.));
#4279=CARTESIAN_POINT('',(-47.75,-0.624999999999998,5.));
#4280=CARTESIAN_POINT('',(-39.75,-0.624999999999998,5.));
#4281=CARTESIAN_POINT('',(-19.875,-0.624999999999996,5.));
#4282=CARTESIAN_POINT('',(-47.75,-0.624999999999998,7.));
#4283=CARTESIAN_POINT('',(-47.75,-0.624999999999998,7.));
#4284=CARTESIAN_POINT('',(-39.75,-0.624999999999998,7.));
#4285=CARTESIAN_POINT('',(-19.875,-0.624999999999996,7.));
#4286=CARTESIAN_POINT('',(-39.75,-0.624999999999998,7.));
#4287=CARTESIAN_POINT('Origin',(-39.75,7.375,7.));
#4288=CARTESIAN_POINT('',(-39.75,7.375,5.));
#4289=CARTESIAN_POINT('',(-39.75,3.68750000000024,5.));
#4290=CARTESIAN_POINT('',(-39.75,7.375,7.));
#4291=CARTESIAN_POINT('',(-39.75,3.68750000000024,7.));
#4292=CARTESIAN_POINT('',(-39.75,7.375,7.));
#4293=CARTESIAN_POINT('Origin',(-47.75,7.375,7.));
#4294=CARTESIAN_POINT('',(-47.75,7.375,5.));
#4295=CARTESIAN_POINT('',(-23.875,7.375,5.));
#4296=CARTESIAN_POINT('',(-47.75,7.375,7.));
#4297=CARTESIAN_POINT('',(-23.875,7.375,7.));
#4298=CARTESIAN_POINT('',(-47.75,7.375,7.));
#4299=CARTESIAN_POINT('Origin',(-47.75,-0.624999999999998,7.));
#4300=CARTESIAN_POINT('',(-47.75,-0.312499999999764,5.));
#4301=CARTESIAN_POINT('',(-47.75,-0.312499999999764,7.));
#4302=CARTESIAN_POINT('Origin',(17.,26.5000000000019,5.));
#4303=CARTESIAN_POINT('',(17.,26.5000000000019,5.));
#4304=CARTESIAN_POINT('',(17.,-18.9999999999981,5.));
#4305=CARTESIAN_POINT('',(17.,26.5000000000019,5.));
#4306=CARTESIAN_POINT('',(17.,-18.9999999999981,7.));
#4307=CARTESIAN_POINT('',(17.,-18.9999999999981,5.));
#4308=CARTESIAN_POINT('',(17.,26.5000000000019,7.));
#4309=CARTESIAN_POINT('',(17.,26.5000000000019,7.));
#4310=CARTESIAN_POINT('',(17.,26.5000000000019,5.));
#4311=CARTESIAN_POINT('Origin',(-17.,26.5000000000019,5.));
#4312=CARTESIAN_POINT('',(-17.,26.5000000000019,5.));
#4313=CARTESIAN_POINT('',(-17.,26.5000000000019,5.));
#4314=CARTESIAN_POINT('',(-17.,26.5000000000019,7.));
#4315=CARTESIAN_POINT('',(-17.,26.5000000000019,7.));
#4316=CARTESIAN_POINT('',(-17.,26.5000000000019,5.));
#4317=CARTESIAN_POINT('Origin',(-17.,-18.9999999999981,5.));
#4318=CARTESIAN_POINT('',(-17.,-18.9999999999981,5.));
#4319=CARTESIAN_POINT('',(-17.,-18.9999999999981,5.));
#4320=CARTESIAN_POINT('',(-17.,-18.9999999999981,7.));
#4321=CARTESIAN_POINT('',(-17.,-18.9999999999981,7.));
#4322=CARTESIAN_POINT('',(-17.,-18.9999999999981,5.));
#4323=CARTESIAN_POINT('Origin',(17.,-18.9999999999981,5.));
#4324=CARTESIAN_POINT('',(17.,-18.9999999999981,5.));
#4325=CARTESIAN_POINT('',(17.,-18.9999999999981,7.));
#4326=CARTESIAN_POINT('Origin',(46.999998827013,-22.99999882701,5.));
#4327=CARTESIAN_POINT('',(47.0000013684843,-28.4999999999967,5.));
#4328=CARTESIAN_POINT('',(52.5000000000001,-23.,5.));
#4329=CARTESIAN_POINT('Origin',(46.999998827013,-22.99999882701,5.));
#4330=CARTESIAN_POINT('',(52.5000000000001,-23.,7.));
#4331=CARTESIAN_POINT('',(52.5000000000001,-23.,5.));
#4332=CARTESIAN_POINT('',(47.0000013684843,-28.4999999999967,7.));
#4333=CARTESIAN_POINT('Origin',(46.999998827013,-22.99999882701,7.));
#4334=CARTESIAN_POINT('',(47.0000013684843,-28.4999999999967,5.));
#4335=CARTESIAN_POINT('Origin',(-46.9999999999999,-28.5,5.));
#4336=CARTESIAN_POINT('',(-46.9999999999999,-28.5,5.));
#4337=CARTESIAN_POINT('',(47.0000013684843,-28.4999999999967,5.));
#4338=CARTESIAN_POINT('',(-46.9999999999999,-28.5,7.));
#4339=CARTESIAN_POINT('',(47.0000013684843,-28.4999999999967,7.));
#4340=CARTESIAN_POINT('',(-46.9999999999999,-28.5,5.));
#4341=CARTESIAN_POINT('Origin',(-46.99999882701,-22.99999882701,5.));
#4342=CARTESIAN_POINT('',(-52.4999999999998,-23.0000013684878,5.));
#4343=CARTESIAN_POINT('Origin',(-46.99999882701,-22.99999882701,5.));
#4344=CARTESIAN_POINT('',(-52.4999999999998,-23.0000013684878,7.));
#4345=CARTESIAN_POINT('Origin',(-46.99999882701,-22.99999882701,7.));
#4346=CARTESIAN_POINT('',(-52.4999999999998,-23.0000013684878,5.));
#4347=CARTESIAN_POINT('Origin',(-52.5000000000001,23.,5.));
#4348=CARTESIAN_POINT('',(-52.5000000000001,23.,5.));
#4349=CARTESIAN_POINT('',(-52.4999999999998,-23.0000013684878,5.));
#4350=CARTESIAN_POINT('',(-52.5000000000001,23.,7.));
#4351=CARTESIAN_POINT('',(-52.4999999999998,-23.0000013684878,7.));
#4352=CARTESIAN_POINT('',(-52.5000000000001,23.,5.));
#4353=CARTESIAN_POINT('Origin',(-46.99999882701,22.999998827013,5.));
#4354=CARTESIAN_POINT('',(-47.0000013684878,28.5000000000012,5.));
#4355=CARTESIAN_POINT('Origin',(-46.99999882701,22.999998827013,5.));
#4356=CARTESIAN_POINT('',(-47.0000013684878,28.5000000000012,7.));
#4357=CARTESIAN_POINT('Origin',(-46.99999882701,22.999998827013,7.));
#4358=CARTESIAN_POINT('',(-47.0000013684878,28.5000000000012,5.));
#4359=CARTESIAN_POINT('Origin',(47.0000000000001,28.4999999999983,5.));
#4360=CARTESIAN_POINT('',(47.0000000000001,28.4999999999983,5.));
#4361=CARTESIAN_POINT('',(-47.0000013684878,28.5000000000012,5.));
#4362=CARTESIAN_POINT('',(47.0000000000001,28.4999999999983,7.));
#4363=CARTESIAN_POINT('',(-47.0000013684878,28.5000000000012,7.));
#4364=CARTESIAN_POINT('',(47.0000000000001,28.4999999999983,5.));
#4365=CARTESIAN_POINT('Origin',(46.999998827013,22.999998827013,5.));
#4366=CARTESIAN_POINT('',(52.4999999999996,23.0000013684843,5.));
#4367=CARTESIAN_POINT('Origin',(46.999998827013,22.999998827013,5.));
#4368=CARTESIAN_POINT('',(52.4999999999996,23.0000013684843,7.));
#4369=CARTESIAN_POINT('Origin',(46.999998827013,22.999998827013,7.));
#4370=CARTESIAN_POINT('',(52.4999999999996,23.0000013684843,5.));
#4371=CARTESIAN_POINT('Origin',(52.5000000000001,-23.,5.));
#4372=CARTESIAN_POINT('',(52.5000000000001,-23.,5.));
#4373=CARTESIAN_POINT('',(52.5000000000001,-23.,7.));
#4374=CARTESIAN_POINT('Origin',(3.5527136788005E-14,4.70734562441066E-13,
7.));
#4375=CARTESIAN_POINT('Origin',(3.5527136788005E-14,4.70734562441066E-13,
5.));
#4376=CARTESIAN_POINT('',(0.,0.,0.));
#4377=CARTESIAN_POINT('',(0.,0.,0.));
#4378=CARTESIAN_POINT('',(0.,0.,0.));
#4379=UNCERTAINTY_MEASURE_WITH_UNIT(LENGTH_MEASURE(0.01),#4389,
'DISTANCE_ACCURACY_VALUE',
'Maximum model space distance between geometric entities at asserted c
onnectivities');
#4380=UNCERTAINTY_MEASURE_WITH_UNIT(LENGTH_MEASURE(0.01),#4389,
'DISTANCE_ACCURACY_VALUE',
'Maximum model space distance between geometric entities at asserted c
onnectivities');
#4381=UNCERTAINTY_MEASURE_WITH_UNIT(LENGTH_MEASURE(0.01),#4389,
'DISTANCE_ACCURACY_VALUE',
'Maximum model space distance between geometric entities at asserted c
onnectivities');
#4382=UNCERTAINTY_MEASURE_WITH_UNIT(LENGTH_MEASURE(0.01),#4389,
'DISTANCE_ACCURACY_VALUE',
'Maximum model space distance between geometric entities at asserted c
onnectivities');
#4383=UNCERTAINTY_MEASURE_WITH_UNIT(LENGTH_MEASURE(0.01),#4389,
'DISTANCE_ACCURACY_VALUE',
'Maximum model space distance between geometric entities at asserted c
onnectivities');
#4384=(
GEOMETRIC_REPRESENTATION_CONTEXT(3)
GLOBAL_UNCERTAINTY_ASSIGNED_CONTEXT((#4379))
GLOBAL_UNIT_ASSIGNED_CONTEXT((#4389,#4391,#4392))
REPRESENTATION_CONTEXT('','3D')
);
#4385=(
GEOMETRIC_REPRESENTATION_CONTEXT(3)
GLOBAL_UNCERTAINTY_ASSIGNED_CONTEXT((#4380))
GLOBAL_UNIT_ASSIGNED_CONTEXT((#4389,#4391,#4392))
REPRESENTATION_CONTEXT('','3D')
);
#4386=(
GEOMETRIC_REPRESENTATION_CONTEXT(3)
GLOBAL_UNCERTAINTY_ASSIGNED_CONTEXT((#4381))
GLOBAL_UNIT_ASSIGNED_CONTEXT((#4389,#4391,#4392))
REPRESENTATION_CONTEXT('','3D')
);
#4387=(
GEOMETRIC_REPRESENTATION_CONTEXT(3)
GLOBAL_UNCERTAINTY_ASSIGNED_CONTEXT((#4382))
GLOBAL_UNIT_ASSIGNED_CONTEXT((#4389,#4391,#4392))
REPRESENTATION_CONTEXT('','3D')
);
#4388=(
GEOMETRIC_REPRESENTATION_CONTEXT(3)
GLOBAL_UNCERTAINTY_ASSIGNED_CONTEXT((#4383))
GLOBAL_UNIT_ASSIGNED_CONTEXT((#4389,#4391,#4392))
REPRESENTATION_CONTEXT('','3D')
);
#4389=(
LENGTH_UNIT()
NAMED_UNIT(*)
SI_UNIT(.MILLI.,.METRE.)
);
#4390=(
LENGTH_UNIT()
NAMED_UNIT(*)
SI_UNIT($,.METRE.)
);
#4391=(
NAMED_UNIT(*)
PLANE_ANGLE_UNIT()
SI_UNIT($,.RADIAN.)
);
#4392=(
NAMED_UNIT(*)
SI_UNIT($,.STERADIAN.)
SOLID_ANGLE_UNIT()
);
#4393=SHAPE_DEFINITION_REPRESENTATION(#4397,#4404);
#4394=SHAPE_DEFINITION_REPRESENTATION(#4398,#4405);
#4395=SHAPE_DEFINITION_REPRESENTATION(#4399,#4406);
#4396=SHAPE_DEFINITION_REPRESENTATION(#4400,#4407);
#4397=PRODUCT_DEFINITION_SHAPE('',$,#4409);
#4398=PRODUCT_DEFINITION_SHAPE('',$,#4410);
#4399=PRODUCT_DEFINITION_SHAPE('',$,#4411);
#4400=PRODUCT_DEFINITION_SHAPE('',$,#4412);
#4401=PRODUCT_DEFINITION_SHAPE($,$,#20);
#4402=PRODUCT_DEFINITION_SHAPE($,$,#21);
#4403=PRODUCT_DEFINITION_SHAPE($,$,#22);
#4404=SHAPE_REPRESENTATION('',(#2709,#2909,#2910,#2911),#4384);
#4405=SHAPE_REPRESENTATION('',(#2710),#4385);
#4406=SHAPE_REPRESENTATION('',(#2711),#4386);
#4407=SHAPE_REPRESENTATION('',(#2806),#4387);
#4408=PRODUCT_DEFINITION_CONTEXT('part definition',#4422,'design');
#4409=PRODUCT_DEFINITION('pcba 1','fbv2 v9',#4413,#4408);
#4410=PRODUCT_DEFINITION('mini-games_PCB','mini-games_PCB',#4414,#4408);
#4411=PRODUCT_DEFINITION('BottomCasePart','BottomCasePart',#4415,#4408);
#4412=PRODUCT_DEFINITION('TopCasePart','TopCasePart',#4416,#4408);
#4413=PRODUCT_DEFINITION_FORMATION('',$,#4424);
#4414=PRODUCT_DEFINITION_FORMATION('',$,#4425);
#4415=PRODUCT_DEFINITION_FORMATION('',$,#4426);
#4416=PRODUCT_DEFINITION_FORMATION('',$,#4427);
#4417=PRODUCT_RELATED_PRODUCT_CATEGORY('fbv2 v9','fbv2 v9',(#4424));
#4418=PRODUCT_RELATED_PRODUCT_CATEGORY('mini-games_PCB',
'mini-games_PCB',(#4425));
#4419=PRODUCT_RELATED_PRODUCT_CATEGORY('BottomCasePart',
'BottomCasePart',(#4426));
#4420=PRODUCT_RELATED_PRODUCT_CATEGORY('TopCasePart','TopCasePart',(#4427));
#4421=APPLICATION_PROTOCOL_DEFINITION('international standard',
'automotive_design',2009,#4422);
#4422=APPLICATION_CONTEXT(
'Core Data for Automotive Mechanical Design Process');
#4423=PRODUCT_CONTEXT('part definition',#4422,'mechanical');
#4424=PRODUCT('pcba 1','fbv2 v9','KiCad electronic assembly',(#4423));
#4425=PRODUCT('mini-games_PCB','mini-games_PCB',$,(#4423));
#4426=PRODUCT('BottomCasePart','BottomCasePart',$,(#4423));
#4427=PRODUCT('TopCasePart','TopCasePart',$,(#4423));
#4428=PRESENTATION_STYLE_ASSIGNMENT((#4430));
#4429=PRESENTATION_STYLE_ASSIGNMENT((#4431));
#4430=SURFACE_STYLE_USAGE(.BOTH.,#4432);
#4431=SURFACE_STYLE_USAGE(.BOTH.,#4433);
#4432=SURFACE_SIDE_STYLE('',(#4434));
#4433=SURFACE_SIDE_STYLE('',(#4435));
#4434=SURFACE_STYLE_FILL_AREA(#4436);
#4435=SURFACE_STYLE_FILL_AREA(#4437);
#4436=FILL_AREA_STYLE('Steel - Satin',(#4438));
#4437=FILL_AREA_STYLE('Opaque(80,124,105)',(#4439));
#4438=FILL_AREA_STYLE_COLOUR('Steel - Satin',#4440);
#4439=FILL_AREA_STYLE_COLOUR('Opaque(80,124,105)',#4441);
#4440=COLOUR_RGB('Steel - Satin',0.627450980392157,0.627450980392157,0.627450980392157);
#4441=COLOUR_RGB('Opaque(80,124,105)',0.313725490196078,0.486274509803922,
0.411764705882353);
ENDSEC;
END-ISO-10303-21;
