ISO-10303-21;
HEADER;
FILE_DESCRIPTION(('KiCad electronic assembly'),'2;1');
FILE_NAME('pcba.step','2026-08-22T19:00:16',('Pcbnew'),('Kicad'),
  'Open CASCADE STEP processor 7.9','KiCad to STEP converter','Unknown'
  );
FILE_SCHEMA(('AUTOMOTIVE_DESIGN { 1 0 10303 214 1 1 1 1 }'));
ENDSEC;
DATA;
#1 = APPLICATION_PROTOCOL_DEFINITION('international standard',
  'automotive_design',2000,#2);
#2 = APPLICATION_CONTEXT(
  'core data for automotive mechanical design processes');
#3 = SHAPE_DEFINITION_REPRESENTATION(#4,#10);
#4 = PRODUCT_DEFINITION_SHAPE('','',#5);
#5 = PRODUCT_DEFINITION('design','',#6,#9);
#6 = PRODUCT_DEFINITION_FORMATION('','',#7);
#7 = PRODUCT('pcba 1','pcba 1','',(#8));
#8 = PRODUCT_CONTEXT('',#2,'mechanical');
#9 = PRODUCT_DEFINITION_CONTEXT('part definition',#2,'design');
#10 = SHAPE_REPRESENTATION('',(#11,#15),#19);
#11 = AXIS2_PLACEMENT_3D('',#12,#13,#14);
#12 = CARTESIAN_POINT('',(0.,0.,0.));
#13 = DIRECTION('',(0.,0.,1.));
#14 = DIRECTION('',(1.,0.,-0.));
#15 = AXIS2_PLACEMENT_3D('',#16,#17,#18);
#16 = CARTESIAN_POINT('',(0.,0.,0.));
#17 = DIRECTION('',(0.,0.,1.));
#18 = DIRECTION('',(1.,0.,-0.));
#19 = ( GEOMETRIC_REPRESENTATION_CONTEXT(3) 
GLOBAL_UNCERTAINTY_ASSIGNED_CONTEXT((#23)) GLOBAL_UNIT_ASSIGNED_CONTEXT(
(#20,#21,#22)) REPRESENTATION_CONTEXT('Context #1',
  '3D Context with UNIT and UNCERTAINTY') );
#20 = ( LENGTH_UNIT() NAMED_UNIT(*) SI_UNIT(.MILLI.,.METRE.) );
#21 = ( NAMED_UNIT(*) PLANE_ANGLE_UNIT() SI_UNIT($,.RADIAN.) );
#22 = ( NAMED_UNIT(*) SI_UNIT($,.STERADIAN.) SOLID_ANGLE_UNIT() );
#23 = UNCERTAINTY_MEASURE_WITH_UNIT(LENGTH_MEASURE(1.E-07),#20,
  'distance_accuracy_value','confusion accuracy');
#24 = PRODUCT_RELATED_PRODUCT_CATEGORY('part',$,(#7));
#25 = SHAPE_DEFINITION_REPRESENTATION(#26,#32);
#26 = PRODUCT_DEFINITION_SHAPE('','',#27);
#27 = PRODUCT_DEFINITION('design','',#28,#31);
#28 = PRODUCT_DEFINITION_FORMATION('','',#29);
#29 = PRODUCT('mini-games_PCB','mini-games_PCB','',(#30));
#30 = PRODUCT_CONTEXT('',#2,'mechanical');
#31 = PRODUCT_DEFINITION_CONTEXT('part definition',#2,'design');
#32 = ADVANCED_BREP_SHAPE_REPRESENTATION('',(#11,#33),#3616);
#33 = MANIFOLD_SOLID_BREP('',#34);
#34 = CLOSED_SHELL('',(#35,#77,#108,#139,#1098,#2057,#2074,#2091,#2108,
    #2125,#2137,#2154,#2171,#2188,#2205,#2222,#2239,#2256,#2273,#2290,
    #2307,#2329,#2346,#2363,#2375,#2392,#2414,#2431,#2448,#2460,#2477,
    #2494,#2511,#2528,#2545,#2567,#2584,#2601,#2613,#2630,#2652,#2669,
    #2686,#2698,#2715,#2732,#2749,#2766,#2783,#2800,#2817,#2834,#2851,
    #2868,#2885,#2902,#2919,#2936,#2953,#2970,#2987,#3004,#3021,#3038,
    #3055,#3072,#3089,#3106,#3128,#3145,#3162,#3179,#3196,#3213,#3230,
    #3242,#3259,#3276,#3293,#3310,#3327,#3344,#3361,#3378,#3395,#3412,
    #3429,#3446,#3463,#3480,#3497,#3514,#3531,#3548,#3565,#3582,#3599));
#35 = ADVANCED_FACE('',(#36),#72,.T.);
#36 = FACE_BOUND('',#37,.T.);
#37 = EDGE_LOOP('',(#38,#48,#57,#65));
#38 = ORIENTED_EDGE('',*,*,#39,.T.);
#39 = EDGE_CURVE('',#40,#42,#44,.T.);
#40 = VERTEX_POINT('',#41);
#41 = CARTESIAN_POINT('',(47.,26.,0.));
#42 = VERTEX_POINT('',#43);
#43 = CARTESIAN_POINT('',(47.,26.,1.51));
#44 = LINE('',#45,#46);
#45 = CARTESIAN_POINT('',(47.,26.,0.));
#46 = VECTOR('',#47,1.);
#47 = DIRECTION('',(0.,0.,1.));
#48 = ORIENTED_EDGE('',*,*,#49,.T.);
#49 = EDGE_CURVE('',#42,#50,#52,.T.);
#50 = VERTEX_POINT('',#51);
#51 = CARTESIAN_POINT('',(50.,23.,1.51));
#52 = CIRCLE('',#53,3.000001172987);
#53 = AXIS2_PLACEMENT_3D('',#54,#55,#56);
#54 = CARTESIAN_POINT('',(46.999998827013,22.999998827013,1.51));
#55 = DIRECTION('',(0.,0.,-1.));
#56 = DIRECTION('',(3.909953639749E-07,1.,0.));
#57 = ORIENTED_EDGE('',*,*,#58,.F.);
#58 = EDGE_CURVE('',#59,#50,#61,.T.);
#59 = VERTEX_POINT('',#60);
#60 = CARTESIAN_POINT('',(50.,23.,0.));
#61 = LINE('',#62,#63);
#62 = CARTESIAN_POINT('',(50.,23.,0.));
#63 = VECTOR('',#64,1.);
#64 = DIRECTION('',(0.,0.,1.));
#65 = ORIENTED_EDGE('',*,*,#66,.F.);
#66 = EDGE_CURVE('',#40,#59,#67,.T.);
#67 = CIRCLE('',#68,3.000001172987);
#68 = AXIS2_PLACEMENT_3D('',#69,#70,#71);
#69 = CARTESIAN_POINT('',(46.999998827013,22.999998827013,0.));
#70 = DIRECTION('',(0.,0.,-1.));
#71 = DIRECTION('',(3.909953639749E-07,1.,0.));
#72 = CYLINDRICAL_SURFACE('',#73,3.000001172987);
#73 = AXIS2_PLACEMENT_3D('',#74,#75,#76);
#74 = CARTESIAN_POINT('',(46.999998827013,22.999998827013,0.));
#75 = DIRECTION('',(0.,0.,-1.));
#76 = DIRECTION('',(3.909953639749E-07,1.,0.));
#77 = ADVANCED_FACE('',(#78),#103,.T.);
#78 = FACE_BOUND('',#79,.T.);
#79 = EDGE_LOOP('',(#80,#90,#96,#97));
#80 = ORIENTED_EDGE('',*,*,#81,.T.);
#81 = EDGE_CURVE('',#82,#84,#86,.T.);
#82 = VERTEX_POINT('',#83);
#83 = CARTESIAN_POINT('',(-47.,26.,0.));
#84 = VERTEX_POINT('',#85);
#85 = CARTESIAN_POINT('',(-47.,26.,1.51));
#86 = LINE('',#87,#88);
#87 = CARTESIAN_POINT('',(-47.,26.,0.));
#88 = VECTOR('',#89,1.);
#89 = DIRECTION('',(0.,0.,1.));
#90 = ORIENTED_EDGE('',*,*,#91,.T.);
#91 = EDGE_CURVE('',#84,#42,#92,.T.);
#92 = LINE('',#93,#94);
#93 = CARTESIAN_POINT('',(-47.,26.,1.51));
#94 = VECTOR('',#95,1.);
#95 = DIRECTION('',(1.,0.,0.));
#96 = ORIENTED_EDGE('',*,*,#39,.F.);
#97 = ORIENTED_EDGE('',*,*,#98,.F.);
#98 = EDGE_CURVE('',#82,#40,#99,.T.);
#99 = LINE('',#100,#101);
#100 = CARTESIAN_POINT('',(-47.,26.,0.));
#101 = VECTOR('',#102,1.);
#102 = DIRECTION('',(1.,0.,0.));
#103 = PLANE('',#104);
#104 = AXIS2_PLACEMENT_3D('',#105,#106,#107);
#105 = CARTESIAN_POINT('',(-47.,26.,0.));
#106 = DIRECTION('',(0.,1.,0.));
#107 = DIRECTION('',(1.,0.,0.));
#108 = ADVANCED_FACE('',(#109),#134,.T.);
#109 = FACE_BOUND('',#110,.T.);
#110 = EDGE_LOOP('',(#111,#112,#120,#128));
#111 = ORIENTED_EDGE('',*,*,#58,.T.);
#112 = ORIENTED_EDGE('',*,*,#113,.T.);
#113 = EDGE_CURVE('',#50,#114,#116,.T.);
#114 = VERTEX_POINT('',#115);
#115 = CARTESIAN_POINT('',(50.,-23.,1.51));
#116 = LINE('',#117,#118);
#117 = CARTESIAN_POINT('',(50.,23.,1.51));
#118 = VECTOR('',#119,1.);
#119 = DIRECTION('',(0.,-1.,0.));
#120 = ORIENTED_EDGE('',*,*,#121,.F.);
#121 = EDGE_CURVE('',#122,#114,#124,.T.);
#122 = VERTEX_POINT('',#123);
#123 = CARTESIAN_POINT('',(50.,-23.,0.));
#124 = LINE('',#125,#126);
#125 = CARTESIAN_POINT('',(50.,-23.,0.));
#126 = VECTOR('',#127,1.);
#127 = DIRECTION('',(0.,0.,1.));
#128 = ORIENTED_EDGE('',*,*,#129,.F.);
#129 = EDGE_CURVE('',#59,#122,#130,.T.);
#130 = LINE('',#131,#132);
#131 = CARTESIAN_POINT('',(50.,23.,0.));
#132 = VECTOR('',#133,1.);
#133 = DIRECTION('',(0.,-1.,0.));
#134 = PLANE('',#135);
#135 = AXIS2_PLACEMENT_3D('',#136,#137,#138);
#136 = CARTESIAN_POINT('',(50.,23.,0.));
#137 = DIRECTION('',(1.,0.,-0.));
#138 = DIRECTION('',(0.,-1.,0.));
#139 = ADVANCED_FACE('',(#140,#186,#197,#208,#219,#230,#241,#252,#263,
    #274,#285,#296,#332,#343,#379,#390,#401,#412,#423,#434,#470,#481,
    #517,#528,#539,#550,#561,#572,#583,#594,#605,#616,#627,#638,#649,
    #660,#671,#682,#693,#704,#715,#726,#737,#748,#759,#770,#781,#851,
    #862,#873,#884,#895,#906,#917,#928,#939,#950,#961,#972,#983,#994,
    #1005,#1016,#1027,#1038,#1049,#1060,#1071,#1082),#1093,.F.);
#140 = FACE_BOUND('',#141,.F.);
#141 = EDGE_LOOP('',(#142,#143,#144,#153,#161,#170,#178,#185));
#142 = ORIENTED_EDGE('',*,*,#66,.F.);
#143 = ORIENTED_EDGE('',*,*,#98,.F.);
#144 = ORIENTED_EDGE('',*,*,#145,.F.);
#145 = EDGE_CURVE('',#146,#82,#148,.T.);
#146 = VERTEX_POINT('',#147);
#147 = CARTESIAN_POINT('',(-50.,23.,0.));
#148 = CIRCLE('',#149,3.000001172987);
#149 = AXIS2_PLACEMENT_3D('',#150,#151,#152);
#150 = CARTESIAN_POINT('',(-46.99999882701,22.999998827013,0.));
#151 = DIRECTION('',(0.,0.,-1.));
#152 = DIRECTION('',(-1.,3.909953639749E-07,0.));
#153 = ORIENTED_EDGE('',*,*,#154,.F.);
#154 = EDGE_CURVE('',#155,#146,#157,.T.);
#155 = VERTEX_POINT('',#156);
#156 = CARTESIAN_POINT('',(-50.,-23.,0.));
#157 = LINE('',#158,#159);
#158 = CARTESIAN_POINT('',(-50.,-23.,0.));
#159 = VECTOR('',#160,1.);
#160 = DIRECTION('',(0.,1.,0.));
#161 = ORIENTED_EDGE('',*,*,#162,.F.);
#162 = EDGE_CURVE('',#163,#155,#165,.T.);
#163 = VERTEX_POINT('',#164);
#164 = CARTESIAN_POINT('',(-47.,-26.,0.));
#165 = CIRCLE('',#166,3.000001172987);
#166 = AXIS2_PLACEMENT_3D('',#167,#168,#169);
#167 = CARTESIAN_POINT('',(-46.99999882701,-22.99999882701,0.));
#168 = DIRECTION('',(0.,0.,-1.));
#169 = DIRECTION('',(-3.909953639749E-07,-1.,-0.));
#170 = ORIENTED_EDGE('',*,*,#171,.F.);
#171 = EDGE_CURVE('',#172,#163,#174,.T.);
#172 = VERTEX_POINT('',#173);
#173 = CARTESIAN_POINT('',(47.,-26.,0.));
#174 = LINE('',#175,#176);
#175 = CARTESIAN_POINT('',(47.,-26.,0.));
#176 = VECTOR('',#177,1.);
#177 = DIRECTION('',(-1.,0.,0.));
#178 = ORIENTED_EDGE('',*,*,#179,.F.);
#179 = EDGE_CURVE('',#122,#172,#180,.T.);
#180 = CIRCLE('',#181,3.000001172987);
#181 = AXIS2_PLACEMENT_3D('',#182,#183,#184);
#182 = CARTESIAN_POINT('',(46.999998827013,-22.99999882701,0.));
#183 = DIRECTION('',(0.,0.,-1.));
#184 = DIRECTION('',(1.,-3.909953639749E-07,0.));
#185 = ORIENTED_EDGE('',*,*,#129,.F.);
#186 = FACE_BOUND('',#187,.F.);
#187 = EDGE_LOOP('',(#188));
#188 = ORIENTED_EDGE('',*,*,#189,.F.);
#189 = EDGE_CURVE('',#190,#190,#192,.T.);
#190 = VERTEX_POINT('',#191);
#191 = CARTESIAN_POINT('',(-41.5,-21.,0.));
#192 = CIRCLE('',#193,3.5);
#193 = AXIS2_PLACEMENT_3D('',#194,#195,#196);
#194 = CARTESIAN_POINT('',(-45.,-21.,0.));
#195 = DIRECTION('',(0.,0.,1.));
#196 = DIRECTION('',(1.,0.,-0.));
#197 = FACE_BOUND('',#198,.F.);
#198 = EDGE_LOOP('',(#199));
#199 = ORIENTED_EDGE('',*,*,#200,.T.);
#200 = EDGE_CURVE('',#201,#201,#203,.T.);
#201 = VERTEX_POINT('',#202);
#202 = CARTESIAN_POINT('',(-24.6,-21.95,0.));
#203 = CIRCLE('',#204,0.1);
#204 = AXIS2_PLACEMENT_3D('',#205,#206,#207);
#205 = CARTESIAN_POINT('',(-24.6,-21.85,0.));
#206 = DIRECTION('',(-0.,0.,-1.));
#207 = DIRECTION('',(-0.,-1.,0.));
#208 = FACE_BOUND('',#209,.F.);
#209 = EDGE_LOOP('',(#210));
#210 = ORIENTED_EDGE('',*,*,#211,.T.);
#211 = EDGE_CURVE('',#212,#212,#214,.T.);
#212 = VERTEX_POINT('',#213);
#213 = CARTESIAN_POINT('',(-24.6,-20.75,0.));
#214 = CIRCLE('',#215,0.1);
#215 = AXIS2_PLACEMENT_3D('',#216,#217,#218);
#216 = CARTESIAN_POINT('',(-24.6,-20.65,0.));
#217 = DIRECTION('',(-0.,0.,-1.));
#218 = DIRECTION('',(-0.,-1.,0.));
#219 = FACE_BOUND('',#220,.F.);
#220 = EDGE_LOOP('',(#221));
#221 = ORIENTED_EDGE('',*,*,#222,.T.);
#222 = EDGE_CURVE('',#223,#223,#225,.T.);
#223 = VERTEX_POINT('',#224);
#224 = CARTESIAN_POINT('',(-24.6,-19.55,0.));
#225 = CIRCLE('',#226,0.1);
#226 = AXIS2_PLACEMENT_3D('',#227,#228,#229);
#227 = CARTESIAN_POINT('',(-24.6,-19.45,0.));
#228 = DIRECTION('',(-0.,0.,-1.));
#229 = DIRECTION('',(-0.,-1.,0.));
#230 = FACE_BOUND('',#231,.F.);
#231 = EDGE_LOOP('',(#232));
#232 = ORIENTED_EDGE('',*,*,#233,.T.);
#233 = EDGE_CURVE('',#234,#234,#236,.T.);
#234 = VERTEX_POINT('',#235);
#235 = CARTESIAN_POINT('',(-35.79,-16.6,0.));
#236 = CIRCLE('',#237,0.6);
#237 = AXIS2_PLACEMENT_3D('',#238,#239,#240);
#238 = CARTESIAN_POINT('',(-35.79,-16.,0.));
#239 = DIRECTION('',(-0.,0.,-1.));
#240 = DIRECTION('',(-0.,-1.,0.));
#241 = FACE_BOUND('',#242,.F.);
#242 = EDGE_LOOP('',(#243));
#243 = ORIENTED_EDGE('',*,*,#244,.T.);
#244 = EDGE_CURVE('',#245,#245,#247,.T.);
#245 = VERTEX_POINT('',#246);
#246 = CARTESIAN_POINT('',(-33.25,-16.6,0.));
#247 = CIRCLE('',#248,0.6);
#248 = AXIS2_PLACEMENT_3D('',#249,#250,#251);
#249 = CARTESIAN_POINT('',(-33.25,-16.,0.));
#250 = DIRECTION('',(-0.,0.,-1.));
#251 = DIRECTION('',(-0.,-1.,0.));
#252 = FACE_BOUND('',#253,.F.);
#253 = EDGE_LOOP('',(#254));
#254 = ORIENTED_EDGE('',*,*,#255,.T.);
#255 = EDGE_CURVE('',#256,#256,#258,.T.);
#256 = VERTEX_POINT('',#257);
#257 = CARTESIAN_POINT('',(-30.71,-16.6,0.));
#258 = CIRCLE('',#259,0.6);
#259 = AXIS2_PLACEMENT_3D('',#260,#261,#262);
#260 = CARTESIAN_POINT('',(-30.71,-16.,0.));
#261 = DIRECTION('',(-0.,0.,-1.));
#262 = DIRECTION('',(-0.,-1.,0.));
#263 = FACE_BOUND('',#264,.F.);
#264 = EDGE_LOOP('',(#265));
#265 = ORIENTED_EDGE('',*,*,#266,.T.);
#266 = EDGE_CURVE('',#267,#267,#269,.T.);
#267 = VERTEX_POINT('',#268);
#268 = CARTESIAN_POINT('',(-23.2,-21.95,0.));
#269 = CIRCLE('',#270,0.1);
#270 = AXIS2_PLACEMENT_3D('',#271,#272,#273);
#271 = CARTESIAN_POINT('',(-23.2,-21.85,0.));
#272 = DIRECTION('',(-0.,0.,-1.));
#273 = DIRECTION('',(3.5527136788E-14,-1.,-0.));
#274 = FACE_BOUND('',#275,.F.);
#275 = EDGE_LOOP('',(#276));
#276 = ORIENTED_EDGE('',*,*,#277,.T.);
#277 = EDGE_CURVE('',#278,#278,#280,.T.);
#278 = VERTEX_POINT('',#279);
#279 = CARTESIAN_POINT('',(-23.2,-20.75,0.));
#280 = CIRCLE('',#281,0.1);
#281 = AXIS2_PLACEMENT_3D('',#282,#283,#284);
#282 = CARTESIAN_POINT('',(-23.2,-20.65,0.));
#283 = DIRECTION('',(-0.,0.,-1.));
#284 = DIRECTION('',(3.5527136788E-14,-1.,-0.));
#285 = FACE_BOUND('',#286,.F.);
#286 = EDGE_LOOP('',(#287));
#287 = ORIENTED_EDGE('',*,*,#288,.T.);
#288 = EDGE_CURVE('',#289,#289,#291,.T.);
#289 = VERTEX_POINT('',#290);
#290 = CARTESIAN_POINT('',(-23.2,-19.55,0.));
#291 = CIRCLE('',#292,0.1);
#292 = AXIS2_PLACEMENT_3D('',#293,#294,#295);
#293 = CARTESIAN_POINT('',(-23.2,-19.45,0.));
#294 = DIRECTION('',(-0.,0.,-1.));
#295 = DIRECTION('',(3.5527136788E-14,-1.,-0.));
#296 = FACE_BOUND('',#297,.F.);
#297 = EDGE_LOOP('',(#298,#309,#317,#326));
#298 = ORIENTED_EDGE('',*,*,#299,.T.);
#299 = EDGE_CURVE('',#300,#302,#304,.T.);
#300 = VERTEX_POINT('',#301);
#301 = CARTESIAN_POINT('',(-4.02,-24.6,0.));
#302 = VERTEX_POINT('',#303);
#303 = CARTESIAN_POINT('',(-4.62,-24.6,0.));
#304 = CIRCLE('',#305,0.3);
#305 = AXIS2_PLACEMENT_3D('',#306,#307,#308);
#306 = CARTESIAN_POINT('',(-4.32,-24.6,0.));
#307 = DIRECTION('',(-0.,0.,-1.));
#308 = DIRECTION('',(-1.,-1.184237892934E-14,0.));
#309 = ORIENTED_EDGE('',*,*,#310,.T.);
#310 = EDGE_CURVE('',#302,#311,#313,.T.);
#311 = VERTEX_POINT('',#312);
#312 = CARTESIAN_POINT('',(-4.62,-24.,0.));
#313 = LINE('',#314,#315);
#314 = CARTESIAN_POINT('',(-4.62,-12.,0.));
#315 = VECTOR('',#316,1.);
#316 = DIRECTION('',(-0.,1.,0.));
#317 = ORIENTED_EDGE('',*,*,#318,.T.);
#318 = EDGE_CURVE('',#311,#319,#321,.T.);
#319 = VERTEX_POINT('',#320);
#320 = CARTESIAN_POINT('',(-4.02,-24.,0.));
#321 = CIRCLE('',#322,0.3);
#322 = AXIS2_PLACEMENT_3D('',#323,#324,#325);
#323 = CARTESIAN_POINT('',(-4.32,-24.,0.));
#324 = DIRECTION('',(0.,-0.,-1.));
#325 = DIRECTION('',(1.,0.,-0.));
#326 = ORIENTED_EDGE('',*,*,#327,.T.);
#327 = EDGE_CURVE('',#319,#300,#328,.T.);
#328 = LINE('',#329,#330);
#329 = CARTESIAN_POINT('',(-4.02,-12.3,0.));
#330 = VECTOR('',#331,1.);
#331 = DIRECTION('',(0.,-1.,0.));
#332 = FACE_BOUND('',#333,.F.);
#333 = EDGE_LOOP('',(#334));
#334 = ORIENTED_EDGE('',*,*,#335,.T.);
#335 = EDGE_CURVE('',#336,#336,#338,.T.);
#336 = VERTEX_POINT('',#337);
#337 = CARTESIAN_POINT('',(-2.89,-20.975,0.));
#338 = CIRCLE('',#339,0.325);
#339 = AXIS2_PLACEMENT_3D('',#340,#341,#342);
#340 = CARTESIAN_POINT('',(-2.89,-20.65,0.));
#341 = DIRECTION('',(-0.,0.,-1.));
#342 = DIRECTION('',(-1.366428338E-15,-1.,0.));
#343 = FACE_BOUND('',#344,.F.);
#344 = EDGE_LOOP('',(#345,#356,#364,#373));
#345 = ORIENTED_EDGE('',*,*,#346,.T.);
#346 = EDGE_CURVE('',#347,#349,#351,.T.);
#347 = VERTEX_POINT('',#348);
#348 = CARTESIAN_POINT('',(-4.02,-20.67,0.));
#349 = VERTEX_POINT('',#350);
#350 = CARTESIAN_POINT('',(-4.62,-20.67,0.));
#351 = CIRCLE('',#352,0.3);
#352 = AXIS2_PLACEMENT_3D('',#353,#354,#355);
#353 = CARTESIAN_POINT('',(-4.32,-20.67,0.));
#354 = DIRECTION('',(-0.,0.,-1.));
#355 = DIRECTION('',(-1.,-1.184237892934E-14,0.));
#356 = ORIENTED_EDGE('',*,*,#357,.T.);
#357 = EDGE_CURVE('',#349,#358,#360,.T.);
#358 = VERTEX_POINT('',#359);
#359 = CARTESIAN_POINT('',(-4.62,-19.57,0.));
#360 = LINE('',#361,#362);
#361 = CARTESIAN_POINT('',(-4.62,-9.785,0.));
#362 = VECTOR('',#363,1.);
#363 = DIRECTION('',(-0.,1.,0.));
#364 = ORIENTED_EDGE('',*,*,#365,.T.);
#365 = EDGE_CURVE('',#358,#366,#368,.T.);
#366 = VERTEX_POINT('',#367);
#367 = CARTESIAN_POINT('',(-4.02,-19.57,0.));
#368 = CIRCLE('',#369,0.3);
#369 = AXIS2_PLACEMENT_3D('',#370,#371,#372);
#370 = CARTESIAN_POINT('',(-4.32,-19.57,0.));
#371 = DIRECTION('',(0.,-0.,-1.));
#372 = DIRECTION('',(1.,0.,-0.));
#373 = ORIENTED_EDGE('',*,*,#374,.T.);
#374 = EDGE_CURVE('',#366,#347,#375,.T.);
#375 = LINE('',#376,#377);
#376 = CARTESIAN_POINT('',(-4.02,-10.335,0.));
#377 = VECTOR('',#378,1.);
#378 = DIRECTION('',(0.,-1.,0.));
#379 = FACE_BOUND('',#380,.F.);
#380 = EDGE_LOOP('',(#381));
#381 = ORIENTED_EDGE('',*,*,#382,.F.);
#382 = EDGE_CURVE('',#383,#383,#385,.T.);
#383 = VERTEX_POINT('',#384);
#384 = CARTESIAN_POINT('',(-12.25,-15.45,0.));
#385 = CIRCLE('',#386,1.25);
#386 = AXIS2_PLACEMENT_3D('',#387,#388,#389);
#387 = CARTESIAN_POINT('',(-13.5,-15.45,0.));
#388 = DIRECTION('',(0.,0.,1.));
#389 = DIRECTION('',(1.,0.,-0.));
#390 = FACE_BOUND('',#391,.F.);
#391 = EDGE_LOOP('',(#392));
#392 = ORIENTED_EDGE('',*,*,#393,.T.);
#393 = EDGE_CURVE('',#394,#394,#396,.T.);
#394 = VERTEX_POINT('',#395);
#395 = CARTESIAN_POINT('',(-36.5,-9.425,0.));
#396 = CIRCLE('',#397,0.55);
#397 = AXIS2_PLACEMENT_3D('',#398,#399,#400);
#398 = CARTESIAN_POINT('',(-36.5,-8.875,0.));
#399 = DIRECTION('',(-0.,0.,-1.));
#400 = DIRECTION('',(-0.,-1.,0.));
#401 = FACE_BOUND('',#402,.F.);
#402 = EDGE_LOOP('',(#403));
#403 = ORIENTED_EDGE('',*,*,#404,.T.);
#404 = EDGE_CURVE('',#405,#405,#407,.T.);
#405 = VERTEX_POINT('',#406);
#406 = CARTESIAN_POINT('',(-30.,-9.425,0.));
#407 = CIRCLE('',#408,0.55);
#408 = AXIS2_PLACEMENT_3D('',#409,#410,#411);
#409 = CARTESIAN_POINT('',(-30.,-8.875,0.));
#410 = DIRECTION('',(-0.,0.,-1.));
#411 = DIRECTION('',(-0.,-1.,0.));
#412 = FACE_BOUND('',#413,.F.);
#413 = EDGE_LOOP('',(#414));
#414 = ORIENTED_EDGE('',*,*,#415,.T.);
#415 = EDGE_CURVE('',#416,#416,#418,.T.);
#416 = VERTEX_POINT('',#417);
#417 = CARTESIAN_POINT('',(-36.5,-4.925,0.));
#418 = CIRCLE('',#419,0.55);
#419 = AXIS2_PLACEMENT_3D('',#420,#421,#422);
#420 = CARTESIAN_POINT('',(-36.5,-4.375,0.));
#421 = DIRECTION('',(-0.,0.,-1.));
#422 = DIRECTION('',(-0.,-1.,0.));
#423 = FACE_BOUND('',#424,.F.);
#424 = EDGE_LOOP('',(#425));
#425 = ORIENTED_EDGE('',*,*,#426,.T.);
#426 = EDGE_CURVE('',#427,#427,#429,.T.);
#427 = VERTEX_POINT('',#428);
#428 = CARTESIAN_POINT('',(-30.,-4.925,0.));
#429 = CIRCLE('',#430,0.55);
#430 = AXIS2_PLACEMENT_3D('',#431,#432,#433);
#431 = CARTESIAN_POINT('',(-30.,-4.375,0.));
#432 = DIRECTION('',(-0.,0.,-1.));
#433 = DIRECTION('',(-0.,-1.,0.));
#434 = FACE_BOUND('',#435,.F.);
#435 = EDGE_LOOP('',(#436,#447,#455,#464));
#436 = ORIENTED_EDGE('',*,*,#437,.T.);
#437 = EDGE_CURVE('',#438,#440,#442,.T.);
#438 = VERTEX_POINT('',#439);
#439 = CARTESIAN_POINT('',(4.62,-24.6,0.));
#440 = VERTEX_POINT('',#441);
#441 = CARTESIAN_POINT('',(4.02,-24.6,0.));
#442 = CIRCLE('',#443,0.3);
#443 = AXIS2_PLACEMENT_3D('',#444,#445,#446);
#444 = CARTESIAN_POINT('',(4.32,-24.6,0.));
#445 = DIRECTION('',(-0.,0.,-1.));
#446 = DIRECTION('',(-1.,-1.184237892933E-14,0.));
#447 = ORIENTED_EDGE('',*,*,#448,.T.);
#448 = EDGE_CURVE('',#440,#449,#451,.T.);
#449 = VERTEX_POINT('',#450);
#450 = CARTESIAN_POINT('',(4.02,-24.,0.));
#451 = LINE('',#452,#453);
#452 = CARTESIAN_POINT('',(4.02,-12.,0.));
#453 = VECTOR('',#454,1.);
#454 = DIRECTION('',(-0.,1.,0.));
#455 = ORIENTED_EDGE('',*,*,#456,.T.);
#456 = EDGE_CURVE('',#449,#457,#459,.T.);
#457 = VERTEX_POINT('',#458);
#458 = CARTESIAN_POINT('',(4.62,-24.,0.));
#459 = CIRCLE('',#460,0.3);
#460 = AXIS2_PLACEMENT_3D('',#461,#462,#463);
#461 = CARTESIAN_POINT('',(4.32,-24.,0.));
#462 = DIRECTION('',(0.,-0.,-1.));
#463 = DIRECTION('',(1.,0.,-0.));
#464 = ORIENTED_EDGE('',*,*,#465,.T.);
#465 = EDGE_CURVE('',#457,#438,#466,.T.);
#466 = LINE('',#467,#468);
#467 = CARTESIAN_POINT('',(4.62,-12.3,0.));
#468 = VECTOR('',#469,1.);
#469 = DIRECTION('',(0.,-1.,0.));
#470 = FACE_BOUND('',#471,.F.);
#471 = EDGE_LOOP('',(#472));
#472 = ORIENTED_EDGE('',*,*,#473,.T.);
#473 = EDGE_CURVE('',#474,#474,#476,.T.);
#474 = VERTEX_POINT('',#475);
#475 = CARTESIAN_POINT('',(2.89,-20.975,0.));
#476 = CIRCLE('',#477,0.325);
#477 = AXIS2_PLACEMENT_3D('',#478,#479,#480);
#478 = CARTESIAN_POINT('',(2.89,-20.65,0.));
#479 = DIRECTION('',(-0.,0.,-1.));
#480 = DIRECTION('',(1.366428338E-15,-1.,-0.));
#481 = FACE_BOUND('',#482,.F.);
#482 = EDGE_LOOP('',(#483,#494,#502,#511));
#483 = ORIENTED_EDGE('',*,*,#484,.T.);
#484 = EDGE_CURVE('',#485,#487,#489,.T.);
#485 = VERTEX_POINT('',#486);
#486 = CARTESIAN_POINT('',(4.62,-20.67,0.));
#487 = VERTEX_POINT('',#488);
#488 = CARTESIAN_POINT('',(4.02,-20.67,0.));
#489 = CIRCLE('',#490,0.3);
#490 = AXIS2_PLACEMENT_3D('',#491,#492,#493);
#491 = CARTESIAN_POINT('',(4.32,-20.67,0.));
#492 = DIRECTION('',(-0.,0.,-1.));
#493 = DIRECTION('',(-1.,-1.184237892933E-14,0.));
#494 = ORIENTED_EDGE('',*,*,#495,.T.);
#495 = EDGE_CURVE('',#487,#496,#498,.T.);
#496 = VERTEX_POINT('',#497);
#497 = CARTESIAN_POINT('',(4.02,-19.57,0.));
#498 = LINE('',#499,#500);
#499 = CARTESIAN_POINT('',(4.02,-9.785,0.));
#500 = VECTOR('',#501,1.);
#501 = DIRECTION('',(-0.,1.,0.));
#502 = ORIENTED_EDGE('',*,*,#503,.T.);
#503 = EDGE_CURVE('',#496,#504,#506,.T.);
#504 = VERTEX_POINT('',#505);
#505 = CARTESIAN_POINT('',(4.62,-19.57,0.));
#506 = CIRCLE('',#507,0.3);
#507 = AXIS2_PLACEMENT_3D('',#508,#509,#510);
#508 = CARTESIAN_POINT('',(4.32,-19.57,0.));
#509 = DIRECTION('',(0.,-0.,-1.));
#510 = DIRECTION('',(1.,0.,-0.));
#511 = ORIENTED_EDGE('',*,*,#512,.T.);
#512 = EDGE_CURVE('',#504,#485,#513,.T.);
#513 = LINE('',#514,#515);
#514 = CARTESIAN_POINT('',(4.62,-10.335,0.));
#515 = VECTOR('',#516,1.);
#516 = DIRECTION('',(0.,-1.,0.));
#517 = FACE_BOUND('',#518,.F.);
#518 = EDGE_LOOP('',(#519));
#519 = ORIENTED_EDGE('',*,*,#520,.F.);
#520 = EDGE_CURVE('',#521,#521,#523,.T.);
#521 = VERTEX_POINT('',#522);
#522 = CARTESIAN_POINT('',(14.75,-15.45,0.));
#523 = CIRCLE('',#524,1.25);
#524 = AXIS2_PLACEMENT_3D('',#525,#526,#527);
#525 = CARTESIAN_POINT('',(13.5,-15.45,0.));
#526 = DIRECTION('',(0.,0.,1.));
#527 = DIRECTION('',(1.,0.,-0.));
#528 = FACE_BOUND('',#529,.F.);
#529 = EDGE_LOOP('',(#530));
#530 = ORIENTED_EDGE('',*,*,#531,.F.);
#531 = EDGE_CURVE('',#532,#532,#534,.T.);
#532 = VERTEX_POINT('',#533);
#533 = CARTESIAN_POINT('',(48.5,-21.,0.));
#534 = CIRCLE('',#535,3.5);
#535 = AXIS2_PLACEMENT_3D('',#536,#537,#538);
#536 = CARTESIAN_POINT('',(45.,-21.,0.));
#537 = DIRECTION('',(0.,0.,1.));
#538 = DIRECTION('',(1.,0.,-0.));
#539 = FACE_BOUND('',#540,.F.);
#540 = EDGE_LOOP('',(#541));
#541 = ORIENTED_EDGE('',*,*,#542,.T.);
#542 = EDGE_CURVE('',#543,#543,#545,.T.);
#543 = VERTEX_POINT('',#544);
#544 = CARTESIAN_POINT('',(30.,-9.425,0.));
#545 = CIRCLE('',#546,0.55);
#546 = AXIS2_PLACEMENT_3D('',#547,#548,#549);
#547 = CARTESIAN_POINT('',(30.,-8.875,0.));
#548 = DIRECTION('',(-0.,0.,-1.));
#549 = DIRECTION('',(-0.,-1.,0.));
#550 = FACE_BOUND('',#551,.F.);
#551 = EDGE_LOOP('',(#552));
#552 = ORIENTED_EDGE('',*,*,#553,.T.);
#553 = EDGE_CURVE('',#554,#554,#556,.T.);
#554 = VERTEX_POINT('',#555);
#555 = CARTESIAN_POINT('',(36.5,-9.425,0.));
#556 = CIRCLE('',#557,0.55);
#557 = AXIS2_PLACEMENT_3D('',#558,#559,#560);
#558 = CARTESIAN_POINT('',(36.5,-8.875,0.));
#559 = DIRECTION('',(-0.,0.,-1.));
#560 = DIRECTION('',(-0.,-1.,0.));
#561 = FACE_BOUND('',#562,.F.);
#562 = EDGE_LOOP('',(#563));
#563 = ORIENTED_EDGE('',*,*,#564,.T.);
#564 = EDGE_CURVE('',#565,#565,#567,.T.);
#565 = VERTEX_POINT('',#566);
#566 = CARTESIAN_POINT('',(30.,-4.925,0.));
#567 = CIRCLE('',#568,0.55);
#568 = AXIS2_PLACEMENT_3D('',#569,#570,#571);
#569 = CARTESIAN_POINT('',(30.,-4.375,0.));
#570 = DIRECTION('',(-0.,0.,-1.));
#571 = DIRECTION('',(-0.,-1.,0.));
#572 = FACE_BOUND('',#573,.F.);
#573 = EDGE_LOOP('',(#574));
#574 = ORIENTED_EDGE('',*,*,#575,.T.);
#575 = EDGE_CURVE('',#576,#576,#578,.T.);
#576 = VERTEX_POINT('',#577);
#577 = CARTESIAN_POINT('',(36.5,-4.925,0.));
#578 = CIRCLE('',#579,0.55);
#579 = AXIS2_PLACEMENT_3D('',#580,#581,#582);
#580 = CARTESIAN_POINT('',(36.5,-4.375,0.));
#581 = DIRECTION('',(-0.,0.,-1.));
#582 = DIRECTION('',(-0.,-1.,0.));
#583 = FACE_BOUND('',#584,.F.);
#584 = EDGE_LOOP('',(#585));
#585 = ORIENTED_EDGE('',*,*,#586,.T.);
#586 = EDGE_CURVE('',#587,#587,#589,.T.);
#587 = VERTEX_POINT('',#588);
#588 = CARTESIAN_POINT('',(-47.,0.575,0.));
#589 = CIRCLE('',#590,0.55);
#590 = AXIS2_PLACEMENT_3D('',#591,#592,#593);
#591 = CARTESIAN_POINT('',(-47.,1.125,0.));
#592 = DIRECTION('',(-0.,0.,-1.));
#593 = DIRECTION('',(-0.,-1.,0.));
#594 = FACE_BOUND('',#595,.F.);
#595 = EDGE_LOOP('',(#596));
#596 = ORIENTED_EDGE('',*,*,#597,.T.);
#597 = EDGE_CURVE('',#598,#598,#600,.T.);
#598 = VERTEX_POINT('',#599);
#599 = CARTESIAN_POINT('',(-40.5,0.575,0.));
#600 = CIRCLE('',#601,0.55);
#601 = AXIS2_PLACEMENT_3D('',#602,#603,#604);
#602 = CARTESIAN_POINT('',(-40.5,1.125,0.));
#603 = DIRECTION('',(-0.,0.,-1.));
#604 = DIRECTION('',(-0.,-1.,0.));
#605 = FACE_BOUND('',#606,.F.);
#606 = EDGE_LOOP('',(#607));
#607 = ORIENTED_EDGE('',*,*,#608,.T.);
#608 = EDGE_CURVE('',#609,#609,#611,.T.);
#609 = VERTEX_POINT('',#610);
#610 = CARTESIAN_POINT('',(-47.,5.075,0.));
#611 = CIRCLE('',#612,0.55);
#612 = AXIS2_PLACEMENT_3D('',#613,#614,#615);
#613 = CARTESIAN_POINT('',(-47.,5.625,0.));
#614 = DIRECTION('',(-0.,0.,-1.));
#615 = DIRECTION('',(-0.,-1.,0.));
#616 = FACE_BOUND('',#617,.F.);
#617 = EDGE_LOOP('',(#618));
#618 = ORIENTED_EDGE('',*,*,#619,.T.);
#619 = EDGE_CURVE('',#620,#620,#622,.T.);
#620 = VERTEX_POINT('',#621);
#621 = CARTESIAN_POINT('',(-40.5,5.075,0.));
#622 = CIRCLE('',#623,0.55);
#623 = AXIS2_PLACEMENT_3D('',#624,#625,#626);
#624 = CARTESIAN_POINT('',(-40.5,5.625,0.));
#625 = DIRECTION('',(-0.,0.,-1.));
#626 = DIRECTION('',(-0.,-1.,0.));
#627 = FACE_BOUND('',#628,.F.);
#628 = EDGE_LOOP('',(#629));
#629 = ORIENTED_EDGE('',*,*,#630,.T.);
#630 = EDGE_CURVE('',#631,#631,#633,.T.);
#631 = VERTEX_POINT('',#632);
#632 = CARTESIAN_POINT('',(-26.,0.575,0.));
#633 = CIRCLE('',#634,0.55);
#634 = AXIS2_PLACEMENT_3D('',#635,#636,#637);
#635 = CARTESIAN_POINT('',(-26.,1.125,0.));
#636 = DIRECTION('',(-0.,0.,-1.));
#637 = DIRECTION('',(-0.,-1.,0.));
#638 = FACE_BOUND('',#639,.F.);
#639 = EDGE_LOOP('',(#640));
#640 = ORIENTED_EDGE('',*,*,#641,.T.);
#641 = EDGE_CURVE('',#642,#642,#644,.T.);
#642 = VERTEX_POINT('',#643);
#643 = CARTESIAN_POINT('',(-26.,5.075,0.));
#644 = CIRCLE('',#645,0.55);
#645 = AXIS2_PLACEMENT_3D('',#646,#647,#648);
#646 = CARTESIAN_POINT('',(-26.,5.625,0.));
#647 = DIRECTION('',(-0.,0.,-1.));
#648 = DIRECTION('',(-0.,-1.,0.));
#649 = FACE_BOUND('',#650,.F.);
#650 = EDGE_LOOP('',(#651));
#651 = ORIENTED_EDGE('',*,*,#652,.T.);
#652 = EDGE_CURVE('',#653,#653,#655,.T.);
#653 = VERTEX_POINT('',#654);
#654 = CARTESIAN_POINT('',(-36.5,10.575,0.));
#655 = CIRCLE('',#656,0.55);
#656 = AXIS2_PLACEMENT_3D('',#657,#658,#659);
#657 = CARTESIAN_POINT('',(-36.5,11.125,0.));
#658 = DIRECTION('',(-0.,0.,-1.));
#659 = DIRECTION('',(-0.,-1.,0.));
#660 = FACE_BOUND('',#661,.F.);
#661 = EDGE_LOOP('',(#662));
#662 = ORIENTED_EDGE('',*,*,#663,.T.);
#663 = EDGE_CURVE('',#664,#664,#666,.T.);
#664 = VERTEX_POINT('',#665);
#665 = CARTESIAN_POINT('',(-30.,10.575,0.));
#666 = CIRCLE('',#667,0.55);
#667 = AXIS2_PLACEMENT_3D('',#668,#669,#670);
#668 = CARTESIAN_POINT('',(-30.,11.125,0.));
#669 = DIRECTION('',(-0.,0.,-1.));
#670 = DIRECTION('',(-0.,-1.,0.));
#671 = FACE_BOUND('',#672,.F.);
#672 = EDGE_LOOP('',(#673));
#673 = ORIENTED_EDGE('',*,*,#674,.T.);
#674 = EDGE_CURVE('',#675,#675,#677,.T.);
#675 = VERTEX_POINT('',#676);
#676 = CARTESIAN_POINT('',(-19.5,0.575,0.));
#677 = CIRCLE('',#678,0.55);
#678 = AXIS2_PLACEMENT_3D('',#679,#680,#681);
#679 = CARTESIAN_POINT('',(-19.5,1.125,0.));
#680 = DIRECTION('',(-0.,0.,-1.));
#681 = DIRECTION('',(-0.,-1.,0.));
#682 = FACE_BOUND('',#683,.F.);
#683 = EDGE_LOOP('',(#684));
#684 = ORIENTED_EDGE('',*,*,#685,.T.);
#685 = EDGE_CURVE('',#686,#686,#688,.T.);
#686 = VERTEX_POINT('',#687);
#687 = CARTESIAN_POINT('',(-19.5,5.075,0.));
#688 = CIRCLE('',#689,0.55);
#689 = AXIS2_PLACEMENT_3D('',#690,#691,#692);
#690 = CARTESIAN_POINT('',(-19.5,5.625,0.));
#691 = DIRECTION('',(-0.,0.,-1.));
#692 = DIRECTION('',(-0.,-1.,0.));
#693 = FACE_BOUND('',#694,.F.);
#694 = EDGE_LOOP('',(#695));
#695 = ORIENTED_EDGE('',*,*,#696,.T.);
#696 = EDGE_CURVE('',#697,#697,#699,.T.);
#697 = VERTEX_POINT('',#698);
#698 = CARTESIAN_POINT('',(-36.5,15.075,0.));
#699 = CIRCLE('',#700,0.55);
#700 = AXIS2_PLACEMENT_3D('',#701,#702,#703);
#701 = CARTESIAN_POINT('',(-36.5,15.625,0.));
#702 = DIRECTION('',(-0.,0.,-1.));
#703 = DIRECTION('',(-0.,-1.,0.));
#704 = FACE_BOUND('',#705,.F.);
#705 = EDGE_LOOP('',(#706));
#706 = ORIENTED_EDGE('',*,*,#707,.T.);
#707 = EDGE_CURVE('',#708,#708,#710,.T.);
#708 = VERTEX_POINT('',#709);
#709 = CARTESIAN_POINT('',(-30.,15.075,0.));
#710 = CIRCLE('',#711,0.55);
#711 = AXIS2_PLACEMENT_3D('',#712,#713,#714);
#712 = CARTESIAN_POINT('',(-30.,15.625,0.));
#713 = DIRECTION('',(-0.,0.,-1.));
#714 = DIRECTION('',(-0.,-1.,0.));
#715 = FACE_BOUND('',#716,.F.);
#716 = EDGE_LOOP('',(#717));
#717 = ORIENTED_EDGE('',*,*,#718,.F.);
#718 = EDGE_CURVE('',#719,#719,#721,.T.);
#719 = VERTEX_POINT('',#720);
#720 = CARTESIAN_POINT('',(-41.5,21.,0.));
#721 = CIRCLE('',#722,3.5);
#722 = AXIS2_PLACEMENT_3D('',#723,#724,#725);
#723 = CARTESIAN_POINT('',(-45.,21.,0.));
#724 = DIRECTION('',(0.,0.,1.));
#725 = DIRECTION('',(1.,0.,-0.));
#726 = FACE_BOUND('',#727,.F.);
#727 = EDGE_LOOP('',(#728));
#728 = ORIENTED_EDGE('',*,*,#729,.F.);
#729 = EDGE_CURVE('',#730,#730,#732,.T.);
#730 = VERTEX_POINT('',#731);
#731 = CARTESIAN_POINT('',(-12.25,23.25,0.));
#732 = CIRCLE('',#733,1.25);
#733 = AXIS2_PLACEMENT_3D('',#734,#735,#736);
#734 = CARTESIAN_POINT('',(-13.5,23.25,0.));
#735 = DIRECTION('',(0.,0.,1.));
#736 = DIRECTION('',(1.,0.,-0.));
#737 = FACE_BOUND('',#738,.F.);
#738 = EDGE_LOOP('',(#739));
#739 = ORIENTED_EDGE('',*,*,#740,.T.);
#740 = EDGE_CURVE('',#741,#741,#743,.T.);
#741 = VERTEX_POINT('',#742);
#742 = CARTESIAN_POINT('',(-8.89,23.75,0.));
#743 = CIRCLE('',#744,0.5);
#744 = AXIS2_PLACEMENT_3D('',#745,#746,#747);
#745 = CARTESIAN_POINT('',(-8.89,24.25,0.));
#746 = DIRECTION('',(-0.,0.,-1.));
#747 = DIRECTION('',(-0.,-1.,0.));
#748 = FACE_BOUND('',#749,.F.);
#749 = EDGE_LOOP('',(#750));
#750 = ORIENTED_EDGE('',*,*,#751,.T.);
#751 = EDGE_CURVE('',#752,#752,#754,.T.);
#752 = VERTEX_POINT('',#753);
#753 = CARTESIAN_POINT('',(-6.35,23.75,0.));
#754 = CIRCLE('',#755,0.5);
#755 = AXIS2_PLACEMENT_3D('',#756,#757,#758);
#756 = CARTESIAN_POINT('',(-6.35,24.25,0.));
#757 = DIRECTION('',(-0.,0.,-1.));
#758 = DIRECTION('',(-0.,-1.,0.));
#759 = FACE_BOUND('',#760,.F.);
#760 = EDGE_LOOP('',(#761));
#761 = ORIENTED_EDGE('',*,*,#762,.T.);
#762 = EDGE_CURVE('',#763,#763,#765,.T.);
#763 = VERTEX_POINT('',#764);
#764 = CARTESIAN_POINT('',(-3.81,23.75,0.));
#765 = CIRCLE('',#766,0.5);
#766 = AXIS2_PLACEMENT_3D('',#767,#768,#769);
#767 = CARTESIAN_POINT('',(-3.81,24.25,0.));
#768 = DIRECTION('',(-0.,0.,-1.));
#769 = DIRECTION('',(-8.881784197001E-16,-1.,0.));
#770 = FACE_BOUND('',#771,.F.);
#771 = EDGE_LOOP('',(#772));
#772 = ORIENTED_EDGE('',*,*,#773,.T.);
#773 = EDGE_CURVE('',#774,#774,#776,.T.);
#774 = VERTEX_POINT('',#775);
#775 = CARTESIAN_POINT('',(-1.27,23.75,0.));
#776 = CIRCLE('',#777,0.5);
#777 = AXIS2_PLACEMENT_3D('',#778,#779,#780);
#778 = CARTESIAN_POINT('',(-1.27,24.25,0.));
#779 = DIRECTION('',(-0.,0.,-1.));
#780 = DIRECTION('',(-0.,-1.,0.));
#781 = FACE_BOUND('',#782,.F.);
#782 = EDGE_LOOP('',(#783,#794,#802,#811,#819,#828,#836,#845));
#783 = ORIENTED_EDGE('',*,*,#784,.F.);
#784 = EDGE_CURVE('',#785,#787,#789,.T.);
#785 = VERTEX_POINT('',#786);
#786 = CARTESIAN_POINT('',(-9.,16.,0.));
#787 = VERTEX_POINT('',#788);
#788 = CARTESIAN_POINT('',(-12.,13.,0.));
#789 = CIRCLE('',#790,3.000001172987);
#790 = AXIS2_PLACEMENT_3D('',#791,#792,#793);
#791 = CARTESIAN_POINT('',(-8.999998827013,12.999998827013,0.));
#792 = DIRECTION('',(0.,0.,1.));
#793 = DIRECTION('',(-3.909953610143E-07,1.,0.));
#794 = ORIENTED_EDGE('',*,*,#795,.F.);
#795 = EDGE_CURVE('',#796,#785,#798,.T.);
#796 = VERTEX_POINT('',#797);
#797 = CARTESIAN_POINT('',(9.,16.,0.));
#798 = LINE('',#799,#800);
#799 = CARTESIAN_POINT('',(9.,16.,0.));
#800 = VECTOR('',#801,1.);
#801 = DIRECTION('',(-1.,0.,0.));
#802 = ORIENTED_EDGE('',*,*,#803,.F.);
#803 = EDGE_CURVE('',#804,#796,#806,.T.);
#804 = VERTEX_POINT('',#805);
#805 = CARTESIAN_POINT('',(12.,13.,0.));
#806 = CIRCLE('',#807,3.000001172987);
#807 = AXIS2_PLACEMENT_3D('',#808,#809,#810);
#808 = CARTESIAN_POINT('',(8.999998827013,12.999998827013,0.));
#809 = DIRECTION('',(0.,0.,1.));
#810 = DIRECTION('',(1.,3.909953616065E-07,-0.));
#811 = ORIENTED_EDGE('',*,*,#812,.F.);
#812 = EDGE_CURVE('',#813,#804,#815,.T.);
#813 = VERTEX_POINT('',#814);
#814 = CARTESIAN_POINT('',(12.,-8.,0.));
#815 = LINE('',#816,#817);
#816 = CARTESIAN_POINT('',(12.,-8.,0.));
#817 = VECTOR('',#818,1.);
#818 = DIRECTION('',(0.,1.,0.));
#819 = ORIENTED_EDGE('',*,*,#820,.F.);
#820 = EDGE_CURVE('',#821,#813,#823,.T.);
#821 = VERTEX_POINT('',#822);
#822 = CARTESIAN_POINT('',(9.,-11.,0.));
#823 = CIRCLE('',#824,3.000001172987);
#824 = AXIS2_PLACEMENT_3D('',#825,#826,#827);
#825 = CARTESIAN_POINT('',(8.999998827013,-7.999998827013,0.));
#826 = DIRECTION('',(0.,0.,1.));
#827 = DIRECTION('',(3.909953610143E-07,-1.,0.));
#828 = ORIENTED_EDGE('',*,*,#829,.F.);
#829 = EDGE_CURVE('',#830,#821,#832,.T.);
#830 = VERTEX_POINT('',#831);
#831 = CARTESIAN_POINT('',(-9.,-11.,0.));
#832 = LINE('',#833,#834);
#833 = CARTESIAN_POINT('',(-9.,-11.,0.));
#834 = VECTOR('',#835,1.);
#835 = DIRECTION('',(1.,0.,0.));
#836 = ORIENTED_EDGE('',*,*,#837,.F.);
#837 = EDGE_CURVE('',#838,#830,#840,.T.);
#838 = VERTEX_POINT('',#839);
#839 = CARTESIAN_POINT('',(-12.,-8.,0.));
#840 = CIRCLE('',#841,3.000001172987);
#841 = AXIS2_PLACEMENT_3D('',#842,#843,#844);
#842 = CARTESIAN_POINT('',(-8.999998827013,-7.999998827013,0.));
#843 = DIRECTION('',(0.,0.,1.));
#844 = DIRECTION('',(-1.,-3.909953616065E-07,0.));
#845 = ORIENTED_EDGE('',*,*,#846,.F.);
#846 = EDGE_CURVE('',#787,#838,#847,.T.);
#847 = LINE('',#848,#849);
#848 = CARTESIAN_POINT('',(-12.,13.,0.));
#849 = VECTOR('',#850,1.);
#850 = DIRECTION('',(0.,-1.,0.));
#851 = FACE_BOUND('',#852,.F.);
#852 = EDGE_LOOP('',(#853));
#853 = ORIENTED_EDGE('',*,*,#854,.T.);
#854 = EDGE_CURVE('',#855,#855,#857,.T.);
#855 = VERTEX_POINT('',#856);
#856 = CARTESIAN_POINT('',(19.5,0.575,0.));
#857 = CIRCLE('',#858,0.55);
#858 = AXIS2_PLACEMENT_3D('',#859,#860,#861);
#859 = CARTESIAN_POINT('',(19.5,1.125,0.));
#860 = DIRECTION('',(-0.,0.,-1.));
#861 = DIRECTION('',(-0.,-1.,0.));
#862 = FACE_BOUND('',#863,.F.);
#863 = EDGE_LOOP('',(#864));
#864 = ORIENTED_EDGE('',*,*,#865,.T.);
#865 = EDGE_CURVE('',#866,#866,#868,.T.);
#866 = VERTEX_POINT('',#867);
#867 = CARTESIAN_POINT('',(19.5,5.075,0.));
#868 = CIRCLE('',#869,0.55);
#869 = AXIS2_PLACEMENT_3D('',#870,#871,#872);
#870 = CARTESIAN_POINT('',(19.5,5.625,0.));
#871 = DIRECTION('',(-0.,0.,-1.));
#872 = DIRECTION('',(-0.,-1.,0.));
#873 = FACE_BOUND('',#874,.F.);
#874 = EDGE_LOOP('',(#875));
#875 = ORIENTED_EDGE('',*,*,#876,.T.);
#876 = EDGE_CURVE('',#877,#877,#879,.T.);
#877 = VERTEX_POINT('',#878);
#878 = CARTESIAN_POINT('',(26.,0.575,0.));
#879 = CIRCLE('',#880,0.55);
#880 = AXIS2_PLACEMENT_3D('',#881,#882,#883);
#881 = CARTESIAN_POINT('',(26.,1.125,0.));
#882 = DIRECTION('',(-0.,0.,-1.));
#883 = DIRECTION('',(-0.,-1.,0.));
#884 = FACE_BOUND('',#885,.F.);
#885 = EDGE_LOOP('',(#886));
#886 = ORIENTED_EDGE('',*,*,#887,.T.);
#887 = EDGE_CURVE('',#888,#888,#890,.T.);
#888 = VERTEX_POINT('',#889);
#889 = CARTESIAN_POINT('',(26.,5.075,0.));
#890 = CIRCLE('',#891,0.55);
#891 = AXIS2_PLACEMENT_3D('',#892,#893,#894);
#892 = CARTESIAN_POINT('',(26.,5.625,0.));
#893 = DIRECTION('',(-0.,0.,-1.));
#894 = DIRECTION('',(-0.,-1.,0.));
#895 = FACE_BOUND('',#896,.F.);
#896 = EDGE_LOOP('',(#897));
#897 = ORIENTED_EDGE('',*,*,#898,.T.);
#898 = EDGE_CURVE('',#899,#899,#901,.T.);
#899 = VERTEX_POINT('',#900);
#900 = CARTESIAN_POINT('',(40.5,0.65,0.));
#901 = CIRCLE('',#902,0.55);
#902 = AXIS2_PLACEMENT_3D('',#903,#904,#905);
#903 = CARTESIAN_POINT('',(40.5,1.2,0.));
#904 = DIRECTION('',(-0.,0.,-1.));
#905 = DIRECTION('',(-0.,-1.,0.));
#906 = FACE_BOUND('',#907,.F.);
#907 = EDGE_LOOP('',(#908));
#908 = ORIENTED_EDGE('',*,*,#909,.T.);
#909 = EDGE_CURVE('',#910,#910,#912,.T.);
#910 = VERTEX_POINT('',#911);
#911 = CARTESIAN_POINT('',(47.,0.65,0.));
#912 = CIRCLE('',#913,0.55);
#913 = AXIS2_PLACEMENT_3D('',#914,#915,#916);
#914 = CARTESIAN_POINT('',(47.,1.2,0.));
#915 = DIRECTION('',(-0.,0.,-1.));
#916 = DIRECTION('',(-0.,-1.,0.));
#917 = FACE_BOUND('',#918,.F.);
#918 = EDGE_LOOP('',(#919));
#919 = ORIENTED_EDGE('',*,*,#920,.T.);
#920 = EDGE_CURVE('',#921,#921,#923,.T.);
#921 = VERTEX_POINT('',#922);
#922 = CARTESIAN_POINT('',(40.5,5.15,0.));
#923 = CIRCLE('',#924,0.55);
#924 = AXIS2_PLACEMENT_3D('',#925,#926,#927);
#925 = CARTESIAN_POINT('',(40.5,5.7,0.));
#926 = DIRECTION('',(-0.,0.,-1.));
#927 = DIRECTION('',(-0.,-1.,0.));
#928 = FACE_BOUND('',#929,.F.);
#929 = EDGE_LOOP('',(#930));
#930 = ORIENTED_EDGE('',*,*,#931,.T.);
#931 = EDGE_CURVE('',#932,#932,#934,.T.);
#932 = VERTEX_POINT('',#933);
#933 = CARTESIAN_POINT('',(47.,5.15,0.));
#934 = CIRCLE('',#935,0.55);
#935 = AXIS2_PLACEMENT_3D('',#936,#937,#938);
#936 = CARTESIAN_POINT('',(47.,5.7,0.));
#937 = DIRECTION('',(-0.,0.,-1.));
#938 = DIRECTION('',(-0.,-1.,0.));
#939 = FACE_BOUND('',#940,.F.);
#940 = EDGE_LOOP('',(#941));
#941 = ORIENTED_EDGE('',*,*,#942,.T.);
#942 = EDGE_CURVE('',#943,#943,#945,.T.);
#943 = VERTEX_POINT('',#944);
#944 = CARTESIAN_POINT('',(30.,10.575,0.));
#945 = CIRCLE('',#946,0.55);
#946 = AXIS2_PLACEMENT_3D('',#947,#948,#949);
#947 = CARTESIAN_POINT('',(30.,11.125,0.));
#948 = DIRECTION('',(-0.,0.,-1.));
#949 = DIRECTION('',(-0.,-1.,0.));
#950 = FACE_BOUND('',#951,.F.);
#951 = EDGE_LOOP('',(#952));
#952 = ORIENTED_EDGE('',*,*,#953,.T.);
#953 = EDGE_CURVE('',#954,#954,#956,.T.);
#954 = VERTEX_POINT('',#955);
#955 = CARTESIAN_POINT('',(36.5,10.575,0.));
#956 = CIRCLE('',#957,0.55);
#957 = AXIS2_PLACEMENT_3D('',#958,#959,#960);
#958 = CARTESIAN_POINT('',(36.5,11.125,0.));
#959 = DIRECTION('',(-0.,0.,-1.));
#960 = DIRECTION('',(-0.,-1.,0.));
#961 = FACE_BOUND('',#962,.F.);
#962 = EDGE_LOOP('',(#963));
#963 = ORIENTED_EDGE('',*,*,#964,.T.);
#964 = EDGE_CURVE('',#965,#965,#967,.T.);
#965 = VERTEX_POINT('',#966);
#966 = CARTESIAN_POINT('',(19.,14.45,0.));
#967 = CIRCLE('',#968,0.55);
#968 = AXIS2_PLACEMENT_3D('',#969,#970,#971);
#969 = CARTESIAN_POINT('',(19.,15.,0.));
#970 = DIRECTION('',(-0.,0.,-1.));
#971 = DIRECTION('',(-0.,-1.,0.));
#972 = FACE_BOUND('',#973,.F.);
#973 = EDGE_LOOP('',(#974));
#974 = ORIENTED_EDGE('',*,*,#975,.T.);
#975 = EDGE_CURVE('',#976,#976,#978,.T.);
#976 = VERTEX_POINT('',#977);
#977 = CARTESIAN_POINT('',(1.27,23.75,0.));
#978 = CIRCLE('',#979,0.5);
#979 = AXIS2_PLACEMENT_3D('',#980,#981,#982);
#980 = CARTESIAN_POINT('',(1.27,24.25,0.));
#981 = DIRECTION('',(-0.,0.,-1.));
#982 = DIRECTION('',(-0.,-1.,0.));
#983 = FACE_BOUND('',#984,.F.);
#984 = EDGE_LOOP('',(#985));
#985 = ORIENTED_EDGE('',*,*,#986,.T.);
#986 = EDGE_CURVE('',#987,#987,#989,.T.);
#987 = VERTEX_POINT('',#988);
#988 = CARTESIAN_POINT('',(3.81,23.75,0.));
#989 = CIRCLE('',#990,0.5);
#990 = AXIS2_PLACEMENT_3D('',#991,#992,#993);
#991 = CARTESIAN_POINT('',(3.81,24.25,0.));
#992 = DIRECTION('',(-0.,0.,-1.));
#993 = DIRECTION('',(8.881784197001E-16,-1.,-0.));
#994 = FACE_BOUND('',#995,.F.);
#995 = EDGE_LOOP('',(#996));
#996 = ORIENTED_EDGE('',*,*,#997,.T.);
#997 = EDGE_CURVE('',#998,#998,#1000,.T.);
#998 = VERTEX_POINT('',#999);
#999 = CARTESIAN_POINT('',(6.35,23.75,0.));
#1000 = CIRCLE('',#1001,0.5);
#1001 = AXIS2_PLACEMENT_3D('',#1002,#1003,#1004);
#1002 = CARTESIAN_POINT('',(6.35,24.25,0.));
#1003 = DIRECTION('',(-0.,0.,-1.));
#1004 = DIRECTION('',(-0.,-1.,0.));
#1005 = FACE_BOUND('',#1006,.F.);
#1006 = EDGE_LOOP('',(#1007));
#1007 = ORIENTED_EDGE('',*,*,#1008,.T.);
#1008 = EDGE_CURVE('',#1009,#1009,#1011,.T.);
#1009 = VERTEX_POINT('',#1010);
#1010 = CARTESIAN_POINT('',(8.89,23.75,0.));
#1011 = CIRCLE('',#1012,0.5);
#1012 = AXIS2_PLACEMENT_3D('',#1013,#1014,#1015);
#1013 = CARTESIAN_POINT('',(8.89,24.25,0.));
#1014 = DIRECTION('',(-0.,0.,-1.));
#1015 = DIRECTION('',(-0.,-1.,0.));
#1016 = FACE_BOUND('',#1017,.F.);
#1017 = EDGE_LOOP('',(#1018));
#1018 = ORIENTED_EDGE('',*,*,#1019,.T.);
#1019 = EDGE_CURVE('',#1020,#1020,#1022,.T.);
#1020 = VERTEX_POINT('',#1021);
#1021 = CARTESIAN_POINT('',(19.,18.95,0.));
#1022 = CIRCLE('',#1023,0.55);
#1023 = AXIS2_PLACEMENT_3D('',#1024,#1025,#1026);
#1024 = CARTESIAN_POINT('',(19.,19.5,0.));
#1025 = DIRECTION('',(-0.,0.,-1.));
#1026 = DIRECTION('',(-0.,-1.,0.));
#1027 = FACE_BOUND('',#1028,.F.);
#1028 = EDGE_LOOP('',(#1029));
#1029 = ORIENTED_EDGE('',*,*,#1030,.F.);
#1030 = EDGE_CURVE('',#1031,#1031,#1033,.T.);
#1031 = VERTEX_POINT('',#1032);
#1032 = CARTESIAN_POINT('',(14.75,23.25,0.));
#1033 = CIRCLE('',#1034,1.25);
#1034 = AXIS2_PLACEMENT_3D('',#1035,#1036,#1037);
#1035 = CARTESIAN_POINT('',(13.5,23.25,0.));
#1036 = DIRECTION('',(0.,0.,1.));
#1037 = DIRECTION('',(1.,0.,-0.));
#1038 = FACE_BOUND('',#1039,.F.);
#1039 = EDGE_LOOP('',(#1040));
#1040 = ORIENTED_EDGE('',*,*,#1041,.T.);
#1041 = EDGE_CURVE('',#1042,#1042,#1044,.T.);
#1042 = VERTEX_POINT('',#1043);
#1043 = CARTESIAN_POINT('',(25.5,14.45,0.));
#1044 = CIRCLE('',#1045,0.55);
#1045 = AXIS2_PLACEMENT_3D('',#1046,#1047,#1048);
#1046 = CARTESIAN_POINT('',(25.5,15.,0.));
#1047 = DIRECTION('',(-0.,0.,-1.));
#1048 = DIRECTION('',(-0.,-1.,0.));
#1049 = FACE_BOUND('',#1050,.F.);
#1050 = EDGE_LOOP('',(#1051));
#1051 = ORIENTED_EDGE('',*,*,#1052,.T.);
#1052 = EDGE_CURVE('',#1053,#1053,#1055,.T.);
#1053 = VERTEX_POINT('',#1054);
#1054 = CARTESIAN_POINT('',(30.,15.075,0.));
#1055 = CIRCLE('',#1056,0.55);
#1056 = AXIS2_PLACEMENT_3D('',#1057,#1058,#1059);
#1057 = CARTESIAN_POINT('',(30.,15.625,0.));
#1058 = DIRECTION('',(-0.,0.,-1.));
#1059 = DIRECTION('',(-0.,-1.,0.));
#1060 = FACE_BOUND('',#1061,.F.);
#1061 = EDGE_LOOP('',(#1062));
#1062 = ORIENTED_EDGE('',*,*,#1063,.T.);
#1063 = EDGE_CURVE('',#1064,#1064,#1066,.T.);
#1064 = VERTEX_POINT('',#1065);
#1065 = CARTESIAN_POINT('',(36.5,15.075,0.));
#1066 = CIRCLE('',#1067,0.55);
#1067 = AXIS2_PLACEMENT_3D('',#1068,#1069,#1070);
#1068 = CARTESIAN_POINT('',(36.5,15.625,0.));
#1069 = DIRECTION('',(-0.,0.,-1.));
#1070 = DIRECTION('',(-0.,-1.,0.));
#1071 = FACE_BOUND('',#1072,.F.);
#1072 = EDGE_LOOP('',(#1073));
#1073 = ORIENTED_EDGE('',*,*,#1074,.T.);
#1074 = EDGE_CURVE('',#1075,#1075,#1077,.T.);
#1075 = VERTEX_POINT('',#1076);
#1076 = CARTESIAN_POINT('',(25.5,18.95,0.));
#1077 = CIRCLE('',#1078,0.55);
#1078 = AXIS2_PLACEMENT_3D('',#1079,#1080,#1081);
#1079 = CARTESIAN_POINT('',(25.5,19.5,0.));
#1080 = DIRECTION('',(-0.,0.,-1.));
#1081 = DIRECTION('',(-0.,-1.,0.));
#1082 = FACE_BOUND('',#1083,.F.);
#1083 = EDGE_LOOP('',(#1084));
#1084 = ORIENTED_EDGE('',*,*,#1085,.F.);
#1085 = EDGE_CURVE('',#1086,#1086,#1088,.T.);
#1086 = VERTEX_POINT('',#1087);
#1087 = CARTESIAN_POINT('',(48.5,21.,0.));
#1088 = CIRCLE('',#1089,3.5);
#1089 = AXIS2_PLACEMENT_3D('',#1090,#1091,#1092);
#1090 = CARTESIAN_POINT('',(45.,21.,0.));
#1091 = DIRECTION('',(0.,0.,1.));
#1092 = DIRECTION('',(1.,0.,-0.));
#1093 = PLANE('',#1094);
#1094 = AXIS2_PLACEMENT_3D('',#1095,#1096,#1097);
#1095 = CARTESIAN_POINT('',(0.,0.,0.));
#1096 = DIRECTION('',(0.,0.,1.));
#1097 = DIRECTION('',(1.,0.,-0.));
#1098 = ADVANCED_FACE('',(#1099,#1145,#1156,#1167,#1178,#1189,#1200,
    #1211,#1222,#1233,#1244,#1255,#1291,#1302,#1338,#1349,#1360,#1371,
    #1382,#1393,#1429,#1440,#1476,#1487,#1498,#1509,#1520,#1531,#1542,
    #1553,#1564,#1575,#1586,#1597,#1608,#1619,#1630,#1641,#1652,#1663,
    #1674,#1685,#1696,#1707,#1718,#1729,#1740,#1810,#1821,#1832,#1843,
    #1854,#1865,#1876,#1887,#1898,#1909,#1920,#1931,#1942,#1953,#1964,
    #1975,#1986,#1997,#2008,#2019,#2030,#2041),#2052,.T.);
#1099 = FACE_BOUND('',#1100,.T.);
#1100 = EDGE_LOOP('',(#1101,#1102,#1103,#1112,#1120,#1129,#1137,#1144));
#1101 = ORIENTED_EDGE('',*,*,#49,.F.);
#1102 = ORIENTED_EDGE('',*,*,#91,.F.);
#1103 = ORIENTED_EDGE('',*,*,#1104,.F.);
#1104 = EDGE_CURVE('',#1105,#84,#1107,.T.);
#1105 = VERTEX_POINT('',#1106);
#1106 = CARTESIAN_POINT('',(-50.,23.,1.51));
#1107 = CIRCLE('',#1108,3.000001172987);
#1108 = AXIS2_PLACEMENT_3D('',#1109,#1110,#1111);
#1109 = CARTESIAN_POINT('',(-46.99999882701,22.999998827013,1.51));
#1110 = DIRECTION('',(0.,0.,-1.));
#1111 = DIRECTION('',(-1.,3.909953639749E-07,0.));
#1112 = ORIENTED_EDGE('',*,*,#1113,.F.);
#1113 = EDGE_CURVE('',#1114,#1105,#1116,.T.);
#1114 = VERTEX_POINT('',#1115);
#1115 = CARTESIAN_POINT('',(-50.,-23.,1.51));
#1116 = LINE('',#1117,#1118);
#1117 = CARTESIAN_POINT('',(-50.,-23.,1.51));
#1118 = VECTOR('',#1119,1.);
#1119 = DIRECTION('',(0.,1.,0.));
#1120 = ORIENTED_EDGE('',*,*,#1121,.F.);
#1121 = EDGE_CURVE('',#1122,#1114,#1124,.T.);
#1122 = VERTEX_POINT('',#1123);
#1123 = CARTESIAN_POINT('',(-47.,-26.,1.51));
#1124 = CIRCLE('',#1125,3.000001172987);
#1125 = AXIS2_PLACEMENT_3D('',#1126,#1127,#1128);
#1126 = CARTESIAN_POINT('',(-46.99999882701,-22.99999882701,1.51));
#1127 = DIRECTION('',(0.,0.,-1.));
#1128 = DIRECTION('',(-3.909953639749E-07,-1.,-0.));
#1129 = ORIENTED_EDGE('',*,*,#1130,.F.);
#1130 = EDGE_CURVE('',#1131,#1122,#1133,.T.);
#1131 = VERTEX_POINT('',#1132);
#1132 = CARTESIAN_POINT('',(47.,-26.,1.51));
#1133 = LINE('',#1134,#1135);
#1134 = CARTESIAN_POINT('',(47.,-26.,1.51));
#1135 = VECTOR('',#1136,1.);
#1136 = DIRECTION('',(-1.,0.,0.));
#1137 = ORIENTED_EDGE('',*,*,#1138,.F.);
#1138 = EDGE_CURVE('',#114,#1131,#1139,.T.);
#1139 = CIRCLE('',#1140,3.000001172987);
#1140 = AXIS2_PLACEMENT_3D('',#1141,#1142,#1143);
#1141 = CARTESIAN_POINT('',(46.999998827013,-22.99999882701,1.51));
#1142 = DIRECTION('',(0.,0.,-1.));
#1143 = DIRECTION('',(1.,-3.909953639749E-07,0.));
#1144 = ORIENTED_EDGE('',*,*,#113,.F.);
#1145 = FACE_BOUND('',#1146,.T.);
#1146 = EDGE_LOOP('',(#1147));
#1147 = ORIENTED_EDGE('',*,*,#1148,.F.);
#1148 = EDGE_CURVE('',#1149,#1149,#1151,.T.);
#1149 = VERTEX_POINT('',#1150);
#1150 = CARTESIAN_POINT('',(-41.5,-21.,1.51));
#1151 = CIRCLE('',#1152,3.5);
#1152 = AXIS2_PLACEMENT_3D('',#1153,#1154,#1155);
#1153 = CARTESIAN_POINT('',(-45.,-21.,1.51));
#1154 = DIRECTION('',(0.,0.,1.));
#1155 = DIRECTION('',(1.,0.,-0.));
#1156 = FACE_BOUND('',#1157,.T.);
#1157 = EDGE_LOOP('',(#1158));
#1158 = ORIENTED_EDGE('',*,*,#1159,.T.);
#1159 = EDGE_CURVE('',#1160,#1160,#1162,.T.);
#1160 = VERTEX_POINT('',#1161);
#1161 = CARTESIAN_POINT('',(-24.6,-21.95,1.51));
#1162 = CIRCLE('',#1163,0.1);
#1163 = AXIS2_PLACEMENT_3D('',#1164,#1165,#1166);
#1164 = CARTESIAN_POINT('',(-24.6,-21.85,1.51));
#1165 = DIRECTION('',(-0.,0.,-1.));
#1166 = DIRECTION('',(-0.,-1.,0.));
#1167 = FACE_BOUND('',#1168,.T.);
#1168 = EDGE_LOOP('',(#1169));
#1169 = ORIENTED_EDGE('',*,*,#1170,.T.);
#1170 = EDGE_CURVE('',#1171,#1171,#1173,.T.);
#1171 = VERTEX_POINT('',#1172);
#1172 = CARTESIAN_POINT('',(-24.6,-20.75,1.51));
#1173 = CIRCLE('',#1174,0.1);
#1174 = AXIS2_PLACEMENT_3D('',#1175,#1176,#1177);
#1175 = CARTESIAN_POINT('',(-24.6,-20.65,1.51));
#1176 = DIRECTION('',(-0.,0.,-1.));
#1177 = DIRECTION('',(-0.,-1.,0.));
#1178 = FACE_BOUND('',#1179,.T.);
#1179 = EDGE_LOOP('',(#1180));
#1180 = ORIENTED_EDGE('',*,*,#1181,.T.);
#1181 = EDGE_CURVE('',#1182,#1182,#1184,.T.);
#1182 = VERTEX_POINT('',#1183);
#1183 = CARTESIAN_POINT('',(-24.6,-19.55,1.51));
#1184 = CIRCLE('',#1185,0.1);
#1185 = AXIS2_PLACEMENT_3D('',#1186,#1187,#1188);
#1186 = CARTESIAN_POINT('',(-24.6,-19.45,1.51));
#1187 = DIRECTION('',(-0.,0.,-1.));
#1188 = DIRECTION('',(-0.,-1.,0.));
#1189 = FACE_BOUND('',#1190,.T.);
#1190 = EDGE_LOOP('',(#1191));
#1191 = ORIENTED_EDGE('',*,*,#1192,.T.);
#1192 = EDGE_CURVE('',#1193,#1193,#1195,.T.);
#1193 = VERTEX_POINT('',#1194);
#1194 = CARTESIAN_POINT('',(-35.79,-16.6,1.51));
#1195 = CIRCLE('',#1196,0.6);
#1196 = AXIS2_PLACEMENT_3D('',#1197,#1198,#1199);
#1197 = CARTESIAN_POINT('',(-35.79,-16.,1.51));
#1198 = DIRECTION('',(-0.,0.,-1.));
#1199 = DIRECTION('',(-0.,-1.,0.));
#1200 = FACE_BOUND('',#1201,.T.);
#1201 = EDGE_LOOP('',(#1202));
#1202 = ORIENTED_EDGE('',*,*,#1203,.T.);
#1203 = EDGE_CURVE('',#1204,#1204,#1206,.T.);
#1204 = VERTEX_POINT('',#1205);
#1205 = CARTESIAN_POINT('',(-33.25,-16.6,1.51));
#1206 = CIRCLE('',#1207,0.6);
#1207 = AXIS2_PLACEMENT_3D('',#1208,#1209,#1210);
#1208 = CARTESIAN_POINT('',(-33.25,-16.,1.51));
#1209 = DIRECTION('',(-0.,0.,-1.));
#1210 = DIRECTION('',(-0.,-1.,0.));
#1211 = FACE_BOUND('',#1212,.T.);
#1212 = EDGE_LOOP('',(#1213));
#1213 = ORIENTED_EDGE('',*,*,#1214,.T.);
#1214 = EDGE_CURVE('',#1215,#1215,#1217,.T.);
#1215 = VERTEX_POINT('',#1216);
#1216 = CARTESIAN_POINT('',(-30.71,-16.6,1.51));
#1217 = CIRCLE('',#1218,0.6);
#1218 = AXIS2_PLACEMENT_3D('',#1219,#1220,#1221);
#1219 = CARTESIAN_POINT('',(-30.71,-16.,1.51));
#1220 = DIRECTION('',(-0.,0.,-1.));
#1221 = DIRECTION('',(-0.,-1.,0.));
#1222 = FACE_BOUND('',#1223,.T.);
#1223 = EDGE_LOOP('',(#1224));
#1224 = ORIENTED_EDGE('',*,*,#1225,.T.);
#1225 = EDGE_CURVE('',#1226,#1226,#1228,.T.);
#1226 = VERTEX_POINT('',#1227);
#1227 = CARTESIAN_POINT('',(-23.2,-21.95,1.51));
#1228 = CIRCLE('',#1229,0.1);
#1229 = AXIS2_PLACEMENT_3D('',#1230,#1231,#1232);
#1230 = CARTESIAN_POINT('',(-23.2,-21.85,1.51));
#1231 = DIRECTION('',(-0.,0.,-1.));
#1232 = DIRECTION('',(3.5527136788E-14,-1.,-0.));
#1233 = FACE_BOUND('',#1234,.T.);
#1234 = EDGE_LOOP('',(#1235));
#1235 = ORIENTED_EDGE('',*,*,#1236,.T.);
#1236 = EDGE_CURVE('',#1237,#1237,#1239,.T.);
#1237 = VERTEX_POINT('',#1238);
#1238 = CARTESIAN_POINT('',(-23.2,-20.75,1.51));
#1239 = CIRCLE('',#1240,0.1);
#1240 = AXIS2_PLACEMENT_3D('',#1241,#1242,#1243);
#1241 = CARTESIAN_POINT('',(-23.2,-20.65,1.51));
#1242 = DIRECTION('',(-0.,0.,-1.));
#1243 = DIRECTION('',(3.5527136788E-14,-1.,-0.));
#1244 = FACE_BOUND('',#1245,.T.);
#1245 = EDGE_LOOP('',(#1246));
#1246 = ORIENTED_EDGE('',*,*,#1247,.T.);
#1247 = EDGE_CURVE('',#1248,#1248,#1250,.T.);
#1248 = VERTEX_POINT('',#1249);
#1249 = CARTESIAN_POINT('',(-23.2,-19.55,1.51));
#1250 = CIRCLE('',#1251,0.1);
#1251 = AXIS2_PLACEMENT_3D('',#1252,#1253,#1254);
#1252 = CARTESIAN_POINT('',(-23.2,-19.45,1.51));
#1253 = DIRECTION('',(-0.,0.,-1.));
#1254 = DIRECTION('',(3.5527136788E-14,-1.,-0.));
#1255 = FACE_BOUND('',#1256,.T.);
#1256 = EDGE_LOOP('',(#1257,#1268,#1276,#1285));
#1257 = ORIENTED_EDGE('',*,*,#1258,.T.);
#1258 = EDGE_CURVE('',#1259,#1261,#1263,.T.);
#1259 = VERTEX_POINT('',#1260);
#1260 = CARTESIAN_POINT('',(-4.02,-24.6,1.51));
#1261 = VERTEX_POINT('',#1262);
#1262 = CARTESIAN_POINT('',(-4.62,-24.6,1.51));
#1263 = CIRCLE('',#1264,0.3);
#1264 = AXIS2_PLACEMENT_3D('',#1265,#1266,#1267);
#1265 = CARTESIAN_POINT('',(-4.32,-24.6,1.51));
#1266 = DIRECTION('',(-0.,0.,-1.));
#1267 = DIRECTION('',(-1.,-1.184237892934E-14,0.));
#1268 = ORIENTED_EDGE('',*,*,#1269,.T.);
#1269 = EDGE_CURVE('',#1261,#1270,#1272,.T.);
#1270 = VERTEX_POINT('',#1271);
#1271 = CARTESIAN_POINT('',(-4.62,-24.,1.51));
#1272 = LINE('',#1273,#1274);
#1273 = CARTESIAN_POINT('',(-4.62,-12.,1.51));
#1274 = VECTOR('',#1275,1.);
#1275 = DIRECTION('',(-0.,1.,0.));
#1276 = ORIENTED_EDGE('',*,*,#1277,.T.);
#1277 = EDGE_CURVE('',#1270,#1278,#1280,.T.);
#1278 = VERTEX_POINT('',#1279);
#1279 = CARTESIAN_POINT('',(-4.02,-24.,1.51));
#1280 = CIRCLE('',#1281,0.3);
#1281 = AXIS2_PLACEMENT_3D('',#1282,#1283,#1284);
#1282 = CARTESIAN_POINT('',(-4.32,-24.,1.51));
#1283 = DIRECTION('',(0.,-0.,-1.));
#1284 = DIRECTION('',(1.,0.,-0.));
#1285 = ORIENTED_EDGE('',*,*,#1286,.T.);
#1286 = EDGE_CURVE('',#1278,#1259,#1287,.T.);
#1287 = LINE('',#1288,#1289);
#1288 = CARTESIAN_POINT('',(-4.02,-12.3,1.51));
#1289 = VECTOR('',#1290,1.);
#1290 = DIRECTION('',(0.,-1.,0.));
#1291 = FACE_BOUND('',#1292,.T.);
#1292 = EDGE_LOOP('',(#1293));
#1293 = ORIENTED_EDGE('',*,*,#1294,.T.);
#1294 = EDGE_CURVE('',#1295,#1295,#1297,.T.);
#1295 = VERTEX_POINT('',#1296);
#1296 = CARTESIAN_POINT('',(-2.89,-20.975,1.51));
#1297 = CIRCLE('',#1298,0.325);
#1298 = AXIS2_PLACEMENT_3D('',#1299,#1300,#1301);
#1299 = CARTESIAN_POINT('',(-2.89,-20.65,1.51));
#1300 = DIRECTION('',(-0.,0.,-1.));
#1301 = DIRECTION('',(-1.366428338E-15,-1.,0.));
#1302 = FACE_BOUND('',#1303,.T.);
#1303 = EDGE_LOOP('',(#1304,#1315,#1323,#1332));
#1304 = ORIENTED_EDGE('',*,*,#1305,.T.);
#1305 = EDGE_CURVE('',#1306,#1308,#1310,.T.);
#1306 = VERTEX_POINT('',#1307);
#1307 = CARTESIAN_POINT('',(-4.02,-20.67,1.51));
#1308 = VERTEX_POINT('',#1309);
#1309 = CARTESIAN_POINT('',(-4.62,-20.67,1.51));
#1310 = CIRCLE('',#1311,0.3);
#1311 = AXIS2_PLACEMENT_3D('',#1312,#1313,#1314);
#1312 = CARTESIAN_POINT('',(-4.32,-20.67,1.51));
#1313 = DIRECTION('',(-0.,0.,-1.));
#1314 = DIRECTION('',(-1.,-1.184237892934E-14,0.));
#1315 = ORIENTED_EDGE('',*,*,#1316,.T.);
#1316 = EDGE_CURVE('',#1308,#1317,#1319,.T.);
#1317 = VERTEX_POINT('',#1318);
#1318 = CARTESIAN_POINT('',(-4.62,-19.57,1.51));
#1319 = LINE('',#1320,#1321);
#1320 = CARTESIAN_POINT('',(-4.62,-9.785,1.51));
#1321 = VECTOR('',#1322,1.);
#1322 = DIRECTION('',(-0.,1.,0.));
#1323 = ORIENTED_EDGE('',*,*,#1324,.T.);
#1324 = EDGE_CURVE('',#1317,#1325,#1327,.T.);
#1325 = VERTEX_POINT('',#1326);
#1326 = CARTESIAN_POINT('',(-4.02,-19.57,1.51));
#1327 = CIRCLE('',#1328,0.3);
#1328 = AXIS2_PLACEMENT_3D('',#1329,#1330,#1331);
#1329 = CARTESIAN_POINT('',(-4.32,-19.57,1.51));
#1330 = DIRECTION('',(0.,-0.,-1.));
#1331 = DIRECTION('',(1.,0.,-0.));
#1332 = ORIENTED_EDGE('',*,*,#1333,.T.);
#1333 = EDGE_CURVE('',#1325,#1306,#1334,.T.);
#1334 = LINE('',#1335,#1336);
#1335 = CARTESIAN_POINT('',(-4.02,-10.335,1.51));
#1336 = VECTOR('',#1337,1.);
#1337 = DIRECTION('',(0.,-1.,0.));
#1338 = FACE_BOUND('',#1339,.T.);
#1339 = EDGE_LOOP('',(#1340));
#1340 = ORIENTED_EDGE('',*,*,#1341,.F.);
#1341 = EDGE_CURVE('',#1342,#1342,#1344,.T.);
#1342 = VERTEX_POINT('',#1343);
#1343 = CARTESIAN_POINT('',(-12.25,-15.45,1.51));
#1344 = CIRCLE('',#1345,1.25);
#1345 = AXIS2_PLACEMENT_3D('',#1346,#1347,#1348);
#1346 = CARTESIAN_POINT('',(-13.5,-15.45,1.51));
#1347 = DIRECTION('',(0.,0.,1.));
#1348 = DIRECTION('',(1.,0.,-0.));
#1349 = FACE_BOUND('',#1350,.T.);
#1350 = EDGE_LOOP('',(#1351));
#1351 = ORIENTED_EDGE('',*,*,#1352,.T.);
#1352 = EDGE_CURVE('',#1353,#1353,#1355,.T.);
#1353 = VERTEX_POINT('',#1354);
#1354 = CARTESIAN_POINT('',(-36.5,-9.425,1.51));
#1355 = CIRCLE('',#1356,0.55);
#1356 = AXIS2_PLACEMENT_3D('',#1357,#1358,#1359);
#1357 = CARTESIAN_POINT('',(-36.5,-8.875,1.51));
#1358 = DIRECTION('',(-0.,0.,-1.));
#1359 = DIRECTION('',(-0.,-1.,0.));
#1360 = FACE_BOUND('',#1361,.T.);
#1361 = EDGE_LOOP('',(#1362));
#1362 = ORIENTED_EDGE('',*,*,#1363,.T.);
#1363 = EDGE_CURVE('',#1364,#1364,#1366,.T.);
#1364 = VERTEX_POINT('',#1365);
#1365 = CARTESIAN_POINT('',(-30.,-9.425,1.51));
#1366 = CIRCLE('',#1367,0.55);
#1367 = AXIS2_PLACEMENT_3D('',#1368,#1369,#1370);
#1368 = CARTESIAN_POINT('',(-30.,-8.875,1.51));
#1369 = DIRECTION('',(-0.,0.,-1.));
#1370 = DIRECTION('',(-0.,-1.,0.));
#1371 = FACE_BOUND('',#1372,.T.);
#1372 = EDGE_LOOP('',(#1373));
#1373 = ORIENTED_EDGE('',*,*,#1374,.T.);
#1374 = EDGE_CURVE('',#1375,#1375,#1377,.T.);
#1375 = VERTEX_POINT('',#1376);
#1376 = CARTESIAN_POINT('',(-36.5,-4.925,1.51));
#1377 = CIRCLE('',#1378,0.55);
#1378 = AXIS2_PLACEMENT_3D('',#1379,#1380,#1381);
#1379 = CARTESIAN_POINT('',(-36.5,-4.375,1.51));
#1380 = DIRECTION('',(-0.,0.,-1.));
#1381 = DIRECTION('',(-0.,-1.,0.));
#1382 = FACE_BOUND('',#1383,.T.);
#1383 = EDGE_LOOP('',(#1384));
#1384 = ORIENTED_EDGE('',*,*,#1385,.T.);
#1385 = EDGE_CURVE('',#1386,#1386,#1388,.T.);
#1386 = VERTEX_POINT('',#1387);
#1387 = CARTESIAN_POINT('',(-30.,-4.925,1.51));
#1388 = CIRCLE('',#1389,0.55);
#1389 = AXIS2_PLACEMENT_3D('',#1390,#1391,#1392);
#1390 = CARTESIAN_POINT('',(-30.,-4.375,1.51));
#1391 = DIRECTION('',(-0.,0.,-1.));
#1392 = DIRECTION('',(-0.,-1.,0.));
#1393 = FACE_BOUND('',#1394,.T.);
#1394 = EDGE_LOOP('',(#1395,#1406,#1414,#1423));
#1395 = ORIENTED_EDGE('',*,*,#1396,.T.);
#1396 = EDGE_CURVE('',#1397,#1399,#1401,.T.);
#1397 = VERTEX_POINT('',#1398);
#1398 = CARTESIAN_POINT('',(4.62,-24.6,1.51));
#1399 = VERTEX_POINT('',#1400);
#1400 = CARTESIAN_POINT('',(4.02,-24.6,1.51));
#1401 = CIRCLE('',#1402,0.3);
#1402 = AXIS2_PLACEMENT_3D('',#1403,#1404,#1405);
#1403 = CARTESIAN_POINT('',(4.32,-24.6,1.51));
#1404 = DIRECTION('',(-0.,0.,-1.));
#1405 = DIRECTION('',(-1.,-1.184237892933E-14,0.));
#1406 = ORIENTED_EDGE('',*,*,#1407,.T.);
#1407 = EDGE_CURVE('',#1399,#1408,#1410,.T.);
#1408 = VERTEX_POINT('',#1409);
#1409 = CARTESIAN_POINT('',(4.02,-24.,1.51));
#1410 = LINE('',#1411,#1412);
#1411 = CARTESIAN_POINT('',(4.02,-12.,1.51));
#1412 = VECTOR('',#1413,1.);
#1413 = DIRECTION('',(-0.,1.,0.));
#1414 = ORIENTED_EDGE('',*,*,#1415,.T.);
#1415 = EDGE_CURVE('',#1408,#1416,#1418,.T.);
#1416 = VERTEX_POINT('',#1417);
#1417 = CARTESIAN_POINT('',(4.62,-24.,1.51));
#1418 = CIRCLE('',#1419,0.3);
#1419 = AXIS2_PLACEMENT_3D('',#1420,#1421,#1422);
#1420 = CARTESIAN_POINT('',(4.32,-24.,1.51));
#1421 = DIRECTION('',(0.,-0.,-1.));
#1422 = DIRECTION('',(1.,0.,-0.));
#1423 = ORIENTED_EDGE('',*,*,#1424,.T.);
#1424 = EDGE_CURVE('',#1416,#1397,#1425,.T.);
#1425 = LINE('',#1426,#1427);
#1426 = CARTESIAN_POINT('',(4.62,-12.3,1.51));
#1427 = VECTOR('',#1428,1.);
#1428 = DIRECTION('',(0.,-1.,0.));
#1429 = FACE_BOUND('',#1430,.T.);
#1430 = EDGE_LOOP('',(#1431));
#1431 = ORIENTED_EDGE('',*,*,#1432,.T.);
#1432 = EDGE_CURVE('',#1433,#1433,#1435,.T.);
#1433 = VERTEX_POINT('',#1434);
#1434 = CARTESIAN_POINT('',(2.89,-20.975,1.51));
#1435 = CIRCLE('',#1436,0.325);
#1436 = AXIS2_PLACEMENT_3D('',#1437,#1438,#1439);
#1437 = CARTESIAN_POINT('',(2.89,-20.65,1.51));
#1438 = DIRECTION('',(-0.,0.,-1.));
#1439 = DIRECTION('',(1.366428338E-15,-1.,-0.));
#1440 = FACE_BOUND('',#1441,.T.);
#1441 = EDGE_LOOP('',(#1442,#1453,#1461,#1470));
#1442 = ORIENTED_EDGE('',*,*,#1443,.T.);
#1443 = EDGE_CURVE('',#1444,#1446,#1448,.T.);
#1444 = VERTEX_POINT('',#1445);
#1445 = CARTESIAN_POINT('',(4.62,-20.67,1.51));
#1446 = VERTEX_POINT('',#1447);
#1447 = CARTESIAN_POINT('',(4.02,-20.67,1.51));
#1448 = CIRCLE('',#1449,0.3);
#1449 = AXIS2_PLACEMENT_3D('',#1450,#1451,#1452);
#1450 = CARTESIAN_POINT('',(4.32,-20.67,1.51));
#1451 = DIRECTION('',(-0.,0.,-1.));
#1452 = DIRECTION('',(-1.,-1.184237892933E-14,0.));
#1453 = ORIENTED_EDGE('',*,*,#1454,.T.);
#1454 = EDGE_CURVE('',#1446,#1455,#1457,.T.);
#1455 = VERTEX_POINT('',#1456);
#1456 = CARTESIAN_POINT('',(4.02,-19.57,1.51));
#1457 = LINE('',#1458,#1459);
#1458 = CARTESIAN_POINT('',(4.02,-9.785,1.51));
#1459 = VECTOR('',#1460,1.);
#1460 = DIRECTION('',(-0.,1.,0.));
#1461 = ORIENTED_EDGE('',*,*,#1462,.T.);
#1462 = EDGE_CURVE('',#1455,#1463,#1465,.T.);
#1463 = VERTEX_POINT('',#1464);
#1464 = CARTESIAN_POINT('',(4.62,-19.57,1.51));
#1465 = CIRCLE('',#1466,0.3);
#1466 = AXIS2_PLACEMENT_3D('',#1467,#1468,#1469);
#1467 = CARTESIAN_POINT('',(4.32,-19.57,1.51));
#1468 = DIRECTION('',(0.,-0.,-1.));
#1469 = DIRECTION('',(1.,0.,-0.));
#1470 = ORIENTED_EDGE('',*,*,#1471,.T.);
#1471 = EDGE_CURVE('',#1463,#1444,#1472,.T.);
#1472 = LINE('',#1473,#1474);
#1473 = CARTESIAN_POINT('',(4.62,-10.335,1.51));
#1474 = VECTOR('',#1475,1.);
#1475 = DIRECTION('',(0.,-1.,0.));
#1476 = FACE_BOUND('',#1477,.T.);
#1477 = EDGE_LOOP('',(#1478));
#1478 = ORIENTED_EDGE('',*,*,#1479,.F.);
#1479 = EDGE_CURVE('',#1480,#1480,#1482,.T.);
#1480 = VERTEX_POINT('',#1481);
#1481 = CARTESIAN_POINT('',(14.75,-15.45,1.51));
#1482 = CIRCLE('',#1483,1.25);
#1483 = AXIS2_PLACEMENT_3D('',#1484,#1485,#1486);
#1484 = CARTESIAN_POINT('',(13.5,-15.45,1.51));
#1485 = DIRECTION('',(0.,0.,1.));
#1486 = DIRECTION('',(1.,0.,-0.));
#1487 = FACE_BOUND('',#1488,.T.);
#1488 = EDGE_LOOP('',(#1489));
#1489 = ORIENTED_EDGE('',*,*,#1490,.F.);
#1490 = EDGE_CURVE('',#1491,#1491,#1493,.T.);
#1491 = VERTEX_POINT('',#1492);
#1492 = CARTESIAN_POINT('',(48.5,-21.,1.51));
#1493 = CIRCLE('',#1494,3.5);
#1494 = AXIS2_PLACEMENT_3D('',#1495,#1496,#1497);
#1495 = CARTESIAN_POINT('',(45.,-21.,1.51));
#1496 = DIRECTION('',(0.,0.,1.));
#1497 = DIRECTION('',(1.,0.,-0.));
#1498 = FACE_BOUND('',#1499,.T.);
#1499 = EDGE_LOOP('',(#1500));
#1500 = ORIENTED_EDGE('',*,*,#1501,.T.);
#1501 = EDGE_CURVE('',#1502,#1502,#1504,.T.);
#1502 = VERTEX_POINT('',#1503);
#1503 = CARTESIAN_POINT('',(30.,-9.425,1.51));
#1504 = CIRCLE('',#1505,0.55);
#1505 = AXIS2_PLACEMENT_3D('',#1506,#1507,#1508);
#1506 = CARTESIAN_POINT('',(30.,-8.875,1.51));
#1507 = DIRECTION('',(-0.,0.,-1.));
#1508 = DIRECTION('',(-0.,-1.,0.));
#1509 = FACE_BOUND('',#1510,.T.);
#1510 = EDGE_LOOP('',(#1511));
#1511 = ORIENTED_EDGE('',*,*,#1512,.T.);
#1512 = EDGE_CURVE('',#1513,#1513,#1515,.T.);
#1513 = VERTEX_POINT('',#1514);
#1514 = CARTESIAN_POINT('',(36.5,-9.425,1.51));
#1515 = CIRCLE('',#1516,0.55);
#1516 = AXIS2_PLACEMENT_3D('',#1517,#1518,#1519);
#1517 = CARTESIAN_POINT('',(36.5,-8.875,1.51));
#1518 = DIRECTION('',(-0.,0.,-1.));
#1519 = DIRECTION('',(-0.,-1.,0.));
#1520 = FACE_BOUND('',#1521,.T.);
#1521 = EDGE_LOOP('',(#1522));
#1522 = ORIENTED_EDGE('',*,*,#1523,.T.);
#1523 = EDGE_CURVE('',#1524,#1524,#1526,.T.);
#1524 = VERTEX_POINT('',#1525);
#1525 = CARTESIAN_POINT('',(30.,-4.925,1.51));
#1526 = CIRCLE('',#1527,0.55);
#1527 = AXIS2_PLACEMENT_3D('',#1528,#1529,#1530);
#1528 = CARTESIAN_POINT('',(30.,-4.375,1.51));
#1529 = DIRECTION('',(-0.,0.,-1.));
#1530 = DIRECTION('',(-0.,-1.,0.));
#1531 = FACE_BOUND('',#1532,.T.);
#1532 = EDGE_LOOP('',(#1533));
#1533 = ORIENTED_EDGE('',*,*,#1534,.T.);
#1534 = EDGE_CURVE('',#1535,#1535,#1537,.T.);
#1535 = VERTEX_POINT('',#1536);
#1536 = CARTESIAN_POINT('',(36.5,-4.925,1.51));
#1537 = CIRCLE('',#1538,0.55);
#1538 = AXIS2_PLACEMENT_3D('',#1539,#1540,#1541);
#1539 = CARTESIAN_POINT('',(36.5,-4.375,1.51));
#1540 = DIRECTION('',(-0.,0.,-1.));
#1541 = DIRECTION('',(-0.,-1.,0.));
#1542 = FACE_BOUND('',#1543,.T.);
#1543 = EDGE_LOOP('',(#1544));
#1544 = ORIENTED_EDGE('',*,*,#1545,.T.);
#1545 = EDGE_CURVE('',#1546,#1546,#1548,.T.);
#1546 = VERTEX_POINT('',#1547);
#1547 = CARTESIAN_POINT('',(-47.,0.575,1.51));
#1548 = CIRCLE('',#1549,0.55);
#1549 = AXIS2_PLACEMENT_3D('',#1550,#1551,#1552);
#1550 = CARTESIAN_POINT('',(-47.,1.125,1.51));
#1551 = DIRECTION('',(-0.,0.,-1.));
#1552 = DIRECTION('',(-0.,-1.,0.));
#1553 = FACE_BOUND('',#1554,.T.);
#1554 = EDGE_LOOP('',(#1555));
#1555 = ORIENTED_EDGE('',*,*,#1556,.T.);
#1556 = EDGE_CURVE('',#1557,#1557,#1559,.T.);
#1557 = VERTEX_POINT('',#1558);
#1558 = CARTESIAN_POINT('',(-40.5,0.575,1.51));
#1559 = CIRCLE('',#1560,0.55);
#1560 = AXIS2_PLACEMENT_3D('',#1561,#1562,#1563);
#1561 = CARTESIAN_POINT('',(-40.5,1.125,1.51));
#1562 = DIRECTION('',(-0.,0.,-1.));
#1563 = DIRECTION('',(-0.,-1.,0.));
#1564 = FACE_BOUND('',#1565,.T.);
#1565 = EDGE_LOOP('',(#1566));
#1566 = ORIENTED_EDGE('',*,*,#1567,.T.);
#1567 = EDGE_CURVE('',#1568,#1568,#1570,.T.);
#1568 = VERTEX_POINT('',#1569);
#1569 = CARTESIAN_POINT('',(-47.,5.075,1.51));
#1570 = CIRCLE('',#1571,0.55);
#1571 = AXIS2_PLACEMENT_3D('',#1572,#1573,#1574);
#1572 = CARTESIAN_POINT('',(-47.,5.625,1.51));
#1573 = DIRECTION('',(-0.,0.,-1.));
#1574 = DIRECTION('',(-0.,-1.,0.));
#1575 = FACE_BOUND('',#1576,.T.);
#1576 = EDGE_LOOP('',(#1577));
#1577 = ORIENTED_EDGE('',*,*,#1578,.T.);
#1578 = EDGE_CURVE('',#1579,#1579,#1581,.T.);
#1579 = VERTEX_POINT('',#1580);
#1580 = CARTESIAN_POINT('',(-40.5,5.075,1.51));
#1581 = CIRCLE('',#1582,0.55);
#1582 = AXIS2_PLACEMENT_3D('',#1583,#1584,#1585);
#1583 = CARTESIAN_POINT('',(-40.5,5.625,1.51));
#1584 = DIRECTION('',(-0.,0.,-1.));
#1585 = DIRECTION('',(-0.,-1.,0.));
#1586 = FACE_BOUND('',#1587,.T.);
#1587 = EDGE_LOOP('',(#1588));
#1588 = ORIENTED_EDGE('',*,*,#1589,.T.);
#1589 = EDGE_CURVE('',#1590,#1590,#1592,.T.);
#1590 = VERTEX_POINT('',#1591);
#1591 = CARTESIAN_POINT('',(-26.,0.575,1.51));
#1592 = CIRCLE('',#1593,0.55);
#1593 = AXIS2_PLACEMENT_3D('',#1594,#1595,#1596);
#1594 = CARTESIAN_POINT('',(-26.,1.125,1.51));
#1595 = DIRECTION('',(-0.,0.,-1.));
#1596 = DIRECTION('',(-0.,-1.,0.));
#1597 = FACE_BOUND('',#1598,.T.);
#1598 = EDGE_LOOP('',(#1599));
#1599 = ORIENTED_EDGE('',*,*,#1600,.T.);
#1600 = EDGE_CURVE('',#1601,#1601,#1603,.T.);
#1601 = VERTEX_POINT('',#1602);
#1602 = CARTESIAN_POINT('',(-26.,5.075,1.51));
#1603 = CIRCLE('',#1604,0.55);
#1604 = AXIS2_PLACEMENT_3D('',#1605,#1606,#1607);
#1605 = CARTESIAN_POINT('',(-26.,5.625,1.51));
#1606 = DIRECTION('',(-0.,0.,-1.));
#1607 = DIRECTION('',(-0.,-1.,0.));
#1608 = FACE_BOUND('',#1609,.T.);
#1609 = EDGE_LOOP('',(#1610));
#1610 = ORIENTED_EDGE('',*,*,#1611,.T.);
#1611 = EDGE_CURVE('',#1612,#1612,#1614,.T.);
#1612 = VERTEX_POINT('',#1613);
#1613 = CARTESIAN_POINT('',(-36.5,10.575,1.51));
#1614 = CIRCLE('',#1615,0.55);
#1615 = AXIS2_PLACEMENT_3D('',#1616,#1617,#1618);
#1616 = CARTESIAN_POINT('',(-36.5,11.125,1.51));
#1617 = DIRECTION('',(-0.,0.,-1.));
#1618 = DIRECTION('',(-0.,-1.,0.));
#1619 = FACE_BOUND('',#1620,.T.);
#1620 = EDGE_LOOP('',(#1621));
#1621 = ORIENTED_EDGE('',*,*,#1622,.T.);
#1622 = EDGE_CURVE('',#1623,#1623,#1625,.T.);
#1623 = VERTEX_POINT('',#1624);
#1624 = CARTESIAN_POINT('',(-30.,10.575,1.51));
#1625 = CIRCLE('',#1626,0.55);
#1626 = AXIS2_PLACEMENT_3D('',#1627,#1628,#1629);
#1627 = CARTESIAN_POINT('',(-30.,11.125,1.51));
#1628 = DIRECTION('',(-0.,0.,-1.));
#1629 = DIRECTION('',(-0.,-1.,0.));
#1630 = FACE_BOUND('',#1631,.T.);
#1631 = EDGE_LOOP('',(#1632));
#1632 = ORIENTED_EDGE('',*,*,#1633,.T.);
#1633 = EDGE_CURVE('',#1634,#1634,#1636,.T.);
#1634 = VERTEX_POINT('',#1635);
#1635 = CARTESIAN_POINT('',(-19.5,0.575,1.51));
#1636 = CIRCLE('',#1637,0.55);
#1637 = AXIS2_PLACEMENT_3D('',#1638,#1639,#1640);
#1638 = CARTESIAN_POINT('',(-19.5,1.125,1.51));
#1639 = DIRECTION('',(-0.,0.,-1.));
#1640 = DIRECTION('',(-0.,-1.,0.));
#1641 = FACE_BOUND('',#1642,.T.);
#1642 = EDGE_LOOP('',(#1643));
#1643 = ORIENTED_EDGE('',*,*,#1644,.T.);
#1644 = EDGE_CURVE('',#1645,#1645,#1647,.T.);
#1645 = VERTEX_POINT('',#1646);
#1646 = CARTESIAN_POINT('',(-19.5,5.075,1.51));
#1647 = CIRCLE('',#1648,0.55);
#1648 = AXIS2_PLACEMENT_3D('',#1649,#1650,#1651);
#1649 = CARTESIAN_POINT('',(-19.5,5.625,1.51));
#1650 = DIRECTION('',(-0.,0.,-1.));
#1651 = DIRECTION('',(-0.,-1.,0.));
#1652 = FACE_BOUND('',#1653,.T.);
#1653 = EDGE_LOOP('',(#1654));
#1654 = ORIENTED_EDGE('',*,*,#1655,.T.);
#1655 = EDGE_CURVE('',#1656,#1656,#1658,.T.);
#1656 = VERTEX_POINT('',#1657);
#1657 = CARTESIAN_POINT('',(-36.5,15.075,1.51));
#1658 = CIRCLE('',#1659,0.55);
#1659 = AXIS2_PLACEMENT_3D('',#1660,#1661,#1662);
#1660 = CARTESIAN_POINT('',(-36.5,15.625,1.51));
#1661 = DIRECTION('',(-0.,0.,-1.));
#1662 = DIRECTION('',(-0.,-1.,0.));
#1663 = FACE_BOUND('',#1664,.T.);
#1664 = EDGE_LOOP('',(#1665));
#1665 = ORIENTED_EDGE('',*,*,#1666,.T.);
#1666 = EDGE_CURVE('',#1667,#1667,#1669,.T.);
#1667 = VERTEX_POINT('',#1668);
#1668 = CARTESIAN_POINT('',(-30.,15.075,1.51));
#1669 = CIRCLE('',#1670,0.55);
#1670 = AXIS2_PLACEMENT_3D('',#1671,#1672,#1673);
#1671 = CARTESIAN_POINT('',(-30.,15.625,1.51));
#1672 = DIRECTION('',(-0.,0.,-1.));
#1673 = DIRECTION('',(-0.,-1.,0.));
#1674 = FACE_BOUND('',#1675,.T.);
#1675 = EDGE_LOOP('',(#1676));
#1676 = ORIENTED_EDGE('',*,*,#1677,.F.);
#1677 = EDGE_CURVE('',#1678,#1678,#1680,.T.);
#1678 = VERTEX_POINT('',#1679);
#1679 = CARTESIAN_POINT('',(-41.5,21.,1.51));
#1680 = CIRCLE('',#1681,3.5);
#1681 = AXIS2_PLACEMENT_3D('',#1682,#1683,#1684);
#1682 = CARTESIAN_POINT('',(-45.,21.,1.51));
#1683 = DIRECTION('',(0.,0.,1.));
#1684 = DIRECTION('',(1.,0.,-0.));
#1685 = FACE_BOUND('',#1686,.T.);
#1686 = EDGE_LOOP('',(#1687));
#1687 = ORIENTED_EDGE('',*,*,#1688,.F.);
#1688 = EDGE_CURVE('',#1689,#1689,#1691,.T.);
#1689 = VERTEX_POINT('',#1690);
#1690 = CARTESIAN_POINT('',(-12.25,23.25,1.51));
#1691 = CIRCLE('',#1692,1.25);
#1692 = AXIS2_PLACEMENT_3D('',#1693,#1694,#1695);
#1693 = CARTESIAN_POINT('',(-13.5,23.25,1.51));
#1694 = DIRECTION('',(0.,0.,1.));
#1695 = DIRECTION('',(1.,0.,-0.));
#1696 = FACE_BOUND('',#1697,.T.);
#1697 = EDGE_LOOP('',(#1698));
#1698 = ORIENTED_EDGE('',*,*,#1699,.T.);
#1699 = EDGE_CURVE('',#1700,#1700,#1702,.T.);
#1700 = VERTEX_POINT('',#1701);
#1701 = CARTESIAN_POINT('',(-8.89,23.75,1.51));
#1702 = CIRCLE('',#1703,0.5);
#1703 = AXIS2_PLACEMENT_3D('',#1704,#1705,#1706);
#1704 = CARTESIAN_POINT('',(-8.89,24.25,1.51));
#1705 = DIRECTION('',(-0.,0.,-1.));
#1706 = DIRECTION('',(-0.,-1.,0.));
#1707 = FACE_BOUND('',#1708,.T.);
#1708 = EDGE_LOOP('',(#1709));
#1709 = ORIENTED_EDGE('',*,*,#1710,.T.);
#1710 = EDGE_CURVE('',#1711,#1711,#1713,.T.);
#1711 = VERTEX_POINT('',#1712);
#1712 = CARTESIAN_POINT('',(-6.35,23.75,1.51));
#1713 = CIRCLE('',#1714,0.5);
#1714 = AXIS2_PLACEMENT_3D('',#1715,#1716,#1717);
#1715 = CARTESIAN_POINT('',(-6.35,24.25,1.51));
#1716 = DIRECTION('',(-0.,0.,-1.));
#1717 = DIRECTION('',(-0.,-1.,0.));
#1718 = FACE_BOUND('',#1719,.T.);
#1719 = EDGE_LOOP('',(#1720));
#1720 = ORIENTED_EDGE('',*,*,#1721,.T.);
#1721 = EDGE_CURVE('',#1722,#1722,#1724,.T.);
#1722 = VERTEX_POINT('',#1723);
#1723 = CARTESIAN_POINT('',(-3.81,23.75,1.51));
#1724 = CIRCLE('',#1725,0.5);
#1725 = AXIS2_PLACEMENT_3D('',#1726,#1727,#1728);
#1726 = CARTESIAN_POINT('',(-3.81,24.25,1.51));
#1727 = DIRECTION('',(-0.,0.,-1.));
#1728 = DIRECTION('',(-8.881784197001E-16,-1.,0.));
#1729 = FACE_BOUND('',#1730,.T.);
#1730 = EDGE_LOOP('',(#1731));
#1731 = ORIENTED_EDGE('',*,*,#1732,.T.);
#1732 = EDGE_CURVE('',#1733,#1733,#1735,.T.);
#1733 = VERTEX_POINT('',#1734);
#1734 = CARTESIAN_POINT('',(-1.27,23.75,1.51));
#1735 = CIRCLE('',#1736,0.5);
#1736 = AXIS2_PLACEMENT_3D('',#1737,#1738,#1739);
#1737 = CARTESIAN_POINT('',(-1.27,24.25,1.51));
#1738 = DIRECTION('',(-0.,0.,-1.));
#1739 = DIRECTION('',(-0.,-1.,0.));
#1740 = FACE_BOUND('',#1741,.T.);
#1741 = EDGE_LOOP('',(#1742,#1753,#1761,#1770,#1778,#1787,#1795,#1804));
#1742 = ORIENTED_EDGE('',*,*,#1743,.F.);
#1743 = EDGE_CURVE('',#1744,#1746,#1748,.T.);
#1744 = VERTEX_POINT('',#1745);
#1745 = CARTESIAN_POINT('',(-9.,16.,1.51));
#1746 = VERTEX_POINT('',#1747);
#1747 = CARTESIAN_POINT('',(-12.,13.,1.51));
#1748 = CIRCLE('',#1749,3.000001172987);
#1749 = AXIS2_PLACEMENT_3D('',#1750,#1751,#1752);
#1750 = CARTESIAN_POINT('',(-8.999998827013,12.999998827013,1.51));
#1751 = DIRECTION('',(0.,0.,1.));
#1752 = DIRECTION('',(-3.909953610143E-07,1.,0.));
#1753 = ORIENTED_EDGE('',*,*,#1754,.F.);
#1754 = EDGE_CURVE('',#1755,#1744,#1757,.T.);
#1755 = VERTEX_POINT('',#1756);
#1756 = CARTESIAN_POINT('',(9.,16.,1.51));
#1757 = LINE('',#1758,#1759);
#1758 = CARTESIAN_POINT('',(9.,16.,1.51));
#1759 = VECTOR('',#1760,1.);
#1760 = DIRECTION('',(-1.,0.,0.));
#1761 = ORIENTED_EDGE('',*,*,#1762,.F.);
#1762 = EDGE_CURVE('',#1763,#1755,#1765,.T.);
#1763 = VERTEX_POINT('',#1764);
#1764 = CARTESIAN_POINT('',(12.,13.,1.51));
#1765 = CIRCLE('',#1766,3.000001172987);
#1766 = AXIS2_PLACEMENT_3D('',#1767,#1768,#1769);
#1767 = CARTESIAN_POINT('',(8.999998827013,12.999998827013,1.51));
#1768 = DIRECTION('',(0.,0.,1.));
#1769 = DIRECTION('',(1.,3.909953616065E-07,-0.));
#1770 = ORIENTED_EDGE('',*,*,#1771,.F.);
#1771 = EDGE_CURVE('',#1772,#1763,#1774,.T.);
#1772 = VERTEX_POINT('',#1773);
#1773 = CARTESIAN_POINT('',(12.,-8.,1.51));
#1774 = LINE('',#1775,#1776);
#1775 = CARTESIAN_POINT('',(12.,-8.,1.51));
#1776 = VECTOR('',#1777,1.);
#1777 = DIRECTION('',(0.,1.,0.));
#1778 = ORIENTED_EDGE('',*,*,#1779,.F.);
#1779 = EDGE_CURVE('',#1780,#1772,#1782,.T.);
#1780 = VERTEX_POINT('',#1781);
#1781 = CARTESIAN_POINT('',(9.,-11.,1.51));
#1782 = CIRCLE('',#1783,3.000001172987);
#1783 = AXIS2_PLACEMENT_3D('',#1784,#1785,#1786);
#1784 = CARTESIAN_POINT('',(8.999998827013,-7.999998827013,1.51));
#1785 = DIRECTION('',(0.,0.,1.));
#1786 = DIRECTION('',(3.909953610143E-07,-1.,0.));
#1787 = ORIENTED_EDGE('',*,*,#1788,.F.);
#1788 = EDGE_CURVE('',#1789,#1780,#1791,.T.);
#1789 = VERTEX_POINT('',#1790);
#1790 = CARTESIAN_POINT('',(-9.,-11.,1.51));
#1791 = LINE('',#1792,#1793);
#1792 = CARTESIAN_POINT('',(-9.,-11.,1.51));
#1793 = VECTOR('',#1794,1.);
#1794 = DIRECTION('',(1.,0.,0.));
#1795 = ORIENTED_EDGE('',*,*,#1796,.F.);
#1796 = EDGE_CURVE('',#1797,#1789,#1799,.T.);
#1797 = VERTEX_POINT('',#1798);
#1798 = CARTESIAN_POINT('',(-12.,-8.,1.51));
#1799 = CIRCLE('',#1800,3.000001172987);
#1800 = AXIS2_PLACEMENT_3D('',#1801,#1802,#1803);
#1801 = CARTESIAN_POINT('',(-8.999998827013,-7.999998827013,1.51));
#1802 = DIRECTION('',(0.,0.,1.));
#1803 = DIRECTION('',(-1.,-3.909953616065E-07,0.));
#1804 = ORIENTED_EDGE('',*,*,#1805,.F.);
#1805 = EDGE_CURVE('',#1746,#1797,#1806,.T.);
#1806 = LINE('',#1807,#1808);
#1807 = CARTESIAN_POINT('',(-12.,13.,1.51));
#1808 = VECTOR('',#1809,1.);
#1809 = DIRECTION('',(0.,-1.,0.));
#1810 = FACE_BOUND('',#1811,.T.);
#1811 = EDGE_LOOP('',(#1812));
#1812 = ORIENTED_EDGE('',*,*,#1813,.T.);
#1813 = EDGE_CURVE('',#1814,#1814,#1816,.T.);
#1814 = VERTEX_POINT('',#1815);
#1815 = CARTESIAN_POINT('',(19.5,0.575,1.51));
#1816 = CIRCLE('',#1817,0.55);
#1817 = AXIS2_PLACEMENT_3D('',#1818,#1819,#1820);
#1818 = CARTESIAN_POINT('',(19.5,1.125,1.51));
#1819 = DIRECTION('',(-0.,0.,-1.));
#1820 = DIRECTION('',(-0.,-1.,0.));
#1821 = FACE_BOUND('',#1822,.T.);
#1822 = EDGE_LOOP('',(#1823));
#1823 = ORIENTED_EDGE('',*,*,#1824,.T.);
#1824 = EDGE_CURVE('',#1825,#1825,#1827,.T.);
#1825 = VERTEX_POINT('',#1826);
#1826 = CARTESIAN_POINT('',(19.5,5.075,1.51));
#1827 = CIRCLE('',#1828,0.55);
#1828 = AXIS2_PLACEMENT_3D('',#1829,#1830,#1831);
#1829 = CARTESIAN_POINT('',(19.5,5.625,1.51));
#1830 = DIRECTION('',(-0.,0.,-1.));
#1831 = DIRECTION('',(-0.,-1.,0.));
#1832 = FACE_BOUND('',#1833,.T.);
#1833 = EDGE_LOOP('',(#1834));
#1834 = ORIENTED_EDGE('',*,*,#1835,.T.);
#1835 = EDGE_CURVE('',#1836,#1836,#1838,.T.);
#1836 = VERTEX_POINT('',#1837);
#1837 = CARTESIAN_POINT('',(26.,0.575,1.51));
#1838 = CIRCLE('',#1839,0.55);
#1839 = AXIS2_PLACEMENT_3D('',#1840,#1841,#1842);
#1840 = CARTESIAN_POINT('',(26.,1.125,1.51));
#1841 = DIRECTION('',(-0.,0.,-1.));
#1842 = DIRECTION('',(-0.,-1.,0.));
#1843 = FACE_BOUND('',#1844,.T.);
#1844 = EDGE_LOOP('',(#1845));
#1845 = ORIENTED_EDGE('',*,*,#1846,.T.);
#1846 = EDGE_CURVE('',#1847,#1847,#1849,.T.);
#1847 = VERTEX_POINT('',#1848);
#1848 = CARTESIAN_POINT('',(26.,5.075,1.51));
#1849 = CIRCLE('',#1850,0.55);
#1850 = AXIS2_PLACEMENT_3D('',#1851,#1852,#1853);
#1851 = CARTESIAN_POINT('',(26.,5.625,1.51));
#1852 = DIRECTION('',(-0.,0.,-1.));
#1853 = DIRECTION('',(-0.,-1.,0.));
#1854 = FACE_BOUND('',#1855,.T.);
#1855 = EDGE_LOOP('',(#1856));
#1856 = ORIENTED_EDGE('',*,*,#1857,.T.);
#1857 = EDGE_CURVE('',#1858,#1858,#1860,.T.);
#1858 = VERTEX_POINT('',#1859);
#1859 = CARTESIAN_POINT('',(40.5,0.65,1.51));
#1860 = CIRCLE('',#1861,0.55);
#1861 = AXIS2_PLACEMENT_3D('',#1862,#1863,#1864);
#1862 = CARTESIAN_POINT('',(40.5,1.2,1.51));
#1863 = DIRECTION('',(-0.,0.,-1.));
#1864 = DIRECTION('',(-0.,-1.,0.));
#1865 = FACE_BOUND('',#1866,.T.);
#1866 = EDGE_LOOP('',(#1867));
#1867 = ORIENTED_EDGE('',*,*,#1868,.T.);
#1868 = EDGE_CURVE('',#1869,#1869,#1871,.T.);
#1869 = VERTEX_POINT('',#1870);
#1870 = CARTESIAN_POINT('',(47.,0.65,1.51));
#1871 = CIRCLE('',#1872,0.55);
#1872 = AXIS2_PLACEMENT_3D('',#1873,#1874,#1875);
#1873 = CARTESIAN_POINT('',(47.,1.2,1.51));
#1874 = DIRECTION('',(-0.,0.,-1.));
#1875 = DIRECTION('',(-0.,-1.,0.));
#1876 = FACE_BOUND('',#1877,.T.);
#1877 = EDGE_LOOP('',(#1878));
#1878 = ORIENTED_EDGE('',*,*,#1879,.T.);
#1879 = EDGE_CURVE('',#1880,#1880,#1882,.T.);
#1880 = VERTEX_POINT('',#1881);
#1881 = CARTESIAN_POINT('',(40.5,5.15,1.51));
#1882 = CIRCLE('',#1883,0.55);
#1883 = AXIS2_PLACEMENT_3D('',#1884,#1885,#1886);
#1884 = CARTESIAN_POINT('',(40.5,5.7,1.51));
#1885 = DIRECTION('',(-0.,0.,-1.));
#1886 = DIRECTION('',(-0.,-1.,0.));
#1887 = FACE_BOUND('',#1888,.T.);
#1888 = EDGE_LOOP('',(#1889));
#1889 = ORIENTED_EDGE('',*,*,#1890,.T.);
#1890 = EDGE_CURVE('',#1891,#1891,#1893,.T.);
#1891 = VERTEX_POINT('',#1892);
#1892 = CARTESIAN_POINT('',(47.,5.15,1.51));
#1893 = CIRCLE('',#1894,0.55);
#1894 = AXIS2_PLACEMENT_3D('',#1895,#1896,#1897);
#1895 = CARTESIAN_POINT('',(47.,5.7,1.51));
#1896 = DIRECTION('',(-0.,0.,-1.));
#1897 = DIRECTION('',(-0.,-1.,0.));
#1898 = FACE_BOUND('',#1899,.T.);
#1899 = EDGE_LOOP('',(#1900));
#1900 = ORIENTED_EDGE('',*,*,#1901,.T.);
#1901 = EDGE_CURVE('',#1902,#1902,#1904,.T.);
#1902 = VERTEX_POINT('',#1903);
#1903 = CARTESIAN_POINT('',(30.,10.575,1.51));
#1904 = CIRCLE('',#1905,0.55);
#1905 = AXIS2_PLACEMENT_3D('',#1906,#1907,#1908);
#1906 = CARTESIAN_POINT('',(30.,11.125,1.51));
#1907 = DIRECTION('',(-0.,0.,-1.));
#1908 = DIRECTION('',(-0.,-1.,0.));
#1909 = FACE_BOUND('',#1910,.T.);
#1910 = EDGE_LOOP('',(#1911));
#1911 = ORIENTED_EDGE('',*,*,#1912,.T.);
#1912 = EDGE_CURVE('',#1913,#1913,#1915,.T.);
#1913 = VERTEX_POINT('',#1914);
#1914 = CARTESIAN_POINT('',(36.5,10.575,1.51));
#1915 = CIRCLE('',#1916,0.55);
#1916 = AXIS2_PLACEMENT_3D('',#1917,#1918,#1919);
#1917 = CARTESIAN_POINT('',(36.5,11.125,1.51));
#1918 = DIRECTION('',(-0.,0.,-1.));
#1919 = DIRECTION('',(-0.,-1.,0.));
#1920 = FACE_BOUND('',#1921,.T.);
#1921 = EDGE_LOOP('',(#1922));
#1922 = ORIENTED_EDGE('',*,*,#1923,.T.);
#1923 = EDGE_CURVE('',#1924,#1924,#1926,.T.);
#1924 = VERTEX_POINT('',#1925);
#1925 = CARTESIAN_POINT('',(19.,14.45,1.51));
#1926 = CIRCLE('',#1927,0.55);
#1927 = AXIS2_PLACEMENT_3D('',#1928,#1929,#1930);
#1928 = CARTESIAN_POINT('',(19.,15.,1.51));
#1929 = DIRECTION('',(-0.,0.,-1.));
#1930 = DIRECTION('',(-0.,-1.,0.));
#1931 = FACE_BOUND('',#1932,.T.);
#1932 = EDGE_LOOP('',(#1933));
#1933 = ORIENTED_EDGE('',*,*,#1934,.T.);
#1934 = EDGE_CURVE('',#1935,#1935,#1937,.T.);
#1935 = VERTEX_POINT('',#1936);
#1936 = CARTESIAN_POINT('',(1.27,23.75,1.51));
#1937 = CIRCLE('',#1938,0.5);
#1938 = AXIS2_PLACEMENT_3D('',#1939,#1940,#1941);
#1939 = CARTESIAN_POINT('',(1.27,24.25,1.51));
#1940 = DIRECTION('',(-0.,0.,-1.));
#1941 = DIRECTION('',(-0.,-1.,0.));
#1942 = FACE_BOUND('',#1943,.T.);
#1943 = EDGE_LOOP('',(#1944));
#1944 = ORIENTED_EDGE('',*,*,#1945,.T.);
#1945 = EDGE_CURVE('',#1946,#1946,#1948,.T.);
#1946 = VERTEX_POINT('',#1947);
#1947 = CARTESIAN_POINT('',(3.81,23.75,1.51));
#1948 = CIRCLE('',#1949,0.5);
#1949 = AXIS2_PLACEMENT_3D('',#1950,#1951,#1952);
#1950 = CARTESIAN_POINT('',(3.81,24.25,1.51));
#1951 = DIRECTION('',(-0.,0.,-1.));
#1952 = DIRECTION('',(8.881784197001E-16,-1.,-0.));
#1953 = FACE_BOUND('',#1954,.T.);
#1954 = EDGE_LOOP('',(#1955));
#1955 = ORIENTED_EDGE('',*,*,#1956,.T.);
#1956 = EDGE_CURVE('',#1957,#1957,#1959,.T.);
#1957 = VERTEX_POINT('',#1958);
#1958 = CARTESIAN_POINT('',(6.35,23.75,1.51));
#1959 = CIRCLE('',#1960,0.5);
#1960 = AXIS2_PLACEMENT_3D('',#1961,#1962,#1963);
#1961 = CARTESIAN_POINT('',(6.35,24.25,1.51));
#1962 = DIRECTION('',(-0.,0.,-1.));
#1963 = DIRECTION('',(-0.,-1.,0.));
#1964 = FACE_BOUND('',#1965,.T.);
#1965 = EDGE_LOOP('',(#1966));
#1966 = ORIENTED_EDGE('',*,*,#1967,.T.);
#1967 = EDGE_CURVE('',#1968,#1968,#1970,.T.);
#1968 = VERTEX_POINT('',#1969);
#1969 = CARTESIAN_POINT('',(8.89,23.75,1.51));
#1970 = CIRCLE('',#1971,0.5);
#1971 = AXIS2_PLACEMENT_3D('',#1972,#1973,#1974);
#1972 = CARTESIAN_POINT('',(8.89,24.25,1.51));
#1973 = DIRECTION('',(-0.,0.,-1.));
#1974 = DIRECTION('',(-0.,-1.,0.));
#1975 = FACE_BOUND('',#1976,.T.);
#1976 = EDGE_LOOP('',(#1977));
#1977 = ORIENTED_EDGE('',*,*,#1978,.T.);
#1978 = EDGE_CURVE('',#1979,#1979,#1981,.T.);
#1979 = VERTEX_POINT('',#1980);
#1980 = CARTESIAN_POINT('',(19.,18.95,1.51));
#1981 = CIRCLE('',#1982,0.55);
#1982 = AXIS2_PLACEMENT_3D('',#1983,#1984,#1985);
#1983 = CARTESIAN_POINT('',(19.,19.5,1.51));
#1984 = DIRECTION('',(-0.,0.,-1.));
#1985 = DIRECTION('',(-0.,-1.,0.));
#1986 = FACE_BOUND('',#1987,.T.);
#1987 = EDGE_LOOP('',(#1988));
#1988 = ORIENTED_EDGE('',*,*,#1989,.F.);
#1989 = EDGE_CURVE('',#1990,#1990,#1992,.T.);
#1990 = VERTEX_POINT('',#1991);
#1991 = CARTESIAN_POINT('',(14.75,23.25,1.51));
#1992 = CIRCLE('',#1993,1.25);
#1993 = AXIS2_PLACEMENT_3D('',#1994,#1995,#1996);
#1994 = CARTESIAN_POINT('',(13.5,23.25,1.51));
#1995 = DIRECTION('',(0.,0.,1.));
#1996 = DIRECTION('',(1.,0.,-0.));
#1997 = FACE_BOUND('',#1998,.T.);
#1998 = EDGE_LOOP('',(#1999));
#1999 = ORIENTED_EDGE('',*,*,#2000,.T.);
#2000 = EDGE_CURVE('',#2001,#2001,#2003,.T.);
#2001 = VERTEX_POINT('',#2002);
#2002 = CARTESIAN_POINT('',(25.5,14.45,1.51));
#2003 = CIRCLE('',#2004,0.55);
#2004 = AXIS2_PLACEMENT_3D('',#2005,#2006,#2007);
#2005 = CARTESIAN_POINT('',(25.5,15.,1.51));
#2006 = DIRECTION('',(-0.,0.,-1.));
#2007 = DIRECTION('',(-0.,-1.,0.));
#2008 = FACE_BOUND('',#2009,.T.);
#2009 = EDGE_LOOP('',(#2010));
#2010 = ORIENTED_EDGE('',*,*,#2011,.T.);
#2011 = EDGE_CURVE('',#2012,#2012,#2014,.T.);
#2012 = VERTEX_POINT('',#2013);
#2013 = CARTESIAN_POINT('',(30.,15.075,1.51));
#2014 = CIRCLE('',#2015,0.55);
#2015 = AXIS2_PLACEMENT_3D('',#2016,#2017,#2018);
#2016 = CARTESIAN_POINT('',(30.,15.625,1.51));
#2017 = DIRECTION('',(-0.,0.,-1.));
#2018 = DIRECTION('',(-0.,-1.,0.));
#2019 = FACE_BOUND('',#2020,.T.);
#2020 = EDGE_LOOP('',(#2021));
#2021 = ORIENTED_EDGE('',*,*,#2022,.T.);
#2022 = EDGE_CURVE('',#2023,#2023,#2025,.T.);
#2023 = VERTEX_POINT('',#2024);
#2024 = CARTESIAN_POINT('',(36.5,15.075,1.51));
#2025 = CIRCLE('',#2026,0.55);
#2026 = AXIS2_PLACEMENT_3D('',#2027,#2028,#2029);
#2027 = CARTESIAN_POINT('',(36.5,15.625,1.51));
#2028 = DIRECTION('',(-0.,0.,-1.));
#2029 = DIRECTION('',(-0.,-1.,0.));
#2030 = FACE_BOUND('',#2031,.T.);
#2031 = EDGE_LOOP('',(#2032));
#2032 = ORIENTED_EDGE('',*,*,#2033,.T.);
#2033 = EDGE_CURVE('',#2034,#2034,#2036,.T.);
#2034 = VERTEX_POINT('',#2035);
#2035 = CARTESIAN_POINT('',(25.5,18.95,1.51));
#2036 = CIRCLE('',#2037,0.55);
#2037 = AXIS2_PLACEMENT_3D('',#2038,#2039,#2040);
#2038 = CARTESIAN_POINT('',(25.5,19.5,1.51));
#2039 = DIRECTION('',(-0.,0.,-1.));
#2040 = DIRECTION('',(-0.,-1.,0.));
#2041 = FACE_BOUND('',#2042,.T.);
#2042 = EDGE_LOOP('',(#2043));
#2043 = ORIENTED_EDGE('',*,*,#2044,.F.);
#2044 = EDGE_CURVE('',#2045,#2045,#2047,.T.);
#2045 = VERTEX_POINT('',#2046);
#2046 = CARTESIAN_POINT('',(48.5,21.,1.51));
#2047 = CIRCLE('',#2048,3.5);
#2048 = AXIS2_PLACEMENT_3D('',#2049,#2050,#2051);
#2049 = CARTESIAN_POINT('',(45.,21.,1.51));
#2050 = DIRECTION('',(0.,0.,1.));
#2051 = DIRECTION('',(1.,0.,-0.));
#2052 = PLANE('',#2053);
#2053 = AXIS2_PLACEMENT_3D('',#2054,#2055,#2056);
#2054 = CARTESIAN_POINT('',(0.,0.,1.51));
#2055 = DIRECTION('',(0.,0.,1.));
#2056 = DIRECTION('',(1.,0.,-0.));
#2057 = ADVANCED_FACE('',(#2058),#2069,.T.);
#2058 = FACE_BOUND('',#2059,.T.);
#2059 = EDGE_LOOP('',(#2060,#2066,#2067,#2068));
#2060 = ORIENTED_EDGE('',*,*,#2061,.T.);
#2061 = EDGE_CURVE('',#146,#1105,#2062,.T.);
#2062 = LINE('',#2063,#2064);
#2063 = CARTESIAN_POINT('',(-50.,23.,0.));
#2064 = VECTOR('',#2065,1.);
#2065 = DIRECTION('',(0.,0.,1.));
#2066 = ORIENTED_EDGE('',*,*,#1104,.T.);
#2067 = ORIENTED_EDGE('',*,*,#81,.F.);
#2068 = ORIENTED_EDGE('',*,*,#145,.F.);
#2069 = CYLINDRICAL_SURFACE('',#2070,3.000001172987);
#2070 = AXIS2_PLACEMENT_3D('',#2071,#2072,#2073);
#2071 = CARTESIAN_POINT('',(-46.99999882701,22.999998827013,0.));
#2072 = DIRECTION('',(0.,0.,-1.));
#2073 = DIRECTION('',(-1.,3.909953639749E-07,0.));
#2074 = ADVANCED_FACE('',(#2075),#2086,.T.);
#2075 = FACE_BOUND('',#2076,.T.);
#2076 = EDGE_LOOP('',(#2077,#2078,#2079,#2085));
#2077 = ORIENTED_EDGE('',*,*,#121,.T.);
#2078 = ORIENTED_EDGE('',*,*,#1138,.T.);
#2079 = ORIENTED_EDGE('',*,*,#2080,.F.);
#2080 = EDGE_CURVE('',#172,#1131,#2081,.T.);
#2081 = LINE('',#2082,#2083);
#2082 = CARTESIAN_POINT('',(47.,-26.,0.));
#2083 = VECTOR('',#2084,1.);
#2084 = DIRECTION('',(0.,0.,1.));
#2085 = ORIENTED_EDGE('',*,*,#179,.F.);
#2086 = CYLINDRICAL_SURFACE('',#2087,3.000001172987);
#2087 = AXIS2_PLACEMENT_3D('',#2088,#2089,#2090);
#2088 = CARTESIAN_POINT('',(46.999998827013,-22.99999882701,0.));
#2089 = DIRECTION('',(0.,0.,-1.));
#2090 = DIRECTION('',(1.,-3.909953639749E-07,0.));
#2091 = ADVANCED_FACE('',(#2092),#2103,.T.);
#2092 = FACE_BOUND('',#2093,.T.);
#2093 = EDGE_LOOP('',(#2094,#2100,#2101,#2102));
#2094 = ORIENTED_EDGE('',*,*,#2095,.T.);
#2095 = EDGE_CURVE('',#155,#1114,#2096,.T.);
#2096 = LINE('',#2097,#2098);
#2097 = CARTESIAN_POINT('',(-50.,-23.,0.));
#2098 = VECTOR('',#2099,1.);
#2099 = DIRECTION('',(0.,0.,1.));
#2100 = ORIENTED_EDGE('',*,*,#1113,.T.);
#2101 = ORIENTED_EDGE('',*,*,#2061,.F.);
#2102 = ORIENTED_EDGE('',*,*,#154,.F.);
#2103 = PLANE('',#2104);
#2104 = AXIS2_PLACEMENT_3D('',#2105,#2106,#2107);
#2105 = CARTESIAN_POINT('',(-50.,-23.,0.));
#2106 = DIRECTION('',(-1.,0.,0.));
#2107 = DIRECTION('',(0.,1.,0.));
#2108 = ADVANCED_FACE('',(#2109),#2120,.T.);
#2109 = FACE_BOUND('',#2110,.T.);
#2110 = EDGE_LOOP('',(#2111,#2112,#2113,#2119));
#2111 = ORIENTED_EDGE('',*,*,#2080,.T.);
#2112 = ORIENTED_EDGE('',*,*,#1130,.T.);
#2113 = ORIENTED_EDGE('',*,*,#2114,.F.);
#2114 = EDGE_CURVE('',#163,#1122,#2115,.T.);
#2115 = LINE('',#2116,#2117);
#2116 = CARTESIAN_POINT('',(-47.,-26.,0.));
#2117 = VECTOR('',#2118,1.);
#2118 = DIRECTION('',(0.,0.,1.));
#2119 = ORIENTED_EDGE('',*,*,#171,.F.);
#2120 = PLANE('',#2121);
#2121 = AXIS2_PLACEMENT_3D('',#2122,#2123,#2124);
#2122 = CARTESIAN_POINT('',(47.,-26.,0.));
#2123 = DIRECTION('',(0.,-1.,0.));
#2124 = DIRECTION('',(-1.,0.,0.));
#2125 = ADVANCED_FACE('',(#2126),#2132,.T.);
#2126 = FACE_BOUND('',#2127,.T.);
#2127 = EDGE_LOOP('',(#2128,#2129,#2130,#2131));
#2128 = ORIENTED_EDGE('',*,*,#2114,.T.);
#2129 = ORIENTED_EDGE('',*,*,#1121,.T.);
#2130 = ORIENTED_EDGE('',*,*,#2095,.F.);
#2131 = ORIENTED_EDGE('',*,*,#162,.F.);
#2132 = CYLINDRICAL_SURFACE('',#2133,3.000001172987);
#2133 = AXIS2_PLACEMENT_3D('',#2134,#2135,#2136);
#2134 = CARTESIAN_POINT('',(-46.99999882701,-22.99999882701,0.));
#2135 = DIRECTION('',(0.,0.,-1.));
#2136 = DIRECTION('',(-3.909953639749E-07,-1.,-0.));
#2137 = ADVANCED_FACE('',(#2138),#2149,.F.);
#2138 = FACE_BOUND('',#2139,.T.);
#2139 = EDGE_LOOP('',(#2140,#2146,#2147,#2148));
#2140 = ORIENTED_EDGE('',*,*,#2141,.T.);
#2141 = EDGE_CURVE('',#190,#1149,#2142,.T.);
#2142 = LINE('',#2143,#2144);
#2143 = CARTESIAN_POINT('',(-41.5,-21.,0.));
#2144 = VECTOR('',#2145,1.);
#2145 = DIRECTION('',(0.,0.,1.));
#2146 = ORIENTED_EDGE('',*,*,#1148,.T.);
#2147 = ORIENTED_EDGE('',*,*,#2141,.F.);
#2148 = ORIENTED_EDGE('',*,*,#189,.F.);
#2149 = CYLINDRICAL_SURFACE('',#2150,3.5);
#2150 = AXIS2_PLACEMENT_3D('',#2151,#2152,#2153);
#2151 = CARTESIAN_POINT('',(-45.,-21.,0.));
#2152 = DIRECTION('',(-0.,-0.,-1.));
#2153 = DIRECTION('',(1.,0.,-0.));
#2154 = ADVANCED_FACE('',(#2155),#2166,.F.);
#2155 = FACE_BOUND('',#2156,.T.);
#2156 = EDGE_LOOP('',(#2157,#2158,#2164,#2165));
#2157 = ORIENTED_EDGE('',*,*,#200,.T.);
#2158 = ORIENTED_EDGE('',*,*,#2159,.T.);
#2159 = EDGE_CURVE('',#201,#1160,#2160,.T.);
#2160 = LINE('',#2161,#2162);
#2161 = CARTESIAN_POINT('',(-24.6,-21.95,-4.6E-02));
#2162 = VECTOR('',#2163,1.);
#2163 = DIRECTION('',(0.,0.,1.));
#2164 = ORIENTED_EDGE('',*,*,#1159,.F.);
#2165 = ORIENTED_EDGE('',*,*,#2159,.F.);
#2166 = CYLINDRICAL_SURFACE('',#2167,0.1);
#2167 = AXIS2_PLACEMENT_3D('',#2168,#2169,#2170);
#2168 = CARTESIAN_POINT('',(-24.6,-21.85,-4.6E-02));
#2169 = DIRECTION('',(-0.,-0.,-1.));
#2170 = DIRECTION('',(-0.,-1.,0.));
#2171 = ADVANCED_FACE('',(#2172),#2183,.F.);
#2172 = FACE_BOUND('',#2173,.T.);
#2173 = EDGE_LOOP('',(#2174,#2175,#2181,#2182));
#2174 = ORIENTED_EDGE('',*,*,#211,.T.);
#2175 = ORIENTED_EDGE('',*,*,#2176,.T.);
#2176 = EDGE_CURVE('',#212,#1171,#2177,.T.);
#2177 = LINE('',#2178,#2179);
#2178 = CARTESIAN_POINT('',(-24.6,-20.75,-4.6E-02));
#2179 = VECTOR('',#2180,1.);
#2180 = DIRECTION('',(0.,0.,1.));
#2181 = ORIENTED_EDGE('',*,*,#1170,.F.);
#2182 = ORIENTED_EDGE('',*,*,#2176,.F.);
#2183 = CYLINDRICAL_SURFACE('',#2184,0.1);
#2184 = AXIS2_PLACEMENT_3D('',#2185,#2186,#2187);
#2185 = CARTESIAN_POINT('',(-24.6,-20.65,-4.6E-02));
#2186 = DIRECTION('',(-0.,-0.,-1.));
#2187 = DIRECTION('',(-0.,-1.,0.));
#2188 = ADVANCED_FACE('',(#2189),#2200,.F.);
#2189 = FACE_BOUND('',#2190,.T.);
#2190 = EDGE_LOOP('',(#2191,#2192,#2198,#2199));
#2191 = ORIENTED_EDGE('',*,*,#222,.T.);
#2192 = ORIENTED_EDGE('',*,*,#2193,.T.);
#2193 = EDGE_CURVE('',#223,#1182,#2194,.T.);
#2194 = LINE('',#2195,#2196);
#2195 = CARTESIAN_POINT('',(-24.6,-19.55,-4.6E-02));
#2196 = VECTOR('',#2197,1.);
#2197 = DIRECTION('',(0.,0.,1.));
#2198 = ORIENTED_EDGE('',*,*,#1181,.F.);
#2199 = ORIENTED_EDGE('',*,*,#2193,.F.);
#2200 = CYLINDRICAL_SURFACE('',#2201,0.1);
#2201 = AXIS2_PLACEMENT_3D('',#2202,#2203,#2204);
#2202 = CARTESIAN_POINT('',(-24.6,-19.45,-4.6E-02));
#2203 = DIRECTION('',(-0.,-0.,-1.));
#2204 = DIRECTION('',(-0.,-1.,0.));
#2205 = ADVANCED_FACE('',(#2206),#2217,.F.);
#2206 = FACE_BOUND('',#2207,.T.);
#2207 = EDGE_LOOP('',(#2208,#2209,#2215,#2216));
#2208 = ORIENTED_EDGE('',*,*,#233,.T.);
#2209 = ORIENTED_EDGE('',*,*,#2210,.T.);
#2210 = EDGE_CURVE('',#234,#1193,#2211,.T.);
#2211 = LINE('',#2212,#2213);
#2212 = CARTESIAN_POINT('',(-35.79,-16.6,-4.6E-02));
#2213 = VECTOR('',#2214,1.);
#2214 = DIRECTION('',(0.,0.,1.));
#2215 = ORIENTED_EDGE('',*,*,#1192,.F.);
#2216 = ORIENTED_EDGE('',*,*,#2210,.F.);
#2217 = CYLINDRICAL_SURFACE('',#2218,0.6);
#2218 = AXIS2_PLACEMENT_3D('',#2219,#2220,#2221);
#2219 = CARTESIAN_POINT('',(-35.79,-16.,-4.6E-02));
#2220 = DIRECTION('',(-0.,-0.,-1.));
#2221 = DIRECTION('',(-0.,-1.,0.));
#2222 = ADVANCED_FACE('',(#2223),#2234,.F.);
#2223 = FACE_BOUND('',#2224,.T.);
#2224 = EDGE_LOOP('',(#2225,#2226,#2232,#2233));
#2225 = ORIENTED_EDGE('',*,*,#244,.T.);
#2226 = ORIENTED_EDGE('',*,*,#2227,.T.);
#2227 = EDGE_CURVE('',#245,#1204,#2228,.T.);
#2228 = LINE('',#2229,#2230);
#2229 = CARTESIAN_POINT('',(-33.25,-16.6,-4.6E-02));
#2230 = VECTOR('',#2231,1.);
#2231 = DIRECTION('',(0.,0.,1.));
#2232 = ORIENTED_EDGE('',*,*,#1203,.F.);
#2233 = ORIENTED_EDGE('',*,*,#2227,.F.);
#2234 = CYLINDRICAL_SURFACE('',#2235,0.6);
#2235 = AXIS2_PLACEMENT_3D('',#2236,#2237,#2238);
#2236 = CARTESIAN_POINT('',(-33.25,-16.,-4.6E-02));
#2237 = DIRECTION('',(-0.,-0.,-1.));
#2238 = DIRECTION('',(-0.,-1.,0.));
#2239 = ADVANCED_FACE('',(#2240),#2251,.F.);
#2240 = FACE_BOUND('',#2241,.T.);
#2241 = EDGE_LOOP('',(#2242,#2243,#2249,#2250));
#2242 = ORIENTED_EDGE('',*,*,#255,.T.);
#2243 = ORIENTED_EDGE('',*,*,#2244,.T.);
#2244 = EDGE_CURVE('',#256,#1215,#2245,.T.);
#2245 = LINE('',#2246,#2247);
#2246 = CARTESIAN_POINT('',(-30.71,-16.6,-4.6E-02));
#2247 = VECTOR('',#2248,1.);
#2248 = DIRECTION('',(0.,0.,1.));
#2249 = ORIENTED_EDGE('',*,*,#1214,.F.);
#2250 = ORIENTED_EDGE('',*,*,#2244,.F.);
#2251 = CYLINDRICAL_SURFACE('',#2252,0.6);
#2252 = AXIS2_PLACEMENT_3D('',#2253,#2254,#2255);
#2253 = CARTESIAN_POINT('',(-30.71,-16.,-4.6E-02));
#2254 = DIRECTION('',(-0.,-0.,-1.));
#2255 = DIRECTION('',(-0.,-1.,0.));
#2256 = ADVANCED_FACE('',(#2257),#2268,.F.);
#2257 = FACE_BOUND('',#2258,.T.);
#2258 = EDGE_LOOP('',(#2259,#2260,#2266,#2267));
#2259 = ORIENTED_EDGE('',*,*,#266,.T.);
#2260 = ORIENTED_EDGE('',*,*,#2261,.T.);
#2261 = EDGE_CURVE('',#267,#1226,#2262,.T.);
#2262 = LINE('',#2263,#2264);
#2263 = CARTESIAN_POINT('',(-23.2,-21.95,-4.6E-02));
#2264 = VECTOR('',#2265,1.);
#2265 = DIRECTION('',(0.,0.,1.));
#2266 = ORIENTED_EDGE('',*,*,#1225,.F.);
#2267 = ORIENTED_EDGE('',*,*,#2261,.F.);
#2268 = CYLINDRICAL_SURFACE('',#2269,0.1);
#2269 = AXIS2_PLACEMENT_3D('',#2270,#2271,#2272);
#2270 = CARTESIAN_POINT('',(-23.2,-21.85,-4.6E-02));
#2271 = DIRECTION('',(-0.,0.,-1.));
#2272 = DIRECTION('',(3.5527136788E-14,-1.,-0.));
#2273 = ADVANCED_FACE('',(#2274),#2285,.F.);
#2274 = FACE_BOUND('',#2275,.T.);
#2275 = EDGE_LOOP('',(#2276,#2277,#2283,#2284));
#2276 = ORIENTED_EDGE('',*,*,#277,.T.);
#2277 = ORIENTED_EDGE('',*,*,#2278,.T.);
#2278 = EDGE_CURVE('',#278,#1237,#2279,.T.);
#2279 = LINE('',#2280,#2281);
#2280 = CARTESIAN_POINT('',(-23.2,-20.75,-4.6E-02));
#2281 = VECTOR('',#2282,1.);
#2282 = DIRECTION('',(0.,0.,1.));
#2283 = ORIENTED_EDGE('',*,*,#1236,.F.);
#2284 = ORIENTED_EDGE('',*,*,#2278,.F.);
#2285 = CYLINDRICAL_SURFACE('',#2286,0.1);
#2286 = AXIS2_PLACEMENT_3D('',#2287,#2288,#2289);
#2287 = CARTESIAN_POINT('',(-23.2,-20.65,-4.6E-02));
#2288 = DIRECTION('',(-0.,0.,-1.));
#2289 = DIRECTION('',(3.5527136788E-14,-1.,-0.));
#2290 = ADVANCED_FACE('',(#2291),#2302,.F.);
#2291 = FACE_BOUND('',#2292,.T.);
#2292 = EDGE_LOOP('',(#2293,#2294,#2300,#2301));
#2293 = ORIENTED_EDGE('',*,*,#288,.T.);
#2294 = ORIENTED_EDGE('',*,*,#2295,.T.);
#2295 = EDGE_CURVE('',#289,#1248,#2296,.T.);
#2296 = LINE('',#2297,#2298);
#2297 = CARTESIAN_POINT('',(-23.2,-19.55,-4.6E-02));
#2298 = VECTOR('',#2299,1.);
#2299 = DIRECTION('',(0.,0.,1.));
#2300 = ORIENTED_EDGE('',*,*,#1247,.F.);
#2301 = ORIENTED_EDGE('',*,*,#2295,.F.);
#2302 = CYLINDRICAL_SURFACE('',#2303,0.1);
#2303 = AXIS2_PLACEMENT_3D('',#2304,#2305,#2306);
#2304 = CARTESIAN_POINT('',(-23.2,-19.45,-4.6E-02));
#2305 = DIRECTION('',(-0.,0.,-1.));
#2306 = DIRECTION('',(3.5527136788E-14,-1.,-0.));
#2307 = ADVANCED_FACE('',(#2308),#2324,.F.);
#2308 = FACE_BOUND('',#2309,.T.);
#2309 = EDGE_LOOP('',(#2310,#2311,#2317,#2318));
#2310 = ORIENTED_EDGE('',*,*,#299,.T.);
#2311 = ORIENTED_EDGE('',*,*,#2312,.T.);
#2312 = EDGE_CURVE('',#302,#1261,#2313,.T.);
#2313 = LINE('',#2314,#2315);
#2314 = CARTESIAN_POINT('',(-4.62,-24.6,-4.6E-02));
#2315 = VECTOR('',#2316,1.);
#2316 = DIRECTION('',(0.,0.,1.));
#2317 = ORIENTED_EDGE('',*,*,#1258,.F.);
#2318 = ORIENTED_EDGE('',*,*,#2319,.F.);
#2319 = EDGE_CURVE('',#300,#1259,#2320,.T.);
#2320 = LINE('',#2321,#2322);
#2321 = CARTESIAN_POINT('',(-4.02,-24.6,-4.6E-02));
#2322 = VECTOR('',#2323,1.);
#2323 = DIRECTION('',(0.,0.,1.));
#2324 = CYLINDRICAL_SURFACE('',#2325,0.3);
#2325 = AXIS2_PLACEMENT_3D('',#2326,#2327,#2328);
#2326 = CARTESIAN_POINT('',(-4.32,-24.6,-4.6E-02));
#2327 = DIRECTION('',(-0.,-0.,-1.));
#2328 = DIRECTION('',(-1.,-1.184237892934E-14,0.));
#2329 = ADVANCED_FACE('',(#2330),#2341,.T.);
#2330 = FACE_BOUND('',#2331,.T.);
#2331 = EDGE_LOOP('',(#2332,#2333,#2334,#2335));
#2332 = ORIENTED_EDGE('',*,*,#327,.T.);
#2333 = ORIENTED_EDGE('',*,*,#2319,.T.);
#2334 = ORIENTED_EDGE('',*,*,#1286,.F.);
#2335 = ORIENTED_EDGE('',*,*,#2336,.F.);
#2336 = EDGE_CURVE('',#319,#1278,#2337,.T.);
#2337 = LINE('',#2338,#2339);
#2338 = CARTESIAN_POINT('',(-4.02,-24.,-4.6E-02));
#2339 = VECTOR('',#2340,1.);
#2340 = DIRECTION('',(0.,0.,1.));
#2341 = PLANE('',#2342);
#2342 = AXIS2_PLACEMENT_3D('',#2343,#2344,#2345);
#2343 = CARTESIAN_POINT('',(-4.02,-24.6,-4.6E-02));
#2344 = DIRECTION('',(-1.,0.,0.));
#2345 = DIRECTION('',(0.,1.,0.));
#2346 = ADVANCED_FACE('',(#2347),#2358,.F.);
#2347 = FACE_BOUND('',#2348,.T.);
#2348 = EDGE_LOOP('',(#2349,#2350,#2351,#2352));
#2349 = ORIENTED_EDGE('',*,*,#318,.T.);
#2350 = ORIENTED_EDGE('',*,*,#2336,.T.);
#2351 = ORIENTED_EDGE('',*,*,#1277,.F.);
#2352 = ORIENTED_EDGE('',*,*,#2353,.F.);
#2353 = EDGE_CURVE('',#311,#1270,#2354,.T.);
#2354 = LINE('',#2355,#2356);
#2355 = CARTESIAN_POINT('',(-4.62,-24.,-4.6E-02));
#2356 = VECTOR('',#2357,1.);
#2357 = DIRECTION('',(0.,0.,1.));
#2358 = CYLINDRICAL_SURFACE('',#2359,0.3);
#2359 = AXIS2_PLACEMENT_3D('',#2360,#2361,#2362);
#2360 = CARTESIAN_POINT('',(-4.32,-24.,-4.6E-02));
#2361 = DIRECTION('',(-0.,-0.,-1.));
#2362 = DIRECTION('',(1.,0.,-0.));
#2363 = ADVANCED_FACE('',(#2364),#2370,.T.);
#2364 = FACE_BOUND('',#2365,.T.);
#2365 = EDGE_LOOP('',(#2366,#2367,#2368,#2369));
#2366 = ORIENTED_EDGE('',*,*,#310,.T.);
#2367 = ORIENTED_EDGE('',*,*,#2353,.T.);
#2368 = ORIENTED_EDGE('',*,*,#1269,.F.);
#2369 = ORIENTED_EDGE('',*,*,#2312,.F.);
#2370 = PLANE('',#2371);
#2371 = AXIS2_PLACEMENT_3D('',#2372,#2373,#2374);
#2372 = CARTESIAN_POINT('',(-4.62,-24.,-4.6E-02));
#2373 = DIRECTION('',(1.,0.,-0.));
#2374 = DIRECTION('',(0.,-1.,0.));
#2375 = ADVANCED_FACE('',(#2376),#2387,.F.);
#2376 = FACE_BOUND('',#2377,.T.);
#2377 = EDGE_LOOP('',(#2378,#2379,#2385,#2386));
#2378 = ORIENTED_EDGE('',*,*,#335,.T.);
#2379 = ORIENTED_EDGE('',*,*,#2380,.T.);
#2380 = EDGE_CURVE('',#336,#1295,#2381,.T.);
#2381 = LINE('',#2382,#2383);
#2382 = CARTESIAN_POINT('',(-2.89,-20.975,-4.6E-02));
#2383 = VECTOR('',#2384,1.);
#2384 = DIRECTION('',(0.,0.,1.));
#2385 = ORIENTED_EDGE('',*,*,#1294,.F.);
#2386 = ORIENTED_EDGE('',*,*,#2380,.F.);
#2387 = CYLINDRICAL_SURFACE('',#2388,0.325);
#2388 = AXIS2_PLACEMENT_3D('',#2389,#2390,#2391);
#2389 = CARTESIAN_POINT('',(-2.89,-20.65,-4.6E-02));
#2390 = DIRECTION('',(-0.,-0.,-1.));
#2391 = DIRECTION('',(-1.366428338E-15,-1.,0.));
#2392 = ADVANCED_FACE('',(#2393),#2409,.F.);
#2393 = FACE_BOUND('',#2394,.T.);
#2394 = EDGE_LOOP('',(#2395,#2396,#2402,#2403));
#2395 = ORIENTED_EDGE('',*,*,#346,.T.);
#2396 = ORIENTED_EDGE('',*,*,#2397,.T.);
#2397 = EDGE_CURVE('',#349,#1308,#2398,.T.);
#2398 = LINE('',#2399,#2400);
#2399 = CARTESIAN_POINT('',(-4.62,-20.67,-4.6E-02));
#2400 = VECTOR('',#2401,1.);
#2401 = DIRECTION('',(0.,0.,1.));
#2402 = ORIENTED_EDGE('',*,*,#1305,.F.);
#2403 = ORIENTED_EDGE('',*,*,#2404,.F.);
#2404 = EDGE_CURVE('',#347,#1306,#2405,.T.);
#2405 = LINE('',#2406,#2407);
#2406 = CARTESIAN_POINT('',(-4.02,-20.67,-4.6E-02));
#2407 = VECTOR('',#2408,1.);
#2408 = DIRECTION('',(0.,0.,1.));
#2409 = CYLINDRICAL_SURFACE('',#2410,0.3);
#2410 = AXIS2_PLACEMENT_3D('',#2411,#2412,#2413);
#2411 = CARTESIAN_POINT('',(-4.32,-20.67,-4.6E-02));
#2412 = DIRECTION('',(-0.,-0.,-1.));
#2413 = DIRECTION('',(-1.,-1.184237892934E-14,0.));
#2414 = ADVANCED_FACE('',(#2415),#2426,.T.);
#2415 = FACE_BOUND('',#2416,.T.);
#2416 = EDGE_LOOP('',(#2417,#2418,#2419,#2420));
#2417 = ORIENTED_EDGE('',*,*,#374,.T.);
#2418 = ORIENTED_EDGE('',*,*,#2404,.T.);
#2419 = ORIENTED_EDGE('',*,*,#1333,.F.);
#2420 = ORIENTED_EDGE('',*,*,#2421,.F.);
#2421 = EDGE_CURVE('',#366,#1325,#2422,.T.);
#2422 = LINE('',#2423,#2424);
#2423 = CARTESIAN_POINT('',(-4.02,-19.57,-4.6E-02));
#2424 = VECTOR('',#2425,1.);
#2425 = DIRECTION('',(0.,0.,1.));
#2426 = PLANE('',#2427);
#2427 = AXIS2_PLACEMENT_3D('',#2428,#2429,#2430);
#2428 = CARTESIAN_POINT('',(-4.02,-20.67,-4.6E-02));
#2429 = DIRECTION('',(-1.,0.,0.));
#2430 = DIRECTION('',(0.,1.,0.));
#2431 = ADVANCED_FACE('',(#2432),#2443,.F.);
#2432 = FACE_BOUND('',#2433,.T.);
#2433 = EDGE_LOOP('',(#2434,#2435,#2436,#2437));
#2434 = ORIENTED_EDGE('',*,*,#365,.T.);
#2435 = ORIENTED_EDGE('',*,*,#2421,.T.);
#2436 = ORIENTED_EDGE('',*,*,#1324,.F.);
#2437 = ORIENTED_EDGE('',*,*,#2438,.F.);
#2438 = EDGE_CURVE('',#358,#1317,#2439,.T.);
#2439 = LINE('',#2440,#2441);
#2440 = CARTESIAN_POINT('',(-4.62,-19.57,-4.6E-02));
#2441 = VECTOR('',#2442,1.);
#2442 = DIRECTION('',(0.,0.,1.));
#2443 = CYLINDRICAL_SURFACE('',#2444,0.3);
#2444 = AXIS2_PLACEMENT_3D('',#2445,#2446,#2447);
#2445 = CARTESIAN_POINT('',(-4.32,-19.57,-4.6E-02));
#2446 = DIRECTION('',(-0.,-0.,-1.));
#2447 = DIRECTION('',(1.,0.,-0.));
#2448 = ADVANCED_FACE('',(#2449),#2455,.T.);
#2449 = FACE_BOUND('',#2450,.T.);
#2450 = EDGE_LOOP('',(#2451,#2452,#2453,#2454));
#2451 = ORIENTED_EDGE('',*,*,#357,.T.);
#2452 = ORIENTED_EDGE('',*,*,#2438,.T.);
#2453 = ORIENTED_EDGE('',*,*,#1316,.F.);
#2454 = ORIENTED_EDGE('',*,*,#2397,.F.);
#2455 = PLANE('',#2456);
#2456 = AXIS2_PLACEMENT_3D('',#2457,#2458,#2459);
#2457 = CARTESIAN_POINT('',(-4.62,-19.57,-4.6E-02));
#2458 = DIRECTION('',(1.,0.,-0.));
#2459 = DIRECTION('',(0.,-1.,0.));
#2460 = ADVANCED_FACE('',(#2461),#2472,.F.);
#2461 = FACE_BOUND('',#2462,.T.);
#2462 = EDGE_LOOP('',(#2463,#2469,#2470,#2471));
#2463 = ORIENTED_EDGE('',*,*,#2464,.T.);
#2464 = EDGE_CURVE('',#383,#1342,#2465,.T.);
#2465 = LINE('',#2466,#2467);
#2466 = CARTESIAN_POINT('',(-12.25,-15.45,0.));
#2467 = VECTOR('',#2468,1.);
#2468 = DIRECTION('',(0.,0.,1.));
#2469 = ORIENTED_EDGE('',*,*,#1341,.T.);
#2470 = ORIENTED_EDGE('',*,*,#2464,.F.);
#2471 = ORIENTED_EDGE('',*,*,#382,.F.);
#2472 = CYLINDRICAL_SURFACE('',#2473,1.25);
#2473 = AXIS2_PLACEMENT_3D('',#2474,#2475,#2476);
#2474 = CARTESIAN_POINT('',(-13.5,-15.45,0.));
#2475 = DIRECTION('',(-0.,-0.,-1.));
#2476 = DIRECTION('',(1.,0.,-0.));
#2477 = ADVANCED_FACE('',(#2478),#2489,.F.);
#2478 = FACE_BOUND('',#2479,.T.);
#2479 = EDGE_LOOP('',(#2480,#2481,#2487,#2488));
#2480 = ORIENTED_EDGE('',*,*,#393,.T.);
#2481 = ORIENTED_EDGE('',*,*,#2482,.T.);
#2482 = EDGE_CURVE('',#394,#1353,#2483,.T.);
#2483 = LINE('',#2484,#2485);
#2484 = CARTESIAN_POINT('',(-36.5,-9.425,-4.6E-02));
#2485 = VECTOR('',#2486,1.);
#2486 = DIRECTION('',(0.,0.,1.));
#2487 = ORIENTED_EDGE('',*,*,#1352,.F.);
#2488 = ORIENTED_EDGE('',*,*,#2482,.F.);
#2489 = CYLINDRICAL_SURFACE('',#2490,0.55);
#2490 = AXIS2_PLACEMENT_3D('',#2491,#2492,#2493);
#2491 = CARTESIAN_POINT('',(-36.5,-8.875,-4.6E-02));
#2492 = DIRECTION('',(-0.,-0.,-1.));
#2493 = DIRECTION('',(-0.,-1.,0.));
#2494 = ADVANCED_FACE('',(#2495),#2506,.F.);
#2495 = FACE_BOUND('',#2496,.T.);
#2496 = EDGE_LOOP('',(#2497,#2498,#2504,#2505));
#2497 = ORIENTED_EDGE('',*,*,#404,.T.);
#2498 = ORIENTED_EDGE('',*,*,#2499,.T.);
#2499 = EDGE_CURVE('',#405,#1364,#2500,.T.);
#2500 = LINE('',#2501,#2502);
#2501 = CARTESIAN_POINT('',(-30.,-9.425,-4.6E-02));
#2502 = VECTOR('',#2503,1.);
#2503 = DIRECTION('',(0.,0.,1.));
#2504 = ORIENTED_EDGE('',*,*,#1363,.F.);
#2505 = ORIENTED_EDGE('',*,*,#2499,.F.);
#2506 = CYLINDRICAL_SURFACE('',#2507,0.55);
#2507 = AXIS2_PLACEMENT_3D('',#2508,#2509,#2510);
#2508 = CARTESIAN_POINT('',(-30.,-8.875,-4.6E-02));
#2509 = DIRECTION('',(-0.,-0.,-1.));
#2510 = DIRECTION('',(-0.,-1.,0.));
#2511 = ADVANCED_FACE('',(#2512),#2523,.F.);
#2512 = FACE_BOUND('',#2513,.T.);
#2513 = EDGE_LOOP('',(#2514,#2515,#2521,#2522));
#2514 = ORIENTED_EDGE('',*,*,#415,.T.);
#2515 = ORIENTED_EDGE('',*,*,#2516,.T.);
#2516 = EDGE_CURVE('',#416,#1375,#2517,.T.);
#2517 = LINE('',#2518,#2519);
#2518 = CARTESIAN_POINT('',(-36.5,-4.925,-4.6E-02));
#2519 = VECTOR('',#2520,1.);
#2520 = DIRECTION('',(0.,0.,1.));
#2521 = ORIENTED_EDGE('',*,*,#1374,.F.);
#2522 = ORIENTED_EDGE('',*,*,#2516,.F.);
#2523 = CYLINDRICAL_SURFACE('',#2524,0.55);
#2524 = AXIS2_PLACEMENT_3D('',#2525,#2526,#2527);
#2525 = CARTESIAN_POINT('',(-36.5,-4.375,-4.6E-02));
#2526 = DIRECTION('',(-0.,-0.,-1.));
#2527 = DIRECTION('',(-0.,-1.,0.));
#2528 = ADVANCED_FACE('',(#2529),#2540,.F.);
#2529 = FACE_BOUND('',#2530,.T.);
#2530 = EDGE_LOOP('',(#2531,#2532,#2538,#2539));
#2531 = ORIENTED_EDGE('',*,*,#426,.T.);
#2532 = ORIENTED_EDGE('',*,*,#2533,.T.);
#2533 = EDGE_CURVE('',#427,#1386,#2534,.T.);
#2534 = LINE('',#2535,#2536);
#2535 = CARTESIAN_POINT('',(-30.,-4.925,-4.6E-02));
#2536 = VECTOR('',#2537,1.);
#2537 = DIRECTION('',(0.,0.,1.));
#2538 = ORIENTED_EDGE('',*,*,#1385,.F.);
#2539 = ORIENTED_EDGE('',*,*,#2533,.F.);
#2540 = CYLINDRICAL_SURFACE('',#2541,0.55);
#2541 = AXIS2_PLACEMENT_3D('',#2542,#2543,#2544);
#2542 = CARTESIAN_POINT('',(-30.,-4.375,-4.6E-02));
#2543 = DIRECTION('',(-0.,-0.,-1.));
#2544 = DIRECTION('',(-0.,-1.,0.));
#2545 = ADVANCED_FACE('',(#2546),#2562,.F.);
#2546 = FACE_BOUND('',#2547,.T.);
#2547 = EDGE_LOOP('',(#2548,#2549,#2555,#2556));
#2548 = ORIENTED_EDGE('',*,*,#437,.T.);
#2549 = ORIENTED_EDGE('',*,*,#2550,.T.);
#2550 = EDGE_CURVE('',#440,#1399,#2551,.T.);
#2551 = LINE('',#2552,#2553);
#2552 = CARTESIAN_POINT('',(4.02,-24.6,-4.6E-02));
#2553 = VECTOR('',#2554,1.);
#2554 = DIRECTION('',(0.,0.,1.));
#2555 = ORIENTED_EDGE('',*,*,#1396,.F.);
#2556 = ORIENTED_EDGE('',*,*,#2557,.F.);
#2557 = EDGE_CURVE('',#438,#1397,#2558,.T.);
#2558 = LINE('',#2559,#2560);
#2559 = CARTESIAN_POINT('',(4.62,-24.6,-4.6E-02));
#2560 = VECTOR('',#2561,1.);
#2561 = DIRECTION('',(0.,0.,1.));
#2562 = CYLINDRICAL_SURFACE('',#2563,0.3);
#2563 = AXIS2_PLACEMENT_3D('',#2564,#2565,#2566);
#2564 = CARTESIAN_POINT('',(4.32,-24.6,-4.6E-02));
#2565 = DIRECTION('',(-0.,-0.,-1.));
#2566 = DIRECTION('',(-1.,-1.184237892933E-14,0.));
#2567 = ADVANCED_FACE('',(#2568),#2579,.T.);
#2568 = FACE_BOUND('',#2569,.T.);
#2569 = EDGE_LOOP('',(#2570,#2571,#2572,#2573));
#2570 = ORIENTED_EDGE('',*,*,#465,.T.);
#2571 = ORIENTED_EDGE('',*,*,#2557,.T.);
#2572 = ORIENTED_EDGE('',*,*,#1424,.F.);
#2573 = ORIENTED_EDGE('',*,*,#2574,.F.);
#2574 = EDGE_CURVE('',#457,#1416,#2575,.T.);
#2575 = LINE('',#2576,#2577);
#2576 = CARTESIAN_POINT('',(4.62,-24.,-4.6E-02));
#2577 = VECTOR('',#2578,1.);
#2578 = DIRECTION('',(0.,0.,1.));
#2579 = PLANE('',#2580);
#2580 = AXIS2_PLACEMENT_3D('',#2581,#2582,#2583);
#2581 = CARTESIAN_POINT('',(4.62,-24.6,-4.6E-02));
#2582 = DIRECTION('',(-1.,0.,0.));
#2583 = DIRECTION('',(0.,1.,0.));
#2584 = ADVANCED_FACE('',(#2585),#2596,.F.);
#2585 = FACE_BOUND('',#2586,.T.);
#2586 = EDGE_LOOP('',(#2587,#2588,#2589,#2590));
#2587 = ORIENTED_EDGE('',*,*,#456,.T.);
#2588 = ORIENTED_EDGE('',*,*,#2574,.T.);
#2589 = ORIENTED_EDGE('',*,*,#1415,.F.);
#2590 = ORIENTED_EDGE('',*,*,#2591,.F.);
#2591 = EDGE_CURVE('',#449,#1408,#2592,.T.);
#2592 = LINE('',#2593,#2594);
#2593 = CARTESIAN_POINT('',(4.02,-24.,-4.6E-02));
#2594 = VECTOR('',#2595,1.);
#2595 = DIRECTION('',(0.,0.,1.));
#2596 = CYLINDRICAL_SURFACE('',#2597,0.3);
#2597 = AXIS2_PLACEMENT_3D('',#2598,#2599,#2600);
#2598 = CARTESIAN_POINT('',(4.32,-24.,-4.6E-02));
#2599 = DIRECTION('',(-0.,-0.,-1.));
#2600 = DIRECTION('',(1.,0.,-0.));
#2601 = ADVANCED_FACE('',(#2602),#2608,.T.);
#2602 = FACE_BOUND('',#2603,.T.);
#2603 = EDGE_LOOP('',(#2604,#2605,#2606,#2607));
#2604 = ORIENTED_EDGE('',*,*,#448,.T.);
#2605 = ORIENTED_EDGE('',*,*,#2591,.T.);
#2606 = ORIENTED_EDGE('',*,*,#1407,.F.);
#2607 = ORIENTED_EDGE('',*,*,#2550,.F.);
#2608 = PLANE('',#2609);
#2609 = AXIS2_PLACEMENT_3D('',#2610,#2611,#2612);
#2610 = CARTESIAN_POINT('',(4.02,-24.,-4.6E-02));
#2611 = DIRECTION('',(1.,0.,-0.));
#2612 = DIRECTION('',(0.,-1.,0.));
#2613 = ADVANCED_FACE('',(#2614),#2625,.F.);
#2614 = FACE_BOUND('',#2615,.T.);
#2615 = EDGE_LOOP('',(#2616,#2617,#2623,#2624));
#2616 = ORIENTED_EDGE('',*,*,#473,.T.);
#2617 = ORIENTED_EDGE('',*,*,#2618,.T.);
#2618 = EDGE_CURVE('',#474,#1433,#2619,.T.);
#2619 = LINE('',#2620,#2621);
#2620 = CARTESIAN_POINT('',(2.89,-20.975,-4.6E-02));
#2621 = VECTOR('',#2622,1.);
#2622 = DIRECTION('',(0.,0.,1.));
#2623 = ORIENTED_EDGE('',*,*,#1432,.F.);
#2624 = ORIENTED_EDGE('',*,*,#2618,.F.);
#2625 = CYLINDRICAL_SURFACE('',#2626,0.325);
#2626 = AXIS2_PLACEMENT_3D('',#2627,#2628,#2629);
#2627 = CARTESIAN_POINT('',(2.89,-20.65,-4.6E-02));
#2628 = DIRECTION('',(-0.,0.,-1.));
#2629 = DIRECTION('',(1.366428338E-15,-1.,-0.));
#2630 = ADVANCED_FACE('',(#2631),#2647,.F.);
#2631 = FACE_BOUND('',#2632,.T.);
#2632 = EDGE_LOOP('',(#2633,#2634,#2640,#2641));
#2633 = ORIENTED_EDGE('',*,*,#484,.T.);
#2634 = ORIENTED_EDGE('',*,*,#2635,.T.);
#2635 = EDGE_CURVE('',#487,#1446,#2636,.T.);
#2636 = LINE('',#2637,#2638);
#2637 = CARTESIAN_POINT('',(4.02,-20.67,-4.6E-02));
#2638 = VECTOR('',#2639,1.);
#2639 = DIRECTION('',(0.,0.,1.));
#2640 = ORIENTED_EDGE('',*,*,#1443,.F.);
#2641 = ORIENTED_EDGE('',*,*,#2642,.F.);
#2642 = EDGE_CURVE('',#485,#1444,#2643,.T.);
#2643 = LINE('',#2644,#2645);
#2644 = CARTESIAN_POINT('',(4.62,-20.67,-4.6E-02));
#2645 = VECTOR('',#2646,1.);
#2646 = DIRECTION('',(0.,0.,1.));
#2647 = CYLINDRICAL_SURFACE('',#2648,0.3);
#2648 = AXIS2_PLACEMENT_3D('',#2649,#2650,#2651);
#2649 = CARTESIAN_POINT('',(4.32,-20.67,-4.6E-02));
#2650 = DIRECTION('',(-0.,-0.,-1.));
#2651 = DIRECTION('',(-1.,-1.184237892933E-14,0.));
#2652 = ADVANCED_FACE('',(#2653),#2664,.T.);
#2653 = FACE_BOUND('',#2654,.T.);
#2654 = EDGE_LOOP('',(#2655,#2656,#2657,#2658));
#2655 = ORIENTED_EDGE('',*,*,#512,.T.);
#2656 = ORIENTED_EDGE('',*,*,#2642,.T.);
#2657 = ORIENTED_EDGE('',*,*,#1471,.F.);
#2658 = ORIENTED_EDGE('',*,*,#2659,.F.);
#2659 = EDGE_CURVE('',#504,#1463,#2660,.T.);
#2660 = LINE('',#2661,#2662);
#2661 = CARTESIAN_POINT('',(4.62,-19.57,-4.6E-02));
#2662 = VECTOR('',#2663,1.);
#2663 = DIRECTION('',(0.,0.,1.));
#2664 = PLANE('',#2665);
#2665 = AXIS2_PLACEMENT_3D('',#2666,#2667,#2668);
#2666 = CARTESIAN_POINT('',(4.62,-20.67,-4.6E-02));
#2667 = DIRECTION('',(-1.,0.,0.));
#2668 = DIRECTION('',(0.,1.,0.));
#2669 = ADVANCED_FACE('',(#2670),#2681,.F.);
#2670 = FACE_BOUND('',#2671,.T.);
#2671 = EDGE_LOOP('',(#2672,#2673,#2674,#2675));
#2672 = ORIENTED_EDGE('',*,*,#503,.T.);
#2673 = ORIENTED_EDGE('',*,*,#2659,.T.);
#2674 = ORIENTED_EDGE('',*,*,#1462,.F.);
#2675 = ORIENTED_EDGE('',*,*,#2676,.F.);
#2676 = EDGE_CURVE('',#496,#1455,#2677,.T.);
#2677 = LINE('',#2678,#2679);
#2678 = CARTESIAN_POINT('',(4.02,-19.57,-4.6E-02));
#2679 = VECTOR('',#2680,1.);
#2680 = DIRECTION('',(0.,0.,1.));
#2681 = CYLINDRICAL_SURFACE('',#2682,0.3);
#2682 = AXIS2_PLACEMENT_3D('',#2683,#2684,#2685);
#2683 = CARTESIAN_POINT('',(4.32,-19.57,-4.6E-02));
#2684 = DIRECTION('',(-0.,-0.,-1.));
#2685 = DIRECTION('',(1.,0.,-0.));
#2686 = ADVANCED_FACE('',(#2687),#2693,.T.);
#2687 = FACE_BOUND('',#2688,.T.);
#2688 = EDGE_LOOP('',(#2689,#2690,#2691,#2692));
#2689 = ORIENTED_EDGE('',*,*,#495,.T.);
#2690 = ORIENTED_EDGE('',*,*,#2676,.T.);
#2691 = ORIENTED_EDGE('',*,*,#1454,.F.);
#2692 = ORIENTED_EDGE('',*,*,#2635,.F.);
#2693 = PLANE('',#2694);
#2694 = AXIS2_PLACEMENT_3D('',#2695,#2696,#2697);
#2695 = CARTESIAN_POINT('',(4.02,-19.57,-4.6E-02));
#2696 = DIRECTION('',(1.,0.,-0.));
#2697 = DIRECTION('',(0.,-1.,0.));
#2698 = ADVANCED_FACE('',(#2699),#2710,.F.);
#2699 = FACE_BOUND('',#2700,.T.);
#2700 = EDGE_LOOP('',(#2701,#2707,#2708,#2709));
#2701 = ORIENTED_EDGE('',*,*,#2702,.T.);
#2702 = EDGE_CURVE('',#521,#1480,#2703,.T.);
#2703 = LINE('',#2704,#2705);
#2704 = CARTESIAN_POINT('',(14.75,-15.45,0.));
#2705 = VECTOR('',#2706,1.);
#2706 = DIRECTION('',(0.,0.,1.));
#2707 = ORIENTED_EDGE('',*,*,#1479,.T.);
#2708 = ORIENTED_EDGE('',*,*,#2702,.F.);
#2709 = ORIENTED_EDGE('',*,*,#520,.F.);
#2710 = CYLINDRICAL_SURFACE('',#2711,1.25);
#2711 = AXIS2_PLACEMENT_3D('',#2712,#2713,#2714);
#2712 = CARTESIAN_POINT('',(13.5,-15.45,0.));
#2713 = DIRECTION('',(-0.,-0.,-1.));
#2714 = DIRECTION('',(1.,0.,-0.));
#2715 = ADVANCED_FACE('',(#2716),#2727,.F.);
#2716 = FACE_BOUND('',#2717,.T.);
#2717 = EDGE_LOOP('',(#2718,#2724,#2725,#2726));
#2718 = ORIENTED_EDGE('',*,*,#2719,.T.);
#2719 = EDGE_CURVE('',#532,#1491,#2720,.T.);
#2720 = LINE('',#2721,#2722);
#2721 = CARTESIAN_POINT('',(48.5,-21.,0.));
#2722 = VECTOR('',#2723,1.);
#2723 = DIRECTION('',(0.,0.,1.));
#2724 = ORIENTED_EDGE('',*,*,#1490,.T.);
#2725 = ORIENTED_EDGE('',*,*,#2719,.F.);
#2726 = ORIENTED_EDGE('',*,*,#531,.F.);
#2727 = CYLINDRICAL_SURFACE('',#2728,3.5);
#2728 = AXIS2_PLACEMENT_3D('',#2729,#2730,#2731);
#2729 = CARTESIAN_POINT('',(45.,-21.,0.));
#2730 = DIRECTION('',(-0.,-0.,-1.));
#2731 = DIRECTION('',(1.,0.,-0.));
#2732 = ADVANCED_FACE('',(#2733),#2744,.F.);
#2733 = FACE_BOUND('',#2734,.T.);
#2734 = EDGE_LOOP('',(#2735,#2736,#2742,#2743));
#2735 = ORIENTED_EDGE('',*,*,#542,.T.);
#2736 = ORIENTED_EDGE('',*,*,#2737,.T.);
#2737 = EDGE_CURVE('',#543,#1502,#2738,.T.);
#2738 = LINE('',#2739,#2740);
#2739 = CARTESIAN_POINT('',(30.,-9.425,-4.6E-02));
#2740 = VECTOR('',#2741,1.);
#2741 = DIRECTION('',(0.,0.,1.));
#2742 = ORIENTED_EDGE('',*,*,#1501,.F.);
#2743 = ORIENTED_EDGE('',*,*,#2737,.F.);
#2744 = CYLINDRICAL_SURFACE('',#2745,0.55);
#2745 = AXIS2_PLACEMENT_3D('',#2746,#2747,#2748);
#2746 = CARTESIAN_POINT('',(30.,-8.875,-4.6E-02));
#2747 = DIRECTION('',(-0.,-0.,-1.));
#2748 = DIRECTION('',(-0.,-1.,0.));
#2749 = ADVANCED_FACE('',(#2750),#2761,.F.);
#2750 = FACE_BOUND('',#2751,.T.);
#2751 = EDGE_LOOP('',(#2752,#2753,#2759,#2760));
#2752 = ORIENTED_EDGE('',*,*,#553,.T.);
#2753 = ORIENTED_EDGE('',*,*,#2754,.T.);
#2754 = EDGE_CURVE('',#554,#1513,#2755,.T.);
#2755 = LINE('',#2756,#2757);
#2756 = CARTESIAN_POINT('',(36.5,-9.425,-4.6E-02));
#2757 = VECTOR('',#2758,1.);
#2758 = DIRECTION('',(0.,0.,1.));
#2759 = ORIENTED_EDGE('',*,*,#1512,.F.);
#2760 = ORIENTED_EDGE('',*,*,#2754,.F.);
#2761 = CYLINDRICAL_SURFACE('',#2762,0.55);
#2762 = AXIS2_PLACEMENT_3D('',#2763,#2764,#2765);
#2763 = CARTESIAN_POINT('',(36.5,-8.875,-4.6E-02));
#2764 = DIRECTION('',(-0.,-0.,-1.));
#2765 = DIRECTION('',(-0.,-1.,0.));
#2766 = ADVANCED_FACE('',(#2767),#2778,.F.);
#2767 = FACE_BOUND('',#2768,.T.);
#2768 = EDGE_LOOP('',(#2769,#2770,#2776,#2777));
#2769 = ORIENTED_EDGE('',*,*,#564,.T.);
#2770 = ORIENTED_EDGE('',*,*,#2771,.T.);
#2771 = EDGE_CURVE('',#565,#1524,#2772,.T.);
#2772 = LINE('',#2773,#2774);
#2773 = CARTESIAN_POINT('',(30.,-4.925,-4.6E-02));
#2774 = VECTOR('',#2775,1.);
#2775 = DIRECTION('',(0.,0.,1.));
#2776 = ORIENTED_EDGE('',*,*,#1523,.F.);
#2777 = ORIENTED_EDGE('',*,*,#2771,.F.);
#2778 = CYLINDRICAL_SURFACE('',#2779,0.55);
#2779 = AXIS2_PLACEMENT_3D('',#2780,#2781,#2782);
#2780 = CARTESIAN_POINT('',(30.,-4.375,-4.6E-02));
#2781 = DIRECTION('',(-0.,-0.,-1.));
#2782 = DIRECTION('',(-0.,-1.,0.));
#2783 = ADVANCED_FACE('',(#2784),#2795,.F.);
#2784 = FACE_BOUND('',#2785,.T.);
#2785 = EDGE_LOOP('',(#2786,#2787,#2793,#2794));
#2786 = ORIENTED_EDGE('',*,*,#575,.T.);
#2787 = ORIENTED_EDGE('',*,*,#2788,.T.);
#2788 = EDGE_CURVE('',#576,#1535,#2789,.T.);
#2789 = LINE('',#2790,#2791);
#2790 = CARTESIAN_POINT('',(36.5,-4.925,-4.6E-02));
#2791 = VECTOR('',#2792,1.);
#2792 = DIRECTION('',(0.,0.,1.));
#2793 = ORIENTED_EDGE('',*,*,#1534,.F.);
#2794 = ORIENTED_EDGE('',*,*,#2788,.F.);
#2795 = CYLINDRICAL_SURFACE('',#2796,0.55);
#2796 = AXIS2_PLACEMENT_3D('',#2797,#2798,#2799);
#2797 = CARTESIAN_POINT('',(36.5,-4.375,-4.6E-02));
#2798 = DIRECTION('',(-0.,-0.,-1.));
#2799 = DIRECTION('',(-0.,-1.,0.));
#2800 = ADVANCED_FACE('',(#2801),#2812,.F.);
#2801 = FACE_BOUND('',#2802,.T.);
#2802 = EDGE_LOOP('',(#2803,#2804,#2810,#2811));
#2803 = ORIENTED_EDGE('',*,*,#586,.T.);
#2804 = ORIENTED_EDGE('',*,*,#2805,.T.);
#2805 = EDGE_CURVE('',#587,#1546,#2806,.T.);
#2806 = LINE('',#2807,#2808);
#2807 = CARTESIAN_POINT('',(-47.,0.575,-4.6E-02));
#2808 = VECTOR('',#2809,1.);
#2809 = DIRECTION('',(0.,0.,1.));
#2810 = ORIENTED_EDGE('',*,*,#1545,.F.);
#2811 = ORIENTED_EDGE('',*,*,#2805,.F.);
#2812 = CYLINDRICAL_SURFACE('',#2813,0.55);
#2813 = AXIS2_PLACEMENT_3D('',#2814,#2815,#2816);
#2814 = CARTESIAN_POINT('',(-47.,1.125,-4.6E-02));
#2815 = DIRECTION('',(-0.,-0.,-1.));
#2816 = DIRECTION('',(-0.,-1.,0.));
#2817 = ADVANCED_FACE('',(#2818),#2829,.F.);
#2818 = FACE_BOUND('',#2819,.T.);
#2819 = EDGE_LOOP('',(#2820,#2821,#2827,#2828));
#2820 = ORIENTED_EDGE('',*,*,#597,.T.);
#2821 = ORIENTED_EDGE('',*,*,#2822,.T.);
#2822 = EDGE_CURVE('',#598,#1557,#2823,.T.);
#2823 = LINE('',#2824,#2825);
#2824 = CARTESIAN_POINT('',(-40.5,0.575,-4.6E-02));
#2825 = VECTOR('',#2826,1.);
#2826 = DIRECTION('',(0.,0.,1.));
#2827 = ORIENTED_EDGE('',*,*,#1556,.F.);
#2828 = ORIENTED_EDGE('',*,*,#2822,.F.);
#2829 = CYLINDRICAL_SURFACE('',#2830,0.55);
#2830 = AXIS2_PLACEMENT_3D('',#2831,#2832,#2833);
#2831 = CARTESIAN_POINT('',(-40.5,1.125,-4.6E-02));
#2832 = DIRECTION('',(-0.,-0.,-1.));
#2833 = DIRECTION('',(-0.,-1.,0.));
#2834 = ADVANCED_FACE('',(#2835),#2846,.F.);
#2835 = FACE_BOUND('',#2836,.T.);
#2836 = EDGE_LOOP('',(#2837,#2838,#2844,#2845));
#2837 = ORIENTED_EDGE('',*,*,#608,.T.);
#2838 = ORIENTED_EDGE('',*,*,#2839,.T.);
#2839 = EDGE_CURVE('',#609,#1568,#2840,.T.);
#2840 = LINE('',#2841,#2842);
#2841 = CARTESIAN_POINT('',(-47.,5.075,-4.6E-02));
#2842 = VECTOR('',#2843,1.);
#2843 = DIRECTION('',(0.,0.,1.));
#2844 = ORIENTED_EDGE('',*,*,#1567,.F.);
#2845 = ORIENTED_EDGE('',*,*,#2839,.F.);
#2846 = CYLINDRICAL_SURFACE('',#2847,0.55);
#2847 = AXIS2_PLACEMENT_3D('',#2848,#2849,#2850);
#2848 = CARTESIAN_POINT('',(-47.,5.625,-4.6E-02));
#2849 = DIRECTION('',(-0.,-0.,-1.));
#2850 = DIRECTION('',(-0.,-1.,0.));
#2851 = ADVANCED_FACE('',(#2852),#2863,.F.);
#2852 = FACE_BOUND('',#2853,.T.);
#2853 = EDGE_LOOP('',(#2854,#2855,#2861,#2862));
#2854 = ORIENTED_EDGE('',*,*,#619,.T.);
#2855 = ORIENTED_EDGE('',*,*,#2856,.T.);
#2856 = EDGE_CURVE('',#620,#1579,#2857,.T.);
#2857 = LINE('',#2858,#2859);
#2858 = CARTESIAN_POINT('',(-40.5,5.075,-4.6E-02));
#2859 = VECTOR('',#2860,1.);
#2860 = DIRECTION('',(0.,0.,1.));
#2861 = ORIENTED_EDGE('',*,*,#1578,.F.);
#2862 = ORIENTED_EDGE('',*,*,#2856,.F.);
#2863 = CYLINDRICAL_SURFACE('',#2864,0.55);
#2864 = AXIS2_PLACEMENT_3D('',#2865,#2866,#2867);
#2865 = CARTESIAN_POINT('',(-40.5,5.625,-4.6E-02));
#2866 = DIRECTION('',(-0.,-0.,-1.));
#2867 = DIRECTION('',(-0.,-1.,0.));
#2868 = ADVANCED_FACE('',(#2869),#2880,.F.);
#2869 = FACE_BOUND('',#2870,.T.);
#2870 = EDGE_LOOP('',(#2871,#2872,#2878,#2879));
#2871 = ORIENTED_EDGE('',*,*,#630,.T.);
#2872 = ORIENTED_EDGE('',*,*,#2873,.T.);
#2873 = EDGE_CURVE('',#631,#1590,#2874,.T.);
#2874 = LINE('',#2875,#2876);
#2875 = CARTESIAN_POINT('',(-26.,0.575,-4.6E-02));
#2876 = VECTOR('',#2877,1.);
#2877 = DIRECTION('',(0.,0.,1.));
#2878 = ORIENTED_EDGE('',*,*,#1589,.F.);
#2879 = ORIENTED_EDGE('',*,*,#2873,.F.);
#2880 = CYLINDRICAL_SURFACE('',#2881,0.55);
#2881 = AXIS2_PLACEMENT_3D('',#2882,#2883,#2884);
#2882 = CARTESIAN_POINT('',(-26.,1.125,-4.6E-02));
#2883 = DIRECTION('',(-0.,-0.,-1.));
#2884 = DIRECTION('',(-0.,-1.,0.));
#2885 = ADVANCED_FACE('',(#2886),#2897,.F.);
#2886 = FACE_BOUND('',#2887,.T.);
#2887 = EDGE_LOOP('',(#2888,#2889,#2895,#2896));
#2888 = ORIENTED_EDGE('',*,*,#641,.T.);
#2889 = ORIENTED_EDGE('',*,*,#2890,.T.);
#2890 = EDGE_CURVE('',#642,#1601,#2891,.T.);
#2891 = LINE('',#2892,#2893);
#2892 = CARTESIAN_POINT('',(-26.,5.075,-4.6E-02));
#2893 = VECTOR('',#2894,1.);
#2894 = DIRECTION('',(0.,0.,1.));
#2895 = ORIENTED_EDGE('',*,*,#1600,.F.);
#2896 = ORIENTED_EDGE('',*,*,#2890,.F.);
#2897 = CYLINDRICAL_SURFACE('',#2898,0.55);
#2898 = AXIS2_PLACEMENT_3D('',#2899,#2900,#2901);
#2899 = CARTESIAN_POINT('',(-26.,5.625,-4.6E-02));
#2900 = DIRECTION('',(-0.,-0.,-1.));
#2901 = DIRECTION('',(-0.,-1.,0.));
#2902 = ADVANCED_FACE('',(#2903),#2914,.F.);
#2903 = FACE_BOUND('',#2904,.T.);
#2904 = EDGE_LOOP('',(#2905,#2906,#2912,#2913));
#2905 = ORIENTED_EDGE('',*,*,#652,.T.);
#2906 = ORIENTED_EDGE('',*,*,#2907,.T.);
#2907 = EDGE_CURVE('',#653,#1612,#2908,.T.);
#2908 = LINE('',#2909,#2910);
#2909 = CARTESIAN_POINT('',(-36.5,10.575,-4.6E-02));
#2910 = VECTOR('',#2911,1.);
#2911 = DIRECTION('',(0.,0.,1.));
#2912 = ORIENTED_EDGE('',*,*,#1611,.F.);
#2913 = ORIENTED_EDGE('',*,*,#2907,.F.);
#2914 = CYLINDRICAL_SURFACE('',#2915,0.55);
#2915 = AXIS2_PLACEMENT_3D('',#2916,#2917,#2918);
#2916 = CARTESIAN_POINT('',(-36.5,11.125,-4.6E-02));
#2917 = DIRECTION('',(-0.,-0.,-1.));
#2918 = DIRECTION('',(-0.,-1.,0.));
#2919 = ADVANCED_FACE('',(#2920),#2931,.F.);
#2920 = FACE_BOUND('',#2921,.T.);
#2921 = EDGE_LOOP('',(#2922,#2923,#2929,#2930));
#2922 = ORIENTED_EDGE('',*,*,#663,.T.);
#2923 = ORIENTED_EDGE('',*,*,#2924,.T.);
#2924 = EDGE_CURVE('',#664,#1623,#2925,.T.);
#2925 = LINE('',#2926,#2927);
#2926 = CARTESIAN_POINT('',(-30.,10.575,-4.6E-02));
#2927 = VECTOR('',#2928,1.);
#2928 = DIRECTION('',(0.,0.,1.));
#2929 = ORIENTED_EDGE('',*,*,#1622,.F.);
#2930 = ORIENTED_EDGE('',*,*,#2924,.F.);
#2931 = CYLINDRICAL_SURFACE('',#2932,0.55);
#2932 = AXIS2_PLACEMENT_3D('',#2933,#2934,#2935);
#2933 = CARTESIAN_POINT('',(-30.,11.125,-4.6E-02));
#2934 = DIRECTION('',(-0.,-0.,-1.));
#2935 = DIRECTION('',(-0.,-1.,0.));
#2936 = ADVANCED_FACE('',(#2937),#2948,.F.);
#2937 = FACE_BOUND('',#2938,.T.);
#2938 = EDGE_LOOP('',(#2939,#2940,#2946,#2947));
#2939 = ORIENTED_EDGE('',*,*,#674,.T.);
#2940 = ORIENTED_EDGE('',*,*,#2941,.T.);
#2941 = EDGE_CURVE('',#675,#1634,#2942,.T.);
#2942 = LINE('',#2943,#2944);
#2943 = CARTESIAN_POINT('',(-19.5,0.575,-4.6E-02));
#2944 = VECTOR('',#2945,1.);
#2945 = DIRECTION('',(0.,0.,1.));
#2946 = ORIENTED_EDGE('',*,*,#1633,.F.);
#2947 = ORIENTED_EDGE('',*,*,#2941,.F.);
#2948 = CYLINDRICAL_SURFACE('',#2949,0.55);
#2949 = AXIS2_PLACEMENT_3D('',#2950,#2951,#2952);
#2950 = CARTESIAN_POINT('',(-19.5,1.125,-4.6E-02));
#2951 = DIRECTION('',(-0.,-0.,-1.));
#2952 = DIRECTION('',(-0.,-1.,0.));
#2953 = ADVANCED_FACE('',(#2954),#2965,.F.);
#2954 = FACE_BOUND('',#2955,.T.);
#2955 = EDGE_LOOP('',(#2956,#2957,#2963,#2964));
#2956 = ORIENTED_EDGE('',*,*,#685,.T.);
#2957 = ORIENTED_EDGE('',*,*,#2958,.T.);
#2958 = EDGE_CURVE('',#686,#1645,#2959,.T.);
#2959 = LINE('',#2960,#2961);
#2960 = CARTESIAN_POINT('',(-19.5,5.075,-4.6E-02));
#2961 = VECTOR('',#2962,1.);
#2962 = DIRECTION('',(0.,0.,1.));
#2963 = ORIENTED_EDGE('',*,*,#1644,.F.);
#2964 = ORIENTED_EDGE('',*,*,#2958,.F.);
#2965 = CYLINDRICAL_SURFACE('',#2966,0.55);
#2966 = AXIS2_PLACEMENT_3D('',#2967,#2968,#2969);
#2967 = CARTESIAN_POINT('',(-19.5,5.625,-4.6E-02));
#2968 = DIRECTION('',(-0.,-0.,-1.));
#2969 = DIRECTION('',(-0.,-1.,0.));
#2970 = ADVANCED_FACE('',(#2971),#2982,.F.);
#2971 = FACE_BOUND('',#2972,.T.);
#2972 = EDGE_LOOP('',(#2973,#2974,#2980,#2981));
#2973 = ORIENTED_EDGE('',*,*,#696,.T.);
#2974 = ORIENTED_EDGE('',*,*,#2975,.T.);
#2975 = EDGE_CURVE('',#697,#1656,#2976,.T.);
#2976 = LINE('',#2977,#2978);
#2977 = CARTESIAN_POINT('',(-36.5,15.075,-4.6E-02));
#2978 = VECTOR('',#2979,1.);
#2979 = DIRECTION('',(0.,0.,1.));
#2980 = ORIENTED_EDGE('',*,*,#1655,.F.);
#2981 = ORIENTED_EDGE('',*,*,#2975,.F.);
#2982 = CYLINDRICAL_SURFACE('',#2983,0.55);
#2983 = AXIS2_PLACEMENT_3D('',#2984,#2985,#2986);
#2984 = CARTESIAN_POINT('',(-36.5,15.625,-4.6E-02));
#2985 = DIRECTION('',(-0.,-0.,-1.));
#2986 = DIRECTION('',(-0.,-1.,0.));
#2987 = ADVANCED_FACE('',(#2988),#2999,.F.);
#2988 = FACE_BOUND('',#2989,.T.);
#2989 = EDGE_LOOP('',(#2990,#2991,#2997,#2998));
#2990 = ORIENTED_EDGE('',*,*,#707,.T.);
#2991 = ORIENTED_EDGE('',*,*,#2992,.T.);
#2992 = EDGE_CURVE('',#708,#1667,#2993,.T.);
#2993 = LINE('',#2994,#2995);
#2994 = CARTESIAN_POINT('',(-30.,15.075,-4.6E-02));
#2995 = VECTOR('',#2996,1.);
#2996 = DIRECTION('',(0.,0.,1.));
#2997 = ORIENTED_EDGE('',*,*,#1666,.F.);
#2998 = ORIENTED_EDGE('',*,*,#2992,.F.);
#2999 = CYLINDRICAL_SURFACE('',#3000,0.55);
#3000 = AXIS2_PLACEMENT_3D('',#3001,#3002,#3003);
#3001 = CARTESIAN_POINT('',(-30.,15.625,-4.6E-02));
#3002 = DIRECTION('',(-0.,-0.,-1.));
#3003 = DIRECTION('',(-0.,-1.,0.));
#3004 = ADVANCED_FACE('',(#3005),#3016,.F.);
#3005 = FACE_BOUND('',#3006,.T.);
#3006 = EDGE_LOOP('',(#3007,#3013,#3014,#3015));
#3007 = ORIENTED_EDGE('',*,*,#3008,.T.);
#3008 = EDGE_CURVE('',#719,#1678,#3009,.T.);
#3009 = LINE('',#3010,#3011);
#3010 = CARTESIAN_POINT('',(-41.5,21.,0.));
#3011 = VECTOR('',#3012,1.);
#3012 = DIRECTION('',(0.,0.,1.));
#3013 = ORIENTED_EDGE('',*,*,#1677,.T.);
#3014 = ORIENTED_EDGE('',*,*,#3008,.F.);
#3015 = ORIENTED_EDGE('',*,*,#718,.F.);
#3016 = CYLINDRICAL_SURFACE('',#3017,3.5);
#3017 = AXIS2_PLACEMENT_3D('',#3018,#3019,#3020);
#3018 = CARTESIAN_POINT('',(-45.,21.,0.));
#3019 = DIRECTION('',(-0.,-0.,-1.));
#3020 = DIRECTION('',(1.,0.,-0.));
#3021 = ADVANCED_FACE('',(#3022),#3033,.F.);
#3022 = FACE_BOUND('',#3023,.T.);
#3023 = EDGE_LOOP('',(#3024,#3030,#3031,#3032));
#3024 = ORIENTED_EDGE('',*,*,#3025,.T.);
#3025 = EDGE_CURVE('',#730,#1689,#3026,.T.);
#3026 = LINE('',#3027,#3028);
#3027 = CARTESIAN_POINT('',(-12.25,23.25,0.));
#3028 = VECTOR('',#3029,1.);
#3029 = DIRECTION('',(0.,0.,1.));
#3030 = ORIENTED_EDGE('',*,*,#1688,.T.);
#3031 = ORIENTED_EDGE('',*,*,#3025,.F.);
#3032 = ORIENTED_EDGE('',*,*,#729,.F.);
#3033 = CYLINDRICAL_SURFACE('',#3034,1.25);
#3034 = AXIS2_PLACEMENT_3D('',#3035,#3036,#3037);
#3035 = CARTESIAN_POINT('',(-13.5,23.25,0.));
#3036 = DIRECTION('',(-0.,-0.,-1.));
#3037 = DIRECTION('',(1.,0.,-0.));
#3038 = ADVANCED_FACE('',(#3039),#3050,.F.);
#3039 = FACE_BOUND('',#3040,.T.);
#3040 = EDGE_LOOP('',(#3041,#3042,#3048,#3049));
#3041 = ORIENTED_EDGE('',*,*,#740,.T.);
#3042 = ORIENTED_EDGE('',*,*,#3043,.T.);
#3043 = EDGE_CURVE('',#741,#1700,#3044,.T.);
#3044 = LINE('',#3045,#3046);
#3045 = CARTESIAN_POINT('',(-8.89,23.75,-4.6E-02));
#3046 = VECTOR('',#3047,1.);
#3047 = DIRECTION('',(0.,0.,1.));
#3048 = ORIENTED_EDGE('',*,*,#1699,.F.);
#3049 = ORIENTED_EDGE('',*,*,#3043,.F.);
#3050 = CYLINDRICAL_SURFACE('',#3051,0.5);
#3051 = AXIS2_PLACEMENT_3D('',#3052,#3053,#3054);
#3052 = CARTESIAN_POINT('',(-8.89,24.25,-4.6E-02));
#3053 = DIRECTION('',(-0.,-0.,-1.));
#3054 = DIRECTION('',(-0.,-1.,0.));
#3055 = ADVANCED_FACE('',(#3056),#3067,.F.);
#3056 = FACE_BOUND('',#3057,.T.);
#3057 = EDGE_LOOP('',(#3058,#3059,#3065,#3066));
#3058 = ORIENTED_EDGE('',*,*,#751,.T.);
#3059 = ORIENTED_EDGE('',*,*,#3060,.T.);
#3060 = EDGE_CURVE('',#752,#1711,#3061,.T.);
#3061 = LINE('',#3062,#3063);
#3062 = CARTESIAN_POINT('',(-6.35,23.75,-4.6E-02));
#3063 = VECTOR('',#3064,1.);
#3064 = DIRECTION('',(0.,0.,1.));
#3065 = ORIENTED_EDGE('',*,*,#1710,.F.);
#3066 = ORIENTED_EDGE('',*,*,#3060,.F.);
#3067 = CYLINDRICAL_SURFACE('',#3068,0.5);
#3068 = AXIS2_PLACEMENT_3D('',#3069,#3070,#3071);
#3069 = CARTESIAN_POINT('',(-6.35,24.25,-4.6E-02));
#3070 = DIRECTION('',(-0.,-0.,-1.));
#3071 = DIRECTION('',(-0.,-1.,0.));
#3072 = ADVANCED_FACE('',(#3073),#3084,.F.);
#3073 = FACE_BOUND('',#3074,.T.);
#3074 = EDGE_LOOP('',(#3075,#3076,#3082,#3083));
#3075 = ORIENTED_EDGE('',*,*,#762,.T.);
#3076 = ORIENTED_EDGE('',*,*,#3077,.T.);
#3077 = EDGE_CURVE('',#763,#1722,#3078,.T.);
#3078 = LINE('',#3079,#3080);
#3079 = CARTESIAN_POINT('',(-3.81,23.75,-4.6E-02));
#3080 = VECTOR('',#3081,1.);
#3081 = DIRECTION('',(0.,0.,1.));
#3082 = ORIENTED_EDGE('',*,*,#1721,.F.);
#3083 = ORIENTED_EDGE('',*,*,#3077,.F.);
#3084 = CYLINDRICAL_SURFACE('',#3085,0.5);
#3085 = AXIS2_PLACEMENT_3D('',#3086,#3087,#3088);
#3086 = CARTESIAN_POINT('',(-3.81,24.25,-4.6E-02));
#3087 = DIRECTION('',(-0.,-0.,-1.));
#3088 = DIRECTION('',(-8.881784197001E-16,-1.,0.));
#3089 = ADVANCED_FACE('',(#3090),#3101,.F.);
#3090 = FACE_BOUND('',#3091,.T.);
#3091 = EDGE_LOOP('',(#3092,#3093,#3099,#3100));
#3092 = ORIENTED_EDGE('',*,*,#773,.T.);
#3093 = ORIENTED_EDGE('',*,*,#3094,.T.);
#3094 = EDGE_CURVE('',#774,#1733,#3095,.T.);
#3095 = LINE('',#3096,#3097);
#3096 = CARTESIAN_POINT('',(-1.27,23.75,-4.6E-02));
#3097 = VECTOR('',#3098,1.);
#3098 = DIRECTION('',(0.,0.,1.));
#3099 = ORIENTED_EDGE('',*,*,#1732,.F.);
#3100 = ORIENTED_EDGE('',*,*,#3094,.F.);
#3101 = CYLINDRICAL_SURFACE('',#3102,0.5);
#3102 = AXIS2_PLACEMENT_3D('',#3103,#3104,#3105);
#3103 = CARTESIAN_POINT('',(-1.27,24.25,-4.6E-02));
#3104 = DIRECTION('',(-0.,-0.,-1.));
#3105 = DIRECTION('',(-0.,-1.,0.));
#3106 = ADVANCED_FACE('',(#3107),#3123,.F.);
#3107 = FACE_BOUND('',#3108,.T.);
#3108 = EDGE_LOOP('',(#3109,#3115,#3116,#3122));
#3109 = ORIENTED_EDGE('',*,*,#3110,.T.);
#3110 = EDGE_CURVE('',#785,#1744,#3111,.T.);
#3111 = LINE('',#3112,#3113);
#3112 = CARTESIAN_POINT('',(-9.,16.,0.));
#3113 = VECTOR('',#3114,1.);
#3114 = DIRECTION('',(0.,0.,1.));
#3115 = ORIENTED_EDGE('',*,*,#1743,.T.);
#3116 = ORIENTED_EDGE('',*,*,#3117,.F.);
#3117 = EDGE_CURVE('',#787,#1746,#3118,.T.);
#3118 = LINE('',#3119,#3120);
#3119 = CARTESIAN_POINT('',(-12.,13.,0.));
#3120 = VECTOR('',#3121,1.);
#3121 = DIRECTION('',(0.,0.,1.));
#3122 = ORIENTED_EDGE('',*,*,#784,.F.);
#3123 = CYLINDRICAL_SURFACE('',#3124,3.000001172987);
#3124 = AXIS2_PLACEMENT_3D('',#3125,#3126,#3127);
#3125 = CARTESIAN_POINT('',(-8.999998827013,12.999998827013,0.));
#3126 = DIRECTION('',(-0.,-0.,-1.));
#3127 = DIRECTION('',(-3.909953610143E-07,1.,0.));
#3128 = ADVANCED_FACE('',(#3129),#3140,.T.);
#3129 = FACE_BOUND('',#3130,.T.);
#3130 = EDGE_LOOP('',(#3131,#3137,#3138,#3139));
#3131 = ORIENTED_EDGE('',*,*,#3132,.T.);
#3132 = EDGE_CURVE('',#796,#1755,#3133,.T.);
#3133 = LINE('',#3134,#3135);
#3134 = CARTESIAN_POINT('',(9.,16.,0.));
#3135 = VECTOR('',#3136,1.);
#3136 = DIRECTION('',(0.,0.,1.));
#3137 = ORIENTED_EDGE('',*,*,#1754,.T.);
#3138 = ORIENTED_EDGE('',*,*,#3110,.F.);
#3139 = ORIENTED_EDGE('',*,*,#795,.F.);
#3140 = PLANE('',#3141);
#3141 = AXIS2_PLACEMENT_3D('',#3142,#3143,#3144);
#3142 = CARTESIAN_POINT('',(9.,16.,0.));
#3143 = DIRECTION('',(0.,-1.,0.));
#3144 = DIRECTION('',(-1.,0.,0.));
#3145 = ADVANCED_FACE('',(#3146),#3157,.T.);
#3146 = FACE_BOUND('',#3147,.T.);
#3147 = EDGE_LOOP('',(#3148,#3149,#3150,#3156));
#3148 = ORIENTED_EDGE('',*,*,#3117,.T.);
#3149 = ORIENTED_EDGE('',*,*,#1805,.T.);
#3150 = ORIENTED_EDGE('',*,*,#3151,.F.);
#3151 = EDGE_CURVE('',#838,#1797,#3152,.T.);
#3152 = LINE('',#3153,#3154);
#3153 = CARTESIAN_POINT('',(-12.,-8.,0.));
#3154 = VECTOR('',#3155,1.);
#3155 = DIRECTION('',(0.,0.,1.));
#3156 = ORIENTED_EDGE('',*,*,#846,.F.);
#3157 = PLANE('',#3158);
#3158 = AXIS2_PLACEMENT_3D('',#3159,#3160,#3161);
#3159 = CARTESIAN_POINT('',(-12.,13.,0.));
#3160 = DIRECTION('',(1.,0.,-0.));
#3161 = DIRECTION('',(0.,-1.,0.));
#3162 = ADVANCED_FACE('',(#3163),#3174,.F.);
#3163 = FACE_BOUND('',#3164,.T.);
#3164 = EDGE_LOOP('',(#3165,#3171,#3172,#3173));
#3165 = ORIENTED_EDGE('',*,*,#3166,.T.);
#3166 = EDGE_CURVE('',#804,#1763,#3167,.T.);
#3167 = LINE('',#3168,#3169);
#3168 = CARTESIAN_POINT('',(12.,13.,0.));
#3169 = VECTOR('',#3170,1.);
#3170 = DIRECTION('',(0.,0.,1.));
#3171 = ORIENTED_EDGE('',*,*,#1762,.T.);
#3172 = ORIENTED_EDGE('',*,*,#3132,.F.);
#3173 = ORIENTED_EDGE('',*,*,#803,.F.);
#3174 = CYLINDRICAL_SURFACE('',#3175,3.000001172987);
#3175 = AXIS2_PLACEMENT_3D('',#3176,#3177,#3178);
#3176 = CARTESIAN_POINT('',(8.999998827013,12.999998827013,0.));
#3177 = DIRECTION('',(-0.,-0.,-1.));
#3178 = DIRECTION('',(1.,3.909953616065E-07,-0.));
#3179 = ADVANCED_FACE('',(#3180),#3191,.F.);
#3180 = FACE_BOUND('',#3181,.T.);
#3181 = EDGE_LOOP('',(#3182,#3183,#3184,#3190));
#3182 = ORIENTED_EDGE('',*,*,#3151,.T.);
#3183 = ORIENTED_EDGE('',*,*,#1796,.T.);
#3184 = ORIENTED_EDGE('',*,*,#3185,.F.);
#3185 = EDGE_CURVE('',#830,#1789,#3186,.T.);
#3186 = LINE('',#3187,#3188);
#3187 = CARTESIAN_POINT('',(-9.,-11.,0.));
#3188 = VECTOR('',#3189,1.);
#3189 = DIRECTION('',(0.,0.,1.));
#3190 = ORIENTED_EDGE('',*,*,#837,.F.);
#3191 = CYLINDRICAL_SURFACE('',#3192,3.000001172987);
#3192 = AXIS2_PLACEMENT_3D('',#3193,#3194,#3195);
#3193 = CARTESIAN_POINT('',(-8.999998827013,-7.999998827013,0.));
#3194 = DIRECTION('',(-0.,-0.,-1.));
#3195 = DIRECTION('',(-1.,-3.909953616065E-07,0.));
#3196 = ADVANCED_FACE('',(#3197),#3208,.T.);
#3197 = FACE_BOUND('',#3198,.T.);
#3198 = EDGE_LOOP('',(#3199,#3205,#3206,#3207));
#3199 = ORIENTED_EDGE('',*,*,#3200,.T.);
#3200 = EDGE_CURVE('',#813,#1772,#3201,.T.);
#3201 = LINE('',#3202,#3203);
#3202 = CARTESIAN_POINT('',(12.,-8.,0.));
#3203 = VECTOR('',#3204,1.);
#3204 = DIRECTION('',(0.,0.,1.));
#3205 = ORIENTED_EDGE('',*,*,#1771,.T.);
#3206 = ORIENTED_EDGE('',*,*,#3166,.F.);
#3207 = ORIENTED_EDGE('',*,*,#812,.F.);
#3208 = PLANE('',#3209);
#3209 = AXIS2_PLACEMENT_3D('',#3210,#3211,#3212);
#3210 = CARTESIAN_POINT('',(12.,-8.,0.));
#3211 = DIRECTION('',(-1.,0.,0.));
#3212 = DIRECTION('',(0.,1.,0.));
#3213 = ADVANCED_FACE('',(#3214),#3225,.T.);
#3214 = FACE_BOUND('',#3215,.T.);
#3215 = EDGE_LOOP('',(#3216,#3217,#3218,#3224));
#3216 = ORIENTED_EDGE('',*,*,#3185,.T.);
#3217 = ORIENTED_EDGE('',*,*,#1788,.T.);
#3218 = ORIENTED_EDGE('',*,*,#3219,.F.);
#3219 = EDGE_CURVE('',#821,#1780,#3220,.T.);
#3220 = LINE('',#3221,#3222);
#3221 = CARTESIAN_POINT('',(9.,-11.,0.));
#3222 = VECTOR('',#3223,1.);
#3223 = DIRECTION('',(0.,0.,1.));
#3224 = ORIENTED_EDGE('',*,*,#829,.F.);
#3225 = PLANE('',#3226);
#3226 = AXIS2_PLACEMENT_3D('',#3227,#3228,#3229);
#3227 = CARTESIAN_POINT('',(-9.,-11.,0.));
#3228 = DIRECTION('',(0.,1.,0.));
#3229 = DIRECTION('',(1.,0.,0.));
#3230 = ADVANCED_FACE('',(#3231),#3237,.F.);
#3231 = FACE_BOUND('',#3232,.T.);
#3232 = EDGE_LOOP('',(#3233,#3234,#3235,#3236));
#3233 = ORIENTED_EDGE('',*,*,#3219,.T.);
#3234 = ORIENTED_EDGE('',*,*,#1779,.T.);
#3235 = ORIENTED_EDGE('',*,*,#3200,.F.);
#3236 = ORIENTED_EDGE('',*,*,#820,.F.);
#3237 = CYLINDRICAL_SURFACE('',#3238,3.000001172987);
#3238 = AXIS2_PLACEMENT_3D('',#3239,#3240,#3241);
#3239 = CARTESIAN_POINT('',(8.999998827013,-7.999998827013,0.));
#3240 = DIRECTION('',(-0.,-0.,-1.));
#3241 = DIRECTION('',(3.909953610143E-07,-1.,0.));
#3242 = ADVANCED_FACE('',(#3243),#3254,.F.);
#3243 = FACE_BOUND('',#3244,.T.);
#3244 = EDGE_LOOP('',(#3245,#3246,#3252,#3253));
#3245 = ORIENTED_EDGE('',*,*,#854,.T.);
#3246 = ORIENTED_EDGE('',*,*,#3247,.T.);
#3247 = EDGE_CURVE('',#855,#1814,#3248,.T.);
#3248 = LINE('',#3249,#3250);
#3249 = CARTESIAN_POINT('',(19.5,0.575,-4.6E-02));
#3250 = VECTOR('',#3251,1.);
#3251 = DIRECTION('',(0.,0.,1.));
#3252 = ORIENTED_EDGE('',*,*,#1813,.F.);
#3253 = ORIENTED_EDGE('',*,*,#3247,.F.);
#3254 = CYLINDRICAL_SURFACE('',#3255,0.55);
#3255 = AXIS2_PLACEMENT_3D('',#3256,#3257,#3258);
#3256 = CARTESIAN_POINT('',(19.5,1.125,-4.6E-02));
#3257 = DIRECTION('',(-0.,-0.,-1.));
#3258 = DIRECTION('',(-0.,-1.,0.));
#3259 = ADVANCED_FACE('',(#3260),#3271,.F.);
#3260 = FACE_BOUND('',#3261,.T.);
#3261 = EDGE_LOOP('',(#3262,#3263,#3269,#3270));
#3262 = ORIENTED_EDGE('',*,*,#865,.T.);
#3263 = ORIENTED_EDGE('',*,*,#3264,.T.);
#3264 = EDGE_CURVE('',#866,#1825,#3265,.T.);
#3265 = LINE('',#3266,#3267);
#3266 = CARTESIAN_POINT('',(19.5,5.075,-4.6E-02));
#3267 = VECTOR('',#3268,1.);
#3268 = DIRECTION('',(0.,0.,1.));
#3269 = ORIENTED_EDGE('',*,*,#1824,.F.);
#3270 = ORIENTED_EDGE('',*,*,#3264,.F.);
#3271 = CYLINDRICAL_SURFACE('',#3272,0.55);
#3272 = AXIS2_PLACEMENT_3D('',#3273,#3274,#3275);
#3273 = CARTESIAN_POINT('',(19.5,5.625,-4.6E-02));
#3274 = DIRECTION('',(-0.,-0.,-1.));
#3275 = DIRECTION('',(-0.,-1.,0.));
#3276 = ADVANCED_FACE('',(#3277),#3288,.F.);
#3277 = FACE_BOUND('',#3278,.T.);
#3278 = EDGE_LOOP('',(#3279,#3280,#3286,#3287));
#3279 = ORIENTED_EDGE('',*,*,#876,.T.);
#3280 = ORIENTED_EDGE('',*,*,#3281,.T.);
#3281 = EDGE_CURVE('',#877,#1836,#3282,.T.);
#3282 = LINE('',#3283,#3284);
#3283 = CARTESIAN_POINT('',(26.,0.575,-4.6E-02));
#3284 = VECTOR('',#3285,1.);
#3285 = DIRECTION('',(0.,0.,1.));
#3286 = ORIENTED_EDGE('',*,*,#1835,.F.);
#3287 = ORIENTED_EDGE('',*,*,#3281,.F.);
#3288 = CYLINDRICAL_SURFACE('',#3289,0.55);
#3289 = AXIS2_PLACEMENT_3D('',#3290,#3291,#3292);
#3290 = CARTESIAN_POINT('',(26.,1.125,-4.6E-02));
#3291 = DIRECTION('',(-0.,-0.,-1.));
#3292 = DIRECTION('',(-0.,-1.,0.));
#3293 = ADVANCED_FACE('',(#3294),#3305,.F.);
#3294 = FACE_BOUND('',#3295,.T.);
#3295 = EDGE_LOOP('',(#3296,#3297,#3303,#3304));
#3296 = ORIENTED_EDGE('',*,*,#887,.T.);
#3297 = ORIENTED_EDGE('',*,*,#3298,.T.);
#3298 = EDGE_CURVE('',#888,#1847,#3299,.T.);
#3299 = LINE('',#3300,#3301);
#3300 = CARTESIAN_POINT('',(26.,5.075,-4.6E-02));
#3301 = VECTOR('',#3302,1.);
#3302 = DIRECTION('',(0.,0.,1.));
#3303 = ORIENTED_EDGE('',*,*,#1846,.F.);
#3304 = ORIENTED_EDGE('',*,*,#3298,.F.);
#3305 = CYLINDRICAL_SURFACE('',#3306,0.55);
#3306 = AXIS2_PLACEMENT_3D('',#3307,#3308,#3309);
#3307 = CARTESIAN_POINT('',(26.,5.625,-4.6E-02));
#3308 = DIRECTION('',(-0.,-0.,-1.));
#3309 = DIRECTION('',(-0.,-1.,0.));
#3310 = ADVANCED_FACE('',(#3311),#3322,.F.);
#3311 = FACE_BOUND('',#3312,.T.);
#3312 = EDGE_LOOP('',(#3313,#3314,#3320,#3321));
#3313 = ORIENTED_EDGE('',*,*,#898,.T.);
#3314 = ORIENTED_EDGE('',*,*,#3315,.T.);
#3315 = EDGE_CURVE('',#899,#1858,#3316,.T.);
#3316 = LINE('',#3317,#3318);
#3317 = CARTESIAN_POINT('',(40.5,0.65,-4.6E-02));
#3318 = VECTOR('',#3319,1.);
#3319 = DIRECTION('',(0.,0.,1.));
#3320 = ORIENTED_EDGE('',*,*,#1857,.F.);
#3321 = ORIENTED_EDGE('',*,*,#3315,.F.);
#3322 = CYLINDRICAL_SURFACE('',#3323,0.55);
#3323 = AXIS2_PLACEMENT_3D('',#3324,#3325,#3326);
#3324 = CARTESIAN_POINT('',(40.5,1.2,-4.6E-02));
#3325 = DIRECTION('',(-0.,-0.,-1.));
#3326 = DIRECTION('',(-0.,-1.,0.));
#3327 = ADVANCED_FACE('',(#3328),#3339,.F.);
#3328 = FACE_BOUND('',#3329,.T.);
#3329 = EDGE_LOOP('',(#3330,#3331,#3337,#3338));
#3330 = ORIENTED_EDGE('',*,*,#909,.T.);
#3331 = ORIENTED_EDGE('',*,*,#3332,.T.);
#3332 = EDGE_CURVE('',#910,#1869,#3333,.T.);
#3333 = LINE('',#3334,#3335);
#3334 = CARTESIAN_POINT('',(47.,0.65,-4.6E-02));
#3335 = VECTOR('',#3336,1.);
#3336 = DIRECTION('',(0.,0.,1.));
#3337 = ORIENTED_EDGE('',*,*,#1868,.F.);
#3338 = ORIENTED_EDGE('',*,*,#3332,.F.);
#3339 = CYLINDRICAL_SURFACE('',#3340,0.55);
#3340 = AXIS2_PLACEMENT_3D('',#3341,#3342,#3343);
#3341 = CARTESIAN_POINT('',(47.,1.2,-4.6E-02));
#3342 = DIRECTION('',(-0.,-0.,-1.));
#3343 = DIRECTION('',(-0.,-1.,0.));
#3344 = ADVANCED_FACE('',(#3345),#3356,.F.);
#3345 = FACE_BOUND('',#3346,.T.);
#3346 = EDGE_LOOP('',(#3347,#3348,#3354,#3355));
#3347 = ORIENTED_EDGE('',*,*,#920,.T.);
#3348 = ORIENTED_EDGE('',*,*,#3349,.T.);
#3349 = EDGE_CURVE('',#921,#1880,#3350,.T.);
#3350 = LINE('',#3351,#3352);
#3351 = CARTESIAN_POINT('',(40.5,5.15,-4.6E-02));
#3352 = VECTOR('',#3353,1.);
#3353 = DIRECTION('',(0.,0.,1.));
#3354 = ORIENTED_EDGE('',*,*,#1879,.F.);
#3355 = ORIENTED_EDGE('',*,*,#3349,.F.);
#3356 = CYLINDRICAL_SURFACE('',#3357,0.55);
#3357 = AXIS2_PLACEMENT_3D('',#3358,#3359,#3360);
#3358 = CARTESIAN_POINT('',(40.5,5.7,-4.6E-02));
#3359 = DIRECTION('',(-0.,-0.,-1.));
#3360 = DIRECTION('',(-0.,-1.,0.));
#3361 = ADVANCED_FACE('',(#3362),#3373,.F.);
#3362 = FACE_BOUND('',#3363,.T.);
#3363 = EDGE_LOOP('',(#3364,#3365,#3371,#3372));
#3364 = ORIENTED_EDGE('',*,*,#931,.T.);
#3365 = ORIENTED_EDGE('',*,*,#3366,.T.);
#3366 = EDGE_CURVE('',#932,#1891,#3367,.T.);
#3367 = LINE('',#3368,#3369);
#3368 = CARTESIAN_POINT('',(47.,5.15,-4.6E-02));
#3369 = VECTOR('',#3370,1.);
#3370 = DIRECTION('',(0.,0.,1.));
#3371 = ORIENTED_EDGE('',*,*,#1890,.F.);
#3372 = ORIENTED_EDGE('',*,*,#3366,.F.);
#3373 = CYLINDRICAL_SURFACE('',#3374,0.55);
#3374 = AXIS2_PLACEMENT_3D('',#3375,#3376,#3377);
#3375 = CARTESIAN_POINT('',(47.,5.7,-4.6E-02));
#3376 = DIRECTION('',(-0.,-0.,-1.));
#3377 = DIRECTION('',(-0.,-1.,0.));
#3378 = ADVANCED_FACE('',(#3379),#3390,.F.);
#3379 = FACE_BOUND('',#3380,.T.);
#3380 = EDGE_LOOP('',(#3381,#3382,#3388,#3389));
#3381 = ORIENTED_EDGE('',*,*,#942,.T.);
#3382 = ORIENTED_EDGE('',*,*,#3383,.T.);
#3383 = EDGE_CURVE('',#943,#1902,#3384,.T.);
#3384 = LINE('',#3385,#3386);
#3385 = CARTESIAN_POINT('',(30.,10.575,-4.6E-02));
#3386 = VECTOR('',#3387,1.);
#3387 = DIRECTION('',(0.,0.,1.));
#3388 = ORIENTED_EDGE('',*,*,#1901,.F.);
#3389 = ORIENTED_EDGE('',*,*,#3383,.F.);
#3390 = CYLINDRICAL_SURFACE('',#3391,0.55);
#3391 = AXIS2_PLACEMENT_3D('',#3392,#3393,#3394);
#3392 = CARTESIAN_POINT('',(30.,11.125,-4.6E-02));
#3393 = DIRECTION('',(-0.,-0.,-1.));
#3394 = DIRECTION('',(-0.,-1.,0.));
#3395 = ADVANCED_FACE('',(#3396),#3407,.F.);
#3396 = FACE_BOUND('',#3397,.T.);
#3397 = EDGE_LOOP('',(#3398,#3399,#3405,#3406));
#3398 = ORIENTED_EDGE('',*,*,#953,.T.);
#3399 = ORIENTED_EDGE('',*,*,#3400,.T.);
#3400 = EDGE_CURVE('',#954,#1913,#3401,.T.);
#3401 = LINE('',#3402,#3403);
#3402 = CARTESIAN_POINT('',(36.5,10.575,-4.6E-02));
#3403 = VECTOR('',#3404,1.);
#3404 = DIRECTION('',(0.,0.,1.));
#3405 = ORIENTED_EDGE('',*,*,#1912,.F.);
#3406 = ORIENTED_EDGE('',*,*,#3400,.F.);
#3407 = CYLINDRICAL_SURFACE('',#3408,0.55);
#3408 = AXIS2_PLACEMENT_3D('',#3409,#3410,#3411);
#3409 = CARTESIAN_POINT('',(36.5,11.125,-4.6E-02));
#3410 = DIRECTION('',(-0.,-0.,-1.));
#3411 = DIRECTION('',(-0.,-1.,0.));
#3412 = ADVANCED_FACE('',(#3413),#3424,.F.);
#3413 = FACE_BOUND('',#3414,.T.);
#3414 = EDGE_LOOP('',(#3415,#3416,#3422,#3423));
#3415 = ORIENTED_EDGE('',*,*,#964,.T.);
#3416 = ORIENTED_EDGE('',*,*,#3417,.T.);
#3417 = EDGE_CURVE('',#965,#1924,#3418,.T.);
#3418 = LINE('',#3419,#3420);
#3419 = CARTESIAN_POINT('',(19.,14.45,-4.6E-02));
#3420 = VECTOR('',#3421,1.);
#3421 = DIRECTION('',(0.,0.,1.));
#3422 = ORIENTED_EDGE('',*,*,#1923,.F.);
#3423 = ORIENTED_EDGE('',*,*,#3417,.F.);
#3424 = CYLINDRICAL_SURFACE('',#3425,0.55);
#3425 = AXIS2_PLACEMENT_3D('',#3426,#3427,#3428);
#3426 = CARTESIAN_POINT('',(19.,15.,-4.6E-02));
#3427 = DIRECTION('',(-0.,-0.,-1.));
#3428 = DIRECTION('',(-0.,-1.,0.));
#3429 = ADVANCED_FACE('',(#3430),#3441,.F.);
#3430 = FACE_BOUND('',#3431,.T.);
#3431 = EDGE_LOOP('',(#3432,#3433,#3439,#3440));
#3432 = ORIENTED_EDGE('',*,*,#975,.T.);
#3433 = ORIENTED_EDGE('',*,*,#3434,.T.);
#3434 = EDGE_CURVE('',#976,#1935,#3435,.T.);
#3435 = LINE('',#3436,#3437);
#3436 = CARTESIAN_POINT('',(1.27,23.75,-4.6E-02));
#3437 = VECTOR('',#3438,1.);
#3438 = DIRECTION('',(0.,0.,1.));
#3439 = ORIENTED_EDGE('',*,*,#1934,.F.);
#3440 = ORIENTED_EDGE('',*,*,#3434,.F.);
#3441 = CYLINDRICAL_SURFACE('',#3442,0.5);
#3442 = AXIS2_PLACEMENT_3D('',#3443,#3444,#3445);
#3443 = CARTESIAN_POINT('',(1.27,24.25,-4.6E-02));
#3444 = DIRECTION('',(-0.,-0.,-1.));
#3445 = DIRECTION('',(-0.,-1.,0.));
#3446 = ADVANCED_FACE('',(#3447),#3458,.F.);
#3447 = FACE_BOUND('',#3448,.T.);
#3448 = EDGE_LOOP('',(#3449,#3450,#3456,#3457));
#3449 = ORIENTED_EDGE('',*,*,#986,.T.);
#3450 = ORIENTED_EDGE('',*,*,#3451,.T.);
#3451 = EDGE_CURVE('',#987,#1946,#3452,.T.);
#3452 = LINE('',#3453,#3454);
#3453 = CARTESIAN_POINT('',(3.81,23.75,-4.6E-02));
#3454 = VECTOR('',#3455,1.);
#3455 = DIRECTION('',(0.,0.,1.));
#3456 = ORIENTED_EDGE('',*,*,#1945,.F.);
#3457 = ORIENTED_EDGE('',*,*,#3451,.F.);
#3458 = CYLINDRICAL_SURFACE('',#3459,0.5);
#3459 = AXIS2_PLACEMENT_3D('',#3460,#3461,#3462);
#3460 = CARTESIAN_POINT('',(3.81,24.25,-4.6E-02));
#3461 = DIRECTION('',(-0.,0.,-1.));
#3462 = DIRECTION('',(8.881784197001E-16,-1.,-0.));
#3463 = ADVANCED_FACE('',(#3464),#3475,.F.);
#3464 = FACE_BOUND('',#3465,.T.);
#3465 = EDGE_LOOP('',(#3466,#3467,#3473,#3474));
#3466 = ORIENTED_EDGE('',*,*,#997,.T.);
#3467 = ORIENTED_EDGE('',*,*,#3468,.T.);
#3468 = EDGE_CURVE('',#998,#1957,#3469,.T.);
#3469 = LINE('',#3470,#3471);
#3470 = CARTESIAN_POINT('',(6.35,23.75,-4.6E-02));
#3471 = VECTOR('',#3472,1.);
#3472 = DIRECTION('',(0.,0.,1.));
#3473 = ORIENTED_EDGE('',*,*,#1956,.F.);
#3474 = ORIENTED_EDGE('',*,*,#3468,.F.);
#3475 = CYLINDRICAL_SURFACE('',#3476,0.5);
#3476 = AXIS2_PLACEMENT_3D('',#3477,#3478,#3479);
#3477 = CARTESIAN_POINT('',(6.35,24.25,-4.6E-02));
#3478 = DIRECTION('',(-0.,-0.,-1.));
#3479 = DIRECTION('',(-0.,-1.,0.));
#3480 = ADVANCED_FACE('',(#3481),#3492,.F.);
#3481 = FACE_BOUND('',#3482,.T.);
#3482 = EDGE_LOOP('',(#3483,#3484,#3490,#3491));
#3483 = ORIENTED_EDGE('',*,*,#1008,.T.);
#3484 = ORIENTED_EDGE('',*,*,#3485,.T.);
#3485 = EDGE_CURVE('',#1009,#1968,#3486,.T.);
#3486 = LINE('',#3487,#3488);
#3487 = CARTESIAN_POINT('',(8.89,23.75,-4.6E-02));
#3488 = VECTOR('',#3489,1.);
#3489 = DIRECTION('',(0.,0.,1.));
#3490 = ORIENTED_EDGE('',*,*,#1967,.F.);
#3491 = ORIENTED_EDGE('',*,*,#3485,.F.);
#3492 = CYLINDRICAL_SURFACE('',#3493,0.5);
#3493 = AXIS2_PLACEMENT_3D('',#3494,#3495,#3496);
#3494 = CARTESIAN_POINT('',(8.89,24.25,-4.6E-02));
#3495 = DIRECTION('',(-0.,-0.,-1.));
#3496 = DIRECTION('',(-0.,-1.,0.));
#3497 = ADVANCED_FACE('',(#3498),#3509,.F.);
#3498 = FACE_BOUND('',#3499,.T.);
#3499 = EDGE_LOOP('',(#3500,#3501,#3507,#3508));
#3500 = ORIENTED_EDGE('',*,*,#1019,.T.);
#3501 = ORIENTED_EDGE('',*,*,#3502,.T.);
#3502 = EDGE_CURVE('',#1020,#1979,#3503,.T.);
#3503 = LINE('',#3504,#3505);
#3504 = CARTESIAN_POINT('',(19.,18.95,-4.6E-02));
#3505 = VECTOR('',#3506,1.);
#3506 = DIRECTION('',(0.,0.,1.));
#3507 = ORIENTED_EDGE('',*,*,#1978,.F.);
#3508 = ORIENTED_EDGE('',*,*,#3502,.F.);
#3509 = CYLINDRICAL_SURFACE('',#3510,0.55);
#3510 = AXIS2_PLACEMENT_3D('',#3511,#3512,#3513);
#3511 = CARTESIAN_POINT('',(19.,19.5,-4.6E-02));
#3512 = DIRECTION('',(-0.,-0.,-1.));
#3513 = DIRECTION('',(-0.,-1.,0.));
#3514 = ADVANCED_FACE('',(#3515),#3526,.F.);
#3515 = FACE_BOUND('',#3516,.T.);
#3516 = EDGE_LOOP('',(#3517,#3523,#3524,#3525));
#3517 = ORIENTED_EDGE('',*,*,#3518,.T.);
#3518 = EDGE_CURVE('',#1031,#1990,#3519,.T.);
#3519 = LINE('',#3520,#3521);
#3520 = CARTESIAN_POINT('',(14.75,23.25,0.));
#3521 = VECTOR('',#3522,1.);
#3522 = DIRECTION('',(0.,0.,1.));
#3523 = ORIENTED_EDGE('',*,*,#1989,.T.);
#3524 = ORIENTED_EDGE('',*,*,#3518,.F.);
#3525 = ORIENTED_EDGE('',*,*,#1030,.F.);
#3526 = CYLINDRICAL_SURFACE('',#3527,1.25);
#3527 = AXIS2_PLACEMENT_3D('',#3528,#3529,#3530);
#3528 = CARTESIAN_POINT('',(13.5,23.25,0.));
#3529 = DIRECTION('',(-0.,-0.,-1.));
#3530 = DIRECTION('',(1.,0.,-0.));
#3531 = ADVANCED_FACE('',(#3532),#3543,.F.);
#3532 = FACE_BOUND('',#3533,.T.);
#3533 = EDGE_LOOP('',(#3534,#3535,#3541,#3542));
#3534 = ORIENTED_EDGE('',*,*,#1041,.T.);
#3535 = ORIENTED_EDGE('',*,*,#3536,.T.);
#3536 = EDGE_CURVE('',#1042,#2001,#3537,.T.);
#3537 = LINE('',#3538,#3539);
#3538 = CARTESIAN_POINT('',(25.5,14.45,-4.6E-02));
#3539 = VECTOR('',#3540,1.);
#3540 = DIRECTION('',(0.,0.,1.));
#3541 = ORIENTED_EDGE('',*,*,#2000,.F.);
#3542 = ORIENTED_EDGE('',*,*,#3536,.F.);
#3543 = CYLINDRICAL_SURFACE('',#3544,0.55);
#3544 = AXIS2_PLACEMENT_3D('',#3545,#3546,#3547);
#3545 = CARTESIAN_POINT('',(25.5,15.,-4.6E-02));
#3546 = DIRECTION('',(-0.,-0.,-1.));
#3547 = DIRECTION('',(-0.,-1.,0.));
#3548 = ADVANCED_FACE('',(#3549),#3560,.F.);
#3549 = FACE_BOUND('',#3550,.T.);
#3550 = EDGE_LOOP('',(#3551,#3552,#3558,#3559));
#3551 = ORIENTED_EDGE('',*,*,#1052,.T.);
#3552 = ORIENTED_EDGE('',*,*,#3553,.T.);
#3553 = EDGE_CURVE('',#1053,#2012,#3554,.T.);
#3554 = LINE('',#3555,#3556);
#3555 = CARTESIAN_POINT('',(30.,15.075,-4.6E-02));
#3556 = VECTOR('',#3557,1.);
#3557 = DIRECTION('',(0.,0.,1.));
#3558 = ORIENTED_EDGE('',*,*,#2011,.F.);
#3559 = ORIENTED_EDGE('',*,*,#3553,.F.);
#3560 = CYLINDRICAL_SURFACE('',#3561,0.55);
#3561 = AXIS2_PLACEMENT_3D('',#3562,#3563,#3564);
#3562 = CARTESIAN_POINT('',(30.,15.625,-4.6E-02));
#3563 = DIRECTION('',(-0.,-0.,-1.));
#3564 = DIRECTION('',(-0.,-1.,0.));
#3565 = ADVANCED_FACE('',(#3566),#3577,.F.);
#3566 = FACE_BOUND('',#3567,.T.);
#3567 = EDGE_LOOP('',(#3568,#3569,#3575,#3576));
#3568 = ORIENTED_EDGE('',*,*,#1063,.T.);
#3569 = ORIENTED_EDGE('',*,*,#3570,.T.);
#3570 = EDGE_CURVE('',#1064,#2023,#3571,.T.);
#3571 = LINE('',#3572,#3573);
#3572 = CARTESIAN_POINT('',(36.5,15.075,-4.6E-02));
#3573 = VECTOR('',#3574,1.);
#3574 = DIRECTION('',(0.,0.,1.));
#3575 = ORIENTED_EDGE('',*,*,#2022,.F.);
#3576 = ORIENTED_EDGE('',*,*,#3570,.F.);
#3577 = CYLINDRICAL_SURFACE('',#3578,0.55);
#3578 = AXIS2_PLACEMENT_3D('',#3579,#3580,#3581);
#3579 = CARTESIAN_POINT('',(36.5,15.625,-4.6E-02));
#3580 = DIRECTION('',(-0.,-0.,-1.));
#3581 = DIRECTION('',(-0.,-1.,0.));
#3582 = ADVANCED_FACE('',(#3583),#3594,.F.);
#3583 = FACE_BOUND('',#3584,.T.);
#3584 = EDGE_LOOP('',(#3585,#3586,#3592,#3593));
#3585 = ORIENTED_EDGE('',*,*,#1074,.T.);
#3586 = ORIENTED_EDGE('',*,*,#3587,.T.);
#3587 = EDGE_CURVE('',#1075,#2034,#3588,.T.);
#3588 = LINE('',#3589,#3590);
#3589 = CARTESIAN_POINT('',(25.5,18.95,-4.6E-02));
#3590 = VECTOR('',#3591,1.);
#3591 = DIRECTION('',(0.,0.,1.));
#3592 = ORIENTED_EDGE('',*,*,#2033,.F.);
#3593 = ORIENTED_EDGE('',*,*,#3587,.F.);
#3594 = CYLINDRICAL_SURFACE('',#3595,0.55);
#3595 = AXIS2_PLACEMENT_3D('',#3596,#3597,#3598);
#3596 = CARTESIAN_POINT('',(25.5,19.5,-4.6E-02));
#3597 = DIRECTION('',(-0.,-0.,-1.));
#3598 = DIRECTION('',(-0.,-1.,0.));
#3599 = ADVANCED_FACE('',(#3600),#3611,.F.);
#3600 = FACE_BOUND('',#3601,.T.);
#3601 = EDGE_LOOP('',(#3602,#3608,#3609,#3610));
#3602 = ORIENTED_EDGE('',*,*,#3603,.T.);
#3603 = EDGE_CURVE('',#1086,#2045,#3604,.T.);
#3604 = LINE('',#3605,#3606);
#3605 = CARTESIAN_POINT('',(48.5,21.,0.));
#3606 = VECTOR('',#3607,1.);
#3607 = DIRECTION('',(0.,0.,1.));
#3608 = ORIENTED_EDGE('',*,*,#2044,.T.);
#3609 = ORIENTED_EDGE('',*,*,#3603,.F.);
#3610 = ORIENTED_EDGE('',*,*,#1085,.F.);
#3611 = CYLINDRICAL_SURFACE('',#3612,3.5);
#3612 = AXIS2_PLACEMENT_3D('',#3613,#3614,#3615);
#3613 = CARTESIAN_POINT('',(45.,21.,0.));
#3614 = DIRECTION('',(-0.,-0.,-1.));
#3615 = DIRECTION('',(1.,0.,-0.));
#3616 = ( GEOMETRIC_REPRESENTATION_CONTEXT(3) 
GLOBAL_UNCERTAINTY_ASSIGNED_CONTEXT((#3620)) 
GLOBAL_UNIT_ASSIGNED_CONTEXT((#3617,#3618,#3619)) REPRESENTATION_CONTEXT
('Context #1','3D Context with UNIT and UNCERTAINTY') );
#3617 = ( LENGTH_UNIT() NAMED_UNIT(*) SI_UNIT(.MILLI.,.METRE.) );
#3618 = ( NAMED_UNIT(*) PLANE_ANGLE_UNIT() SI_UNIT($,.RADIAN.) );
#3619 = ( NAMED_UNIT(*) SI_UNIT($,.STERADIAN.) SOLID_ANGLE_UNIT() );
#3620 = UNCERTAINTY_MEASURE_WITH_UNIT(LENGTH_MEASURE(1.E-07),#3617,
  'distance_accuracy_value','confusion accuracy');
#3621 = CONTEXT_DEPENDENT_SHAPE_REPRESENTATION(#3622,#3624);
#3622 = ( REPRESENTATION_RELATIONSHIP('','',#32,#10) 
REPRESENTATION_RELATIONSHIP_WITH_TRANSFORMATION(#3623) 
SHAPE_REPRESENTATION_RELATIONSHIP() );
#3623 = ITEM_DEFINED_TRANSFORMATION('','',#11,#15);
#3624 = PRODUCT_DEFINITION_SHAPE('Placement','Placement of an item',
  #3625);
#3625 = NEXT_ASSEMBLY_USAGE_OCCURRENCE('1','=>[0:1:1:2]','',#5,#27,$);
#3626 = PRODUCT_RELATED_PRODUCT_CATEGORY('part',$,(#29));
#3627 = MECHANICAL_DESIGN_GEOMETRIC_PRESENTATION_REPRESENTATION('',(
    #3628),#3616);
#3628 = STYLED_ITEM('color',(#3629),#33);
#3629 = PRESENTATION_STYLE_ASSIGNMENT((#3630));
#3630 = SURFACE_STYLE_USAGE(.BOTH.,#3631);
#3631 = SURFACE_SIDE_STYLE('',(#3632));
#3632 = SURFACE_STYLE_FILL_AREA(#3633);
#3633 = FILL_AREA_STYLE('',(#3634));
#3634 = FILL_AREA_STYLE_COLOUR('',#3635);
#3635 = COLOUR_RGB('',0.313304153717,0.484529207832,0.410020903123);
ENDSEC;
END-ISO-10303-21;
